:020000040000FA
:10000000F80A0020290300006103000063030000D8
:1000100065030000670300006903000000000000A2
:100020000000000000000000000000004167000028
:100030006D03000000000000616600009D6D00007F
:10004000F52A0000092B00001D2B0000312B0000B9
:10005000452B0000592B00006D2B0000812B000068
:10006000952B0000A92B0000BD2B0000D12B000018
:10007000E52B0000F92B00000D2C0000212C0000C6
:10008000352C0000492C00005D2C0000712C000074
:10009000852C0000992C0000AD2C0000C12C000024
:1000A000D52C0000E92C0000FD2C0000112D0000D3
:1000B000252D0000392D00004D2D0000612D000080
:1000C000752D00008D2D0000A52D0000BD2D000018
:1000D000D52D0000ED2D0000052E00001D2E000086
:1000E000352E00004D2E0000652E00007D2E0000F4
:1000F000952E0000AD2E0000C52E0000DD2E000064
:10010000F52E00000D2F0000252F00003D2F0000D0
:10011000552F00006D2F0000852F00009D2F00003F
:10012000B52F0000CD2F0000E52F0000FD2F0000AF
:10013000153000002D300000453000005D3000001B
:10014000753000008D300000A5300000BD3000008B
:10015000D5300000ED300000053100001D310000F9
:10016000353100004D310000653100007D31000067
:1001700095310000AD310000C5310000DD310000D7
:10018000F53100000D320000253200003D32000044
:10019000553200006D320000853200009D320000B3
:1001A000B5320000CD320000E5320000FD32000023
:1001B000153300002D330000453300005D3300008F
:1001C000753300008D330000A5330000BD330000FF
:1001D000D5330000ED330000053400001D3400006D
:1001E000353400004D340000653400007D340000DB
:1001F00095340000AD340000C5340000DD3400004B
:10020000F53400000D350000253500003D350000B7
:10021000553500006D350000853500009D35000026
:10022000B5350000CD350000E5350000FD35000096
:10023000153600002D360000453600005D36000002
:1002400075360000A93800002D40000091410000E3
:1002500041460000730300007303000073030000B5
:10026000B1480000654E0000FD5200001557000027
:100270002D5900008D5C00006160000015620000D7
:1002800000F002F800F040F80AA090E8000C824468
:100290008344AAF10107DA4501D100F035F8AFF245
:1002A000090EBAE80F0013F0010F18BFFB1A43F054
:1002B0000103184778C7000098C70000103A24BF10
:1002C00078C878C1FAD8520724BF30C830C144BFBB
:1002D00004680C60704700000023002400250026FD
:1002E000103A28BF78C1FBD8520728BF30C148BF99
:1002F0000B6070471FB50CF077FA9DE8030000F023
:10030000AFF91FBD10B510BD00F03EFA1146FFF762
:10031000F1FF08F071FE00F05CFA03B4FFF7F2FFA2
:1003200003BC00F005FA000015484FF01F01016002
:1003300014484FF07701016013484FF077010160D6
:1003400012484FF4885101600E484FF07601016069
:100350000D484FF0760101600D4880470D48004779
:10036000FEE7FEE7FEE7FEE7FEE7FEE7FEE7FEE765
:10037000FEE7FEE708480949094A0A4B70470000B2
:1003800010080540040805400C0805400008054019
:10039000096F000081020000F8CAFF1FF80A002060
:1003A000F8EAFF1FF8EAFF1F70B50446051F00F0CA
:1003B0003DF90068002C14BF446870BD002C18BFC4
:1003C000AC423CBF20466468F8D301680A18AA42D0
:1003D00018BF456003D12A680546114401602868AA
:1003E0004119A1421CBF6C6070BD616869602168E1
:1003F0000844286070BD7047704770477047704769
:10040000BFFFDFFFFFFEFFFFFFFFFFFFFFFFFFFF5D
:10041000FFFFFFFFFFFFFFFFFFFFFFFFFFFFFFFFEC
:1004200070B5064600F002F9056806F10B0020F0F1
:100430000704B4429CBF002070BD2B466A68BAB165
:100440001068A04210D304F1080188423CBF5068F4
:10045000586007D35168101941601168091B016089
:1004600058601460101D70BD13465268002AE7D111
:100470002146284600F0E0F80028DED170BD032AAE
:1004800040F2308010F0030C00F0158011F8013BB1
:10049000BCF1020F624498BF11F801CB00F8013B98
:1004A00038BF11F8013BA2F1040298BF00F801CB5C
:1004B00038BF00F8013B11F0030300F00781083A50
:1004C000C0F0088051F8043B083A51F804CBA0E88A
:1004D0000810F5E7121D5CBF51F8043B40F8043BDF
:1004E000AFF30080D20724BF11F8013B11F801CB14
:1004F00048BF11F8012B24BF00F8013B00F801CBE5
:1005000048BF00F8012B704702F0FF0343EA0322C3
:1005100042EA024200F024B84FF000020429C0F081
:10052000128010F0030C00F01B80CCF1040CBCF125
:10053000020F18BF00F8012BA8BF20F8022BA1EB77
:100540000C0100F00DB85FEAC17C24BF00F8012B5C
:1005500000F8012B48BF00F8012B70474FF0000254
:1005600000B5134694469646203922BFA0E80C50A9
:10057000A0E80C50B1F12001BFF4F7AF090728BF84
:10058000A0E80C5048BF0CC05DF804EB890028BF00
:1005900040F8042B08BF704748BF20F8022B11F029
:1005A000804F18BF00F8012B7047000000000000CA
:1005B00030B44FF0013C50F8042B51F8043BCCFA16
:1005C00052F4D51A20D1FCB950F8042B51F8043B51
:1005D000CCFA52F4D51A17D1B4B950F8042B51F80B
:1005E000043BCCFA52F4D51A0ED16CB950F8042B56
:1005F00051F8043BCCFA52F4D51A05D1002CDAD0CC
:1006000030BC4FF00000704729BAB1FA81F111F007
:100610001801D1F120008440F2D1CA40CB4012F041
:10062000FF0213F0FF0330BCD01A70470048704738
:100630007880FF1F7047704738B504460A4600208F
:100640006946AFF30080002808BF38BD0246009914
:10065000204600F077F8012038BD012000F08CB86A
:10066000F8B5AFF30080054600200C46102000BF0F
:100670000646A819A0420DD9324669460020AFF3BC
:100680000080070008BF00F077F80098A04218BF6C
:100690000546C419FFF7CAFF05600746F01D20F0A4
:1006A00007004619284600F00AF8B44208BFF8BD12
:1006B000A21B31463868BDE8F84000F043B800217D
:1006C0000160C0E9011070471020704710B5203A52
:1006D000C0F00B80B1E81850A0E81850B1E81850ED
:1006E000A0E81850203ABFF4F5AF5FEA027C24BFBF
:1006F000B1E81850A0E8185044BF18C918C0BDE8A8
:1007000010405FEA827C24BF51F8043B40F8043B70
:1007100008BF7047D20728BF31F8023B48BF11F825
:10072000012B28BF20F8023B48BF00F8012B70477F
:1007300001491820ABBEFEE72600020000487047C2
:100740007080FF1F034640688C46002818BF88420F
:100750003CBF03464068F8D318681844884207D065
:100760000CF1030020F00700001D411A521A014647
:10077000081D0A60FFF718BE10B500F039F8BDE893
:10078000104000F02FB870477546FFF7D7FFAE4610
:1007900005006946534620F00700854618B020B58D
:1007A000FFF7E8FDBDE820404FF000064FF00007DE
:1007B0004FF000084FF0000BAC46ACE8C009ACE8C5
:1007C000C009ACE8C009ACE8C00921F007018D46BA
:1007D000704710B50446AFF300802046BDE81040D6
:1007E000FFF79BBD002801D0FFF7A2BF70470000B4
:1007F00010B5012805D0002103A000F021F8012048
:1008000010BD09A1F8E7000053494752544D454D2A
:100810003A204F7574206F662068656170206D65A1
:100820006D6F7279000000003A2048656170206D9C
:10083000656D6F727920636F727275707465640094
:1008400070B505460C460A2000E06D1C00F011F85A
:1008500035B128780028F8D102E0641C00F009F8CE
:1008600014B120780028F8D1BDE870400A20AFF319
:10087000008008B569468DF800000320ABBE08BDB6
:10088000704700007047000070470000704700008C
:10089000704700007047000070470000704700007C
:1008A00080B584B045F20040C4F20100402106F05A
:1008B0006DFE01281ED1FFE745F20040C4F20100A1
:1008C000402106F003FEEFF311814FF0500080F35A
:1008D0001188BFF36F8FBFF34F8F02910190029881
:1008E0000090012007F0DCFC00980390039880F34F
:1008F0001188FFE704B080BD80B58AB00520019063
:1009000003210122039201F0DBFB08A8029000F012
:10091000D5FE06A8059000F009FC47F27770C0F2FA
:10092000777042F21021C0F2110100F04BFC0199E6
:100930000298002204928DF8222030238DF8213075
:100940008DF820208DF8241000F0DCFD039B049925
:10095000059807919DF81C2002F0E0028DF81C20FC
:10096000BDF81D2002F47E423132ADF81D209DF805
:100970001FC0BDF81D2042EA0C4263F31F52ADF8C0
:100980001D20120C8DF81F209DF81FC04FF470021F
:1009900002EA0C4202F58032120C8DF81F20BDF8DD
:1009A0001D2063F31F32ADF81D208DF818109DF83F
:1009B0001C1001F07F018DF81C1000F0DBF9FFE73F
:1009C000202000F0E1F8012801D0FFE7F8E75020EF
:1009D00000F0CEFF4FF4404001F0A0FE05F0F0FD26
:1009E000052000F0FBFB0120009000F071FF0020CB
:1009F00000F06EFF009800F035FF0AB080BD0000E7
:100A000080B548F29051C1F6FF71086840F400606B
:100A10000860FFE70120022101F084FD08B9FFE72B
:100A2000F8E7022001F032F880BD000080B594B0F4
:100A30000020089048F2A050C1F6FF70006844F210
:100A40002001C4F205010968C1F30261C8404CF6F7
:100A5000CD41CCF6CC41A0FB01108008079044F2B8
:100A60002040C4F20500007820B9FFE7002000F024
:100A7000E3FBFFE712A8029000F0B6FC0020049010
:100A80008DF848008DF849008DF84A0002204FF497
:100A900040410122059201F013FB029800F022FC74
:100AA00005994FF4803001F013F809A8039001F084
:100AB000E1FA03990498B8220F92032210920D9044
:100AC00010220A920B901F20ADF824002220ADF8CE
:100AD000260048F20040C4F20400069001F06AF9D2
:100AE0000599069801F0CCF8FFE748F20040C4F2FF
:100AF0000400022101F028F9012827D1FFE748F27C
:100B00000040C4F204000190022101F087F801982E
:100B1000052101F019F9012808D1FFE748F200404A
:100B2000C4F20400052101F079F80EE048F200401B
:100B3000C4F2040001F0DCF84FF480300021009191
:100B400000F0C6FF0098139018E0FFE70898013006
:100B500008900898079988420FD9FFE748F20040AB
:100B6000C4F2040001F0C4F84FF48030002100F01A
:100B7000AFFF6FF00700139000E0B6E7139814B0D2
:100B800080BD00007047000080B582B08DF807007E
:100B9000FFE79DF8070040B1FFE79DF8070040F030
:100BA0006900692801D1FFE708E04CF63400C0F283
:100BB000000040F28B5100F0C5FDFFE7FFE744F273
:100BC0003C00C4F2050000789DF807100840C0B250
:100BD000002818BF012002B080BD000080B582B09F
:100BE0008DF8070000200090FFE79DF8070028B16E
:100BF000FFE79DF80700012801D1FFE708E04CF668
:100C00003400C0F2000040F2D92100F09BFDFFE764
:100C1000FFE7FFE744F2FE30C4F205000088C0079A
:100C200008B1FFE708E04CF63400C0F2000040F2E3
:100C3000DA2100F087FDFFE7FFE79DF80700B0B974
:100C4000FFE744F22600C4F20500007800F0070038
:100C5000022804D1FFE76FF00500009006E044F29F
:100C60002741C4F2050101200870FFE706E044F2C5
:100C70002741C4F2050100200870FFE7A02000F022
:100C800093FD009802B080BD80B582B08DF807005A
:100C900000200090FFE79DF8070028B1FFE79DF8CE
:100CA0000700012801D1FFE708E04CF63400C0F24C
:100CB000000040F2E54100F045FDFFE7FFE7FFE7F8
:100CC00044F2FE30C4F205000088C00708B1FFE717
:100CD00008E04CF63400C0F2000040F2E64100F0BB
:100CE00031FDFFE7FFE79DF80700B0B9FFE744F2E9
:100CF0002600C4F20500007800F00700052804D1A2
:100D0000FFE76FF00500009006E044F22A01C4F20C
:100D1000050101200870FFE729E044F20010C4F249
:100D200005000068C1B20020B0EBD11F07D1FFE77A
:100D300008204FF4805100F05DFA009006E0012099
:100D40004FF4805100F056FA0090FFE7009868B920
:100D5000FFE744F22A01C4F20501002008702020B8
:100D60004FF4805100F046FA0090FFE7FFE700984B
:100D700002B080BD80B586B00590059820B9FFE728
:100D80006FF002000490CDE1FFE7059801790020A3
:100D9000B0EBD11F07D0FFE7059801790120B0EB38
:100DA000D11F01D1FFE708E04CF63400C0F200008B
:100DB0004FF4976100F0C6FCFFE7FFE7FFE70598F7
:100DC000007900F01F000130182808D8FFE70598C7
:100DD000007900F01F00013008B1FFE708E04CF691
:100DE0003400C0F2000040F2B94100F0ABFCFFE774
:100DF000FFE7FFE70598B0F805006FF35F200130CB
:100E0000B0F5F07F0AD8FFE70598B0F805006FF35A
:100E10005F200130142801D3FFE708E04CF63400CE
:100E2000C0F2000040F2BA4100F08CFCFFE7FFE79F
:100E3000FFE70598C179012000EB1110102809D8AF
:100E4000FFE70598C179012000EB1110022801D3BA
:100E5000FFE708E04CF63400C0F2000040F2BB416E
:100E600000F070FCFFE7FFE7059801790020B0EB88
:100E7000D11F06D1FFE741F20020C0F27A000190B5
:100E800006E048F29C50C1F6FF7000680190FFE751
:100E900001980599097901F01F010131B0FBF1F0CA
:100EA000039003980599B1F805106FF35F210131A4
:100EB00048430290FFE7039847F64001C0F27D11D6
:100EC000884209D8FFE7039844F24021C0F20F019D
:100ED000884201D3FFE708E04CF63400C0F200007E
:100EE0004FF4986100F02EFCFFE7FFE7FFE7029860
:100EF00043F60001C1F69C41884209D8FFE70298F9
:100F000041F60041C0F64E61884201D3FFE708E098
:100F10004CF63400C0F2000040F2C14100F012FC77
:100F2000FFE7FFE7FFE702980599CA79012101EB86
:100F30001211B0FBF1F04CF20021C0F6EB31884207
:100F400010D8FFE702980599CA79012101EB121127
:100F5000B0FBF1F04EF2C011C0F2E401884201D3BF
:100F6000FFE708E04CF63400C0F2000040F2C24156
:100F700000F0E8FBFFE7FFE7FFE70598C07900F026
:100F80000F000130102809D8FFE70598C07900F05C
:100F90000F000130022801D3FFE708E04CF63400CF
:100FA000C0F2000040F2C34100F0CCFBFFE7FFE7D6
:100FB000FFE70598B0F80510012000EB113010286C
:100FC0000AD8FFE70598B0F80510012000EB1130B2
:100FD000022801D3FFE708E04CF63400C0F200001D
:100FE00040F2C44100F0AEFBFFE7FFE7FFE70298E5
:100FF0000599B1F80520012101EB1231B0FBF1F0A8
:101000004CF20021C0F6EB31884211D8FFE702987C
:101010000599B1F80520012101EB1231B0FBF1F087
:101020004EF2C011C0F2E401884201D3FFE708E0AC
:101030004CF63400C0F2000040F2C54100F082FBE3
:10104000FFE7FFE7FFE702980599C97901F00F0173
:101050000131B0FBF1F04CF20021C0F6EB318842D7
:1010600010D8FFE702980599C97901F00F01013105
:10107000B0FBF1F04EF2C011C0F2E401884201D39E
:10108000FFE708E04CF63400C0F2000040F2C64131
:1010900000F058FBFFE7FFE7FFE70598007801281D
:1010A00004D0FFE70598007808B9FFE708E04CF6A0
:1010B0003400C0F200004FF4996100F043FBFFE7F9
:1010C000FFE7FFE744F2FE30C4F205000088C007E6
:1010D00008B1FFE708E04CF63400C0F2000040F22F
:1010E000C94100F02FFBFFE7FFE744F20011C4F213
:1010F00005010868059A1279D20962F3C7100860E1
:101100000598406808600598007828B9FFE7012035
:10111000FFF7BAFD049004E00020FFF7B5FD04904E
:10112000FFE7FFE7049806B080BD000082B00190A1
:1011300000200090019820B9FFE76FF002000090B6
:101140003DE00199002048600199087900F07F0096
:1011500008710199087900F0E0000871019931F8EF
:10116000050F8A7800F47E4013308A700880019A57
:1011700032F8050F917840EA0141012060F31F51D8
:101180001180090C9170019A32F8051F937841EA99
:1011900003434FF6FF7CC0F2F00C03EA0C0303F5A7
:1011A00080331B0C93701180019A32F8051F9378DD
:1011B00060F31F319370118001990870FFE7009868
:1011C00002B0704780B582B00190009101980099FB
:1011D00005F0CAFA05F000FE02B080BD80B582B00D
:1011E0008DF807009DF8070005F00AFD05F0F4FDF5
:1011F00002B080BD80B584B08DF80F000291002050
:1012000001906FF007000090FFE701980299884273
:101210000ED8FFE79DF80F00FFF7B6FC012803D1B9
:10122000FFE70020009003E0019801300190ECE717
:10123000009804B080BD000080B582B08DF8070032
:1012400000200090FFE79DF8070028B1FFE79DF818
:101250000700012801D1FFE708E04CF63400C0F296
:10126000000040F2644100F06DFAFFE7FFE7FFE79E
:1012700044F2FE30C4F205000088C00708B1FFE761
:1012800008E04CF63400C0F2000040F2654100F086
:1012900059FAFFE7FFE79DF80700B0B9FFE744F20E
:1012A0002600C4F20500007800F00700042804D1ED
:1012B000FFE76FF00500009006E044F22041C4F221
:1012C000050101200870FFE706E044F22041C4F266
:1012D000050100200870FFE7A02000F065FA0098E3
:1012E00002B080BD80B582B00190019820B9FFE7BF
:1012F0006FF00200009074E0FFE701980078012889
:1013000004D0FFE70198007808B9FFE708E04CF641
:101310003400C0F2000040F2474100F013FAFFE74A
:10132000FFE7FFE70198407828B1FFE70198407890
:10133000012801D1FFE708E04CF63400C0F20000BC
:101340004FF4896100F0FEF9FFE7FFE7FFE701983E
:10135000807850B1FFE701988078012805D0FFE739
:1013600001988078032801D1FFE708E04CF63400AB
:10137000C0F2000040F2494100F0E4F9FFE7FFE766
:10138000FFE744F2FE30C4F205000088C00708B150
:10139000FFE708E04CF63400C0F2000040F24A419A
:1013A00000F0D0F9FFE7FFE70198407844F22141CF
:1013B000C4F2050108700198807844F22541C4F216
:1013C000050108700198007828B9FFE70120FFF7B0
:1013D00033FF009004E00020FFF72EFF0090FFE7AE
:1013E000FFE7009802B080BD82B00190002000901D
:1013F000019820B9FFE76FF00200009007E0019923
:10140000002008700199487001998870FFE70098E2
:1014100002B0704780B582B08DF8070000200090C0
:10142000FFE79DF8070028B1FFE79DF807000128B6
:1014300001D1FFE708E04CF63400C0F200004FF4A1
:10144000677100F07FF9FFE7FFE7FFE744F2FE3046
:10145000C4F205000088C00708B1FFE708E04CF6B9
:101460003400C0F2000040F29D3100F06BF9FFE75C
:10147000FFE79DF80700A8BBFFE744F22600C4F28F
:101480000500007800F00700032804D1FFE76FF0A3
:101490000500009025E044F20010C4F20500006849
:1014A000C1B20020B0EBD11F13D1FFE744F22A00F4
:1014B000C4F20500007820B9FFE76FF00500009046
:1014C00006E044F23201C4F2050101200870FFE792
:1014D00006E044F23201C4F2050101200870FFE782
:1014E000FFE70CE044F23201C4F20501002008706D
:1014F00008204FF48051FFF77DFE0090FFE7009831
:1015000002B080BD80B582B00190019820B9FFE79C
:101510006FF002000090CBE0FFE70198007801280F
:1015200004D0FFE70198007808B9FFE708E04CF61F
:101530003400C0F200004FF45F7100F003F9FFE7E0
:10154000FFE7FFE70198407878B1FFE7019840781E
:1015500010280AD0FFE701984078202805D0FFE73F
:1015600001984078302801D1FFE708E04CF63400BC
:10157000C0F2000040F27D3100F0E4F8FFE7FFE741
:10158000FFE70198807828B1FFE70198807840282C
:1015900001D1FFE708E04CF63400C0F2000040F251
:1015A0007E3100F0CFF8FFE7FFE7FFE70198C07852
:1015B000802804D0FFE70198C07808B9FFE708E069
:1015C0004CF63400C0F2000040F27F3100F0BAF86F
:1015D000FFE7FFE7FFE701980079012828D0FFE740
:1015E00001980079022823D0FFE7019800790328A9
:1015F0001ED0FFE701980079042819D0FFE7019871
:101600000079052814D0FFE70198007906280FD04B
:10161000FFE70198007907280AD0FFE701980079D1
:10162000082805D0FFE701980079092801D1FFE7D4
:1016300008E04CF63400C0F200004FF4607100F096
:1016400081F8FFE7FFE7FFE744F2FE30C4F2050050
:101650000088C00708B1FFE708E04CF63400C0F28C
:10166000000040F2813100F06DF8FFE7FFE70198DC
:10167000007944F2A201C4F2050108700198427891
:101680008178C0781043084344F21041C4F2050148
:1016900008700198007828B9FFE70120FFF7BAFE2B
:1016A000009004E00020FFF7B5FE0090FFE7FFE7A1
:1016B000009802B080BD00007047000082B0019029
:1016C00000200090019820B9FFE76FF00200009021
:1016D0000EE001990120087001990020887001999D
:1016E000487001998020C870019905200871FFE7B2
:1016F000009802B07047000080B544F20040C4F288
:1017000002004FF4803105F057FC012810D1FFE7AB
:1017100044F20040C4F202004FF4803105F00EFCA8
:1017200048F2D001C1F6FF71086801300860FFE798
:1017300080BD000070470000704700007047000047
:101740007047000082B001900091FFE7FEE70000C3
:1017500083B0029048F2A050C1F6FF70006844F2D6
:101760002001C4F205010968C1F30261C84041F2D9
:101770006F71084441F6F111C0F27651A0FB0110DF
:10178000C0090090FFE70298411E029150B1FFE7A7
:1017900000980190FFE70198411E019108B1FFE711
:1017A000F9E7F0E703B0704783B0029048F2A05029
:1017B000C1F6FF70006844F22001C4F20501096817
:1017C000C1F30261C84048F67F51C0F25B01084492
:1017D00049F68171C1F25E61A0FB0110C00C00905E
:1017E000FFE70298411E029150B1FFE70098019077
:1017F000FFE70198411E019108B1FFE7F9E7F0E723
:1018000003B0704770470000704700007047000049
:1018100070470000704700007047000070470000EC
:1018200070470000704700007047000070470000DC
:1018300070470000704700007047000070470000CC
:1018400070470000704700007047000070470000BC
:1018500070470000704700007047000070470000AC
:101860007047000080B582B08DF80700FFE79DF853
:10187000070028B1FFE79DF80700012801D1FFE725
:1018800008E04CF66600C0F2000040F27111FFF76C
:1018900059FFFFE7FFE7FFE740F20040C4F2010015
:1018A0000068012801D1FFE708E04CF66600C0F2AD
:1018B00000004FF4B971FFF745FFFFE7FFE79DF820
:1018C000070048F24011C4F22021086002B080BD38
:1018D00080B582B08DF80700FFE79DF8070028B1BA
:1018E000FFE79DF80700012801D1FFE708E04CF66B
:1018F0006600C0F2000040F26311FFF723FFFFE72C
:10190000FFE7FFE740F20040C4F201000068012851
:1019100001D1FFE708E04CF66600C0F200004FF48A
:10192000B271FFF70FFFFFE7FFE79DF8070048F2EE
:101930006011C4F22021086002B080BD7047000031
:10194000704700007047000040F20041C4F20101FE
:10195000002008607047000040F20041C4F201011D
:1019600040F22310086043F2102008607047000026
:1019700080B584B0029000200190FFE740F2004063
:10198000C4F201000068012801D1FFE708E04CF62D
:101990006600C0F2000040F24F11FFF7D3FEFFE7F0
:1019A000FFE7FFE70298F02801D8FFE708E04CF6D0
:1019B0006600C0F200004FF4A871FFF7C3FEFFE716
:1019C000FFE740F20841C4F201010868029A1209D7
:1019D00062F307100860FFE7029840F20841C4F282
:1019E0000101096801F0F001884220D0FFE7019869
:1019F00001300190019848F2A051C1F6FF710968C9
:101A000044F22002C4F205021268C2F30262D1401D
:101A100041F25972CDF2B712A1FB0221B0EB913F16
:101A200004D9FFE76FF00700039003E0D4E700203C
:101A30000390FFE7039804B080BD000070470000EA
:101A400070470000704700007047000070470000BA
:101A500070470000704700007047000070470000AA
:101A6000704700007047000070470000704700009A
:101A7000704700007047000070470000704700008A
:101A800070470000704700007047000080B582B0CA
:101A90000190FFE7019840B1FFE701984FF6FF7111
:101AA0000843884201D1FFE708E04CF62F10C0F24E
:101AB000000040F20F21FFF745FEFFE7FFE7019826
:101AC00041F25801C4F20501086002B080BD000077
:101AD00080B582B001908DF80310FFE7019850B1F6
:101AE000FFE701984CF21151C8F6F37108438842A0
:101AF00001D1FFE707E04CF69800C0F20000712129
:101B0000FFF720FEFFE7FFE7FFE79DF8030028B19E
:101B1000FFE79DF80300012801D1FFE707E04CF63D
:101B20009800C0F200007221FFF70CFEFFE7FFE70C
:101B3000FFE748F21000C4F204000068C00708B1D3
:101B4000FFE707E04CF69800C0F200007321FFF7B2
:101B5000F9FDFFE7FFE79DF80300012809D1FFE742
:101B6000019A48F20001C4F2040108689043086039
:101B700008E0019A48F20001C4F204010868104329
:101B80000860FFE702B080BD80B582B001908DF89B
:101B90000310FFE7019850B1FFE7019848F2FF7189
:101BA000C0F207010843884201D1FFE707E04CF685
:101BB0009800C0F200009621FFF7C4FDFFE7FFE7A1
:101BC000FFE79DF8030028B1FFE79DF80300012817
:101BD00001D1FFE707E04CF69800C0F20000972122
:101BE000FFF7B0FDFFE7FFE79DF80300012809D1EB
:101BF000FFE7019A48F20801C4F204010868904323
:101C0000086008E0019A48F20801C4F2040108687B
:101C100010430860FFE702B080BD000080B582B0CD
:101C200001900091FFE7019848F20041C4F20401DD
:101C3000884201D1FFE708E04CF6CA00C0F200007C
:101C400040F22511FFF77EFDFFE7FFE7FFE7009871
:101C500038B1FFE7009840F00700072801D1FFE7FF
:101C600008E04CF6CA00C0F200004FF49371FFF791
:101C700069FDFFE7FFE700980199086202B080BDA7
:101C800080B582B001908DF80310FFE7019848F20B
:101C90000041C4F20401884201D1FFE708E04CF69C
:101CA000CA00C0F200004FF4C871FFF74BFDFFE718
:101CB000FFE7FFE79DF8030028B1FFE79DF8030069
:101CC000012801D1FFE708E04CF6CA00C0F200008D
:101CD00040F29111FFF736FDFFE7FFE79DF80300A3
:101CE00048F28011C4F29021086002B080BD00006B
:101CF00080B582B00190FFE7019848F20041C4F23C
:101D00000401884201D1FFE707E04CF6CA00C0F2A7
:101D10000000FA21FFF716FDFFE7FFE70199002019
:101D2000C860019A07211162019908600199486011
:101D300001990861019948610199886102B080BDEB
:101D4000704700007047000080B582B0019000919C
:101D5000FFE7019848F20041C4F20401884201D132
:101D6000FFE708E04CF6CA00C0F200004FF48971AA
:101D7000FFF7E8FCFFE7FFE7FFE7009838B1FFE770
:101D8000009840F00700072801D1FFE708E04CF673
:101D9000CA00C0F2000040F21311FFF7D3FCFFE7C6
:101DA000FFE70198C06900990840002818BF01208A
:101DB00002B080BD80B584B00390029100200190F4
:101DC000FFE7039848F20041C4F20401884201D1C0
:101DD000FFE707E04CF6CA00C0F20000B821FFF7A9
:101DE000B1FCFFE7FFE7029820B9FFE76FF00200C0
:101DF000019039E1FFE70298406840B3FFE702989D
:101E00004068102823D0FFE70298406820281ED0A1
:101E1000FFE702984068302819D0FFE70298406831
:101E2000402814D0FFE70298406850280FD0FFE701
:101E30000298406860280AD0FFE70298406870283E
:101E400005D0FFE702984068802801D1FFE707E04E
:101E50004CF6CA00C0F20000BE21FFF773FCFFE79A
:101E6000FFE7FFE70298806878B1FFE70298806893
:101E700001280AD0FFE702988068022805D0FFE712
:101E800002988068032801D1FFE707E04CF6CA00FA
:101E9000C0F20000BF21FFF755FCFFE7FFE7FFE7B7
:101EA0000298C06830B1FFE70298C068B0F5004FF3
:101EB00001D1FFE707E04CF6CA00C0F20000C021E4
:101EC000FFF740FCFFE7FFE7FFE70298006960B11A
:101ED000FFE702980069B0F5805F06D0FFE702983F
:101EE0000069B0F5005F01D1FFE707E04CF6CA00DA
:101EF000C0F20000C121FFF725FCFFE7FFE7FFE785
:101F00000298406990B1FFE702984069B0F5807F80
:101F10000CD0FFE702984069B0F5007F06D0FFE7DC
:101F200002984069B0F5407F01D1FFE707E04CF629
:101F3000CA00C0F20000C221FFF704FCFFE7FFE780
:101F4000FFE70298806968B3FFE7029880698028FC
:101F500028D0FFE702988069882823D0FFE70298FD
:101F6000806990281ED0FFE702988069982819D0D0
:101F7000FFE702988069A02814D0FFE702988069E3
:101F8000A8280FD0FFE702988069B0280AD0FFE7A1
:101F900002988069B82805D0FFE702988069C028B8
:101FA00001D1FFE707E04CF6CA00C0F20000C321F0
:101FB000FFF7C8FBFFE7FFE7FFE70298C06978B1CA
:101FC000FFE70298C06901280AD0FFE70298C069BC
:101FD000022805D0FFE70298C069032801D1FFE776
:101FE00007E04CF6CA00C0F20000C421FFF7AAFBCC
:101FF000FFE7FFE7FFE70298006A28B1FFE70298D2
:10200000006A102801D1FFE707E04CF6CA00C0F2D1
:102010000000C521FFF796FBFFE7FFE70298008865
:1020200003990860029840880399486002994868BB
:1020300089680843039908610299C868D1F810C0FB
:102040004B698A6940EA0C0018431043C969084388
:1020500003994861039880690299096A090961F343
:10206000041003998861FFE7019804B080BD000067
:102070007047000083B0029000200190029820B9C0
:10208000FFE76FF00200019017E002990020009036
:1020900008800299488002994860029988600299F4
:1020A000C8600299086102994861029A8021916191
:1020B0000299C86102990862FFE7019803B070476E
:1020C00080B584B08DF80F00ADF80C108DF80B20A2
:1020D000FFE743F6FC30C4F205000088C00708B1F2
:1020E000FFE708E04CF6FC00C0F2000040F281215E
:1020F000FFF728FBFFE7FFE7FFE79DF80F00C8B1F8
:10210000FFE79DF80F00012814D0FFE79DF80F00AE
:1021100002280FD0FFE79DF80F0003280AD0FFE741
:102120009DF80F00042805D0FFE79DF80F00052853
:1021300001D1FFE708E04CF6FC00C0F2000040F2DD
:102140008221FFF7FFFAFFE7FFE7FFE7BDF80C008A
:1021500028B1FFE7BDF80C0008B1FFE708E04CF636
:10216000FC00C0F2000040F28321FFF7EBFAFFE72A
:10217000FFE700208DF80300FFE79DF803000F281C
:1021800035D8FFE7BDF80C00C007F8B1FFE79DF8B0
:102190000F0080019DF8031000EB810043F6004121
:1021A000C4F20501084401909DF80B00012806D1F6
:1021B000FFE70199088840F40040088005E0019994
:1021C00008886FF3DF300880FFE7FFE7BDF80C00F9
:1021D0004008ADF80C00BDF80C0008B9FFE706E0B8
:1021E000FFE79DF8030001308DF80300C5E704B058
:1021F00080BD000080B588B08DF81F00ADF81C10C0
:10220000069200200390069820B9FFE76FF00200C5
:10221000039073E1FFE743F6FC30C4F20500008849
:10222000C00708B1FFE708E04CF6FC00C0F2000070
:102230004FF48071FFF786FAFFE7FFE7FFE79DF8AD
:102240001F00C8B1FFE79DF81F00012814D0FFE769
:102250009DF81F0002280FD0FFE79DF81F000328FC
:102260000AD0FFE79DF81F00042805D0FFE79DF87E
:102270001F00052801D1FFE708E04CF6FC00C0F282
:10228000000040F20111FFF75DFAFFE7FFE7FFE70B
:10229000BDF81C0028B1FFE7BDF81C0008B1FFE73E
:1022A00008E04CF6FC00C0F200004FF48171FFF72B
:1022B00049FAFFE7FFE7FFE70698008828B1FFE744
:1022C00006980088012801D1FFE708E04CF6FC00E1
:1022D000C0F2000040F20311FFF734FAFFE7FFE716
:1022E000FFE70698408828B1FFE706984088022853
:1022F00001D1FFE708E04CF6FC00C0F200004FF40B
:102300008271FFF71FFAFFE7FFE7FFE70698808873
:1023100028B1FFE706988088042801D1FFE708E08C
:102320004CF6FC00C0F2000040F20511FFF70AFA7B
:10233000FFE7FFE7FFE70698C08850B1FFE7069880
:10234000C088102805D0FFE70698C088202801D152
:10235000FFE708E04CF6FC00C0F200004FF4837188
:10236000FFF7F0F9FFE7FFE7FFE70698008930B1D4
:10237000FFE706980089B0F5804F01D1FFE708E03C
:102380004CF6FC00C0F2000040F20711FFF7DAF94A
:10239000FFE7FFE7FFE70698408928B1FFE70698C7
:1023A0004089402801D1FFE708E04CF6FC00C0F26C
:1023B00000004FF48471FFF7C5F9FFE7FFE7FFE77F
:1023C0000698808930B1FFE706988089B0F5007FD4
:1023D00001D1FFE708E04CF6FC00C0F2000040F23B
:1023E0000911FFF7AFF9FFE7FFE7FFE70698C0899C
:1023F00030B1FFE70698C089B0F5805F01D1FFE7F3
:1024000008E04CF6FC00C0F200004FF48571FFF7C5
:1024100099F9FFE7FFE7FFE70698008A30B1FFE789
:102420000698008AB0F5004F01D1FFE708E04CF6AE
:10243000FC00C0F2000040F20B11FFF783F9FFE748
:10244000FFE700208DF81700FFE79DF817000F2821
:1024500053D8FFE7BDF81C00C007E8B3FFE70699B3
:10246000019108884A8810438A881043CA8810431B
:102470004A8910438A891043CA891043098908434D
:10248000ADF8140045F27720ADF812000698018AE5
:10249000BDF814000843ADF81400BDF8120040F474
:1024A0000040ADF812009DF81F0080019DF8171044
:1024B00000EB810043F60041C4F20501084402909C
:1024C00002980088BDF812209043BDF81410114006
:1024D000084402990880FFE7BDF81C004008ADF8E9
:1024E0001C00BDF81C0008B9FFE706E0FFE79DF8F7
:1024F000170001308DF81700A7E7FFE7039808B031
:1025000080BD000043F6FC31C4F205014FF42540C4
:102510000880704743F6FC31C4F205014AF20150CD
:102520000880704780B582B08DF80700ADF80410C0
:10253000FFE79DF80700C8B1FFE79DF807000128F5
:1025400014D0FFE79DF8070002280FD0FFE79DF8A1
:10255000070003280AD0FFE79DF80700042805D0EC
:10256000FFE79DF80700052801D1FFE708E04CF6DA
:10257000FC00C0F200004FF4FF71FFF7E3F8FFE743
:10258000FFE7FFE7BDF8040028B1FFE7BDF804004E
:1025900008B1FFE708E04CF6FC00C0F2000040F292
:1025A000FF11FFF7CFF8FFE7FFE79DF807000101F4
:1025B00043F60000C4F20500405ABDF8041008407C
:1025C00080B2002818BF012002B080BD80B582B063
:1025D0008DF80700ADF80410FFE79DF80700C8B1BB
:1025E000FFE79DF80700012814D0FFE79DF80700DA
:1025F00002280FD0FFE79DF8070003280AD0FFE765
:102600009DF80700042805D0FFE79DF8070005287E
:1026100001D1FFE708E04CF6FC00C0F2000040F2F8
:102620004A21FFF78FF8FFE7FFE7FFE7BDF8040057
:1026300028B1FFE7BDF8040008B1FFE708E04CF659
:10264000FC00C0F2000040F24B21FFF77BF8FFE7EF
:10265000FFE79DF8071043F60A00C4F2050000EBFF
:1026600001100090BDF804200099088810430880EC
:1026700002B080BD80B582B08DF80700ADF80410BF
:10268000FFE79DF80700C8B1FFE79DF807000128A4
:1026900014D0FFE79DF8070002280FD0FFE79DF850
:1026A000070003280AD0FFE79DF80700042805D09B
:1026B000FFE79DF80700052801D1FFE708E04CF689
:1026C000FC00C0F200004FF40E71FFF73BF8FFE78B
:1026D000FFE7FFE7BDF8040028B1FFE7BDF80400FD
:1026E00008B1FFE708E04CF6FC00C0F2000040F241
:1026F0003921FFF727F8FFE7FFE79DF8071043F6BA
:102700000800C4F2050000EB01100090BDF80420A1
:10271000009908881043088002B080BD80B582B05F
:10272000ADF80600FFE7BDF8060090B1FFE7BDF881
:102730000600B0F5804F0CD0FFE7BDF80600B0F5FD
:10274000004F06D0FFE7BDF80600B0F5404F01D1BD
:10275000FFE708E04CF6FC00C0F200004FF4ED711A
:10276000FEF7F0FFFFE7FFE7FFE743F6FC30C4F2B8
:1027700005000088C00708B1FFE708E04CF6FC0040
:10278000C0F2000040F2DB11FEF7DCFFFFE7FFE7DD
:1027900043F6F831C4F2050108886FF39F30BDF8A5
:1027A000062002F440421044088002B080BD0000C0
:1027B00083B0029000200190029820B9FFE76FF0EB
:1027C0000200019014E00299002000900880029914
:1027D00048800299C880029908820299088102996A
:1027E0004881029988810299C88102998880FFE70F
:1027F000019803B07047000080B582B08DF80700E3
:10280000ADF80410FFE79DF80700C8B1FFE79DF899
:102810000700012814D0FFE79DF8070002280FD019
:10282000FFE79DF8070003280AD0FFE79DF807009F
:10283000042805D0FFE79DF80700052801D1FFE730
:1028400008E04CF6FC00C0F2000040F26D21FEF7FB
:1028500079FFFFE7FFE7FFE7BDF8040028B1FFE7D6
:10286000BDF8040008B1FFE708E04CF6FC00C0F238
:10287000000040F26E21FEF765FFFFE7FFE79DF8DD
:10288000071043F60C00C4F2050000EB01100090A5
:10289000BDF80420009908881043088002B080BD6C
:1028A00080B582B0019048F2F460C1F6FF70006814
:1028B00088B1FFE748F2F460C1F6FF700068406835
:1028C00048B1FFE748F2F460C1F6FF700068416864
:1028D00001988847FFE702B080BD000080B548F24C
:1028E000F460C1F6FF70006880B1FFE748F2F46061
:1028F000C1F6FF700068006840B1FFE748F2F4607D
:10290000C1F6FF70006801688847FFE780BD0000DE
:1029100082B00090009820B9FFE700208DF80700F2
:1029200009E0009848F2F461C1F6FF7108600120E7
:102930008DF80700FFE79DF8070002B07047000020
:1029400080B548F20000C1F6FF70FFF7E1FF80BDDF
:1029500080B582B08DF8070048F2F460C1F6FF70D0
:10296000006890B1FFE748F2F460C1F6FF700068BC
:10297000406A50B1FFE748F2F460C1F6FF700068AA
:10298000416A9DF807008847FFE702B080BD00005C
:10299000704700007047000070470000704700005B
:1029A000704700007047000070470000704700004B
:1029B000704700007047000070470000704700003B
:1029C000704700007047000070470000704700002B
:1029D000704700007047000070470000704700001B
:1029E000704700007047000070470000704700000B
:1029F00080B584B0039000200190039820B9FFE7D0
:102A00006FF00200019071E0FFE703980088B0F5D5
:102A1000007F01DAFFE707E04CF62F10C0F200005C
:102A2000CD21FEF78FFEFFE7FFE7039908884009F5
:102A300000EB4002202000EB4200B1F90210884276
:102A40000DD8FFE703990888400900EB40022520D4
:102A500000EB4200B1F9021088420AD2FFE7039866
:102A6000B0F90200202804D3FFE76FF002000190C4
:102A70003BE00398B0F9021041F25C00C4F205009B
:102A800000EB81000290029800686FF35F2040F233
:102A9000FF1188420FD1FFE7039800880299086070
:102AA00003994868B1F9022048F29031C1F6FF71EC
:102AB00041F8220018E003980088029909686FF332
:102AC0005F2188420BD1FFE703994868B1F90220E2
:102AD00048F29031C1F6FF7141F8220003E06FF037
:102AE00001000190FFE7FFE7FFE7FFE7019804B06F
:102AF00080BD000080B548F29030C1F6FF700068DC
:102B00008047BFF34F8F80BD80B548F29030C1F64B
:102B1000FF7040688047BFF34F8F80BD80B548F29B
:102B20009030C1F6FF7080688047BFF34F8F80BD43
:102B300080B548F29030C1F6FF70C0688047BFF39F
:102B40004F8F80BD80B548F29030C1F6FF700069AC
:102B50008047BFF34F8F80BD80B548F29030C1F6FB
:102B6000FF7040698047BFF34F8F80BD80B548F24A
:102B70009030C1F6FF7080698047BFF34F8F80BDF2
:102B800080B548F29030C1F6FF70C0698047BFF34E
:102B90004F8F80BD80B548F29030C1F6FF70006A5B
:102BA0008047BFF34F8F80BD80B548F29030C1F6AB
:102BB000FF70406A8047BFF34F8F80BD80B548F2F9
:102BC0009030C1F6FF70806A8047BFF34F8F80BDA1
:102BD00080B548F29030C1F6FF70C06A8047BFF3FD
:102BE0004F8F80BD80B548F29030C1F6FF70006B0A
:102BF0008047BFF34F8F80BD80B548F29030C1F65B
:102C0000FF70406B8047BFF34F8F80BD80B548F2A7
:102C10009030C1F6FF70806B8047BFF34F8F80BD4F
:102C200080B548F29030C1F6FF70C06B8047BFF3AB
:102C30004F8F80BD80B548F29030C1F6FF70006CB8
:102C40008047BFF34F8F80BD80B548F29030C1F60A
:102C5000FF70406C8047BFF34F8F80BD80B548F256
:102C60009030C1F6FF70806C8047BFF34F8F80BDFE
:102C700080B548F29030C1F6FF70C06C8047BFF35A
:102C80004F8F80BD80B548F29030C1F6FF70006D67
:102C90008047BFF34F8F80BD80B548F29030C1F6BA
:102CA000FF70406D8047BFF34F8F80BD80B548F205
:102CB0009030C1F6FF70806D8047BFF34F8F80BDAD
:102CC00080B548F29030C1F6FF70C06D8047BFF309
:102CD0004F8F80BD80B548F29030C1F6FF70006E16
:102CE0008047BFF34F8F80BD80B548F29030C1F66A
:102CF000FF70406E8047BFF34F8F80BD80B548F2B4
:102D00009030C1F6FF70806E8047BFF34F8F80BD5B
:102D100080B548F29030C1F6FF70C06E8047BFF3B7
:102D20004F8F80BD80B548F29030C1F6FF70006FC4
:102D30008047BFF34F8F80BD80B548F29030C1F619
:102D4000FF70406F8047BFF34F8F80BD80B548F262
:102D50009030C1F6FF70806F8047BFF34F8F80BD0A
:102D600080B548F29030C1F6FF70C06F8047BFF366
:102D70004F8F80BD80B548F29030C1F6FF70D0F81B
:102D800080008047BFF34F8F80BD000080B548F2C0
:102D90009030C1F6FF70D0F884008047BFF34F8FAA
:102DA00080BD000080B548F29030C1F6FF70D0F8C9
:102DB00088008047BFF34F8F80BD000080B548F288
:102DC0009030C1F6FF70D0F88C008047BFF34F8F72
:102DD00080BD000080B548F29030C1F6FF70D0F899
:102DE00090008047BFF34F8F80BD000080B548F250
:102DF0009030C1F6FF70D0F894008047BFF34F8F3A
:102E000080BD000080B548F29030C1F6FF70D0F868
:102E100098008047BFF34F8F80BD000080B548F217
:102E20009030C1F6FF70D0F89C008047BFF34F8F01
:102E300080BD000080B548F29030C1F6FF70D0F838
:102E4000A0008047BFF34F8F80BD000080B548F2DF
:102E50009030C1F6FF70D0F8A4008047BFF34F8FC9
:102E600080BD000080B548F29030C1F6FF70D0F808
:102E7000A8008047BFF34F8F80BD000080B548F2A7
:102E80009030C1F6FF70D0F8AC008047BFF34F8F91
:102E900080BD000080B548F29030C1F6FF70D0F8D8
:102EA000B0008047BFF34F8F80BD000080B548F26F
:102EB0009030C1F6FF70D0F8B4008047BFF34F8F59
:102EC00080BD000080B548F29030C1F6FF70D0F8A8
:102ED000B8008047BFF34F8F80BD000080B548F237
:102EE0009030C1F6FF70D0F8BC008047BFF34F8F21
:102EF00080BD000080B548F29030C1F6FF70D0F878
:102F0000C0008047BFF34F8F80BD000080B548F2FE
:102F10009030C1F6FF70D0F8C4008047BFF34F8FE8
:102F200080BD000080B548F29030C1F6FF70D0F847
:102F3000C8008047BFF34F8F80BD000080B548F2C6
:102F40009030C1F6FF70D0F8CC008047BFF34F8FB0
:102F500080BD000080B548F29030C1F6FF70D0F817
:102F6000D0008047BFF34F8F80BD000080B548F28E
:102F70009030C1F6FF70D0F8D4008047BFF34F8F78
:102F800080BD000080B548F29030C1F6FF70D0F8E7
:102F9000D8008047BFF34F8F80BD000080B548F256
:102FA0009030C1F6FF70D0F8DC008047BFF34F8F40
:102FB00080BD000080B548F29030C1F6FF70D0F8B7
:102FC000E0008047BFF34F8F80BD000080B548F21E
:102FD0009030C1F6FF70D0F8E4008047BFF34F8F08
:102FE00080BD000080B548F29030C1F6FF70D0F887
:102FF000E8008047BFF34F8F80BD000080B548F2E6
:103000009030C1F6FF70D0F8EC008047BFF34F8FCF
:1030100080BD000080B548F29030C1F6FF70D0F856
:10302000F0008047BFF34F8F80BD000080B548F2AD
:103030009030C1F6FF70D0F8F4008047BFF34F8F97
:1030400080BD000080B548F29030C1F6FF70D0F826
:10305000F8008047BFF34F8F80BD000080B548F275
:103060009030C1F6FF70D0F8FC008047BFF34F8F5F
:1030700080BD000080B548F29030C1F6FF70D0F8F6
:1030800000018047BFF34F8F80BD000080B548F23C
:103090009030C1F6FF70D0F804018047BFF34F8F26
:1030A00080BD000080B548F29030C1F6FF70D0F8C6
:1030B00008018047BFF34F8F80BD000080B548F204
:1030C0009030C1F6FF70D0F80C018047BFF34F8FEE
:1030D00080BD000080B548F29030C1F6FF70D0F896
:1030E00010018047BFF34F8F80BD000080B548F2CC
:1030F0009030C1F6FF70D0F814018047BFF34F8FB6
:1031000080BD000080B548F29030C1F6FF70D0F865
:1031100018018047BFF34F8F80BD000080B548F293
:103120009030C1F6FF70D0F81C018047BFF34F8F7D
:1031300080BD000080B548F29030C1F6FF70D0F835
:1031400020018047BFF34F8F80BD000080B548F25B
:103150009030C1F6FF70D0F824018047BFF34F8F45
:1031600080BD000080B548F29030C1F6FF70D0F805
:1031700028018047BFF34F8F80BD000080B548F223
:103180009030C1F6FF70D0F82C018047BFF34F8F0D
:1031900080BD000080B548F29030C1F6FF70D0F8D5
:1031A00030018047BFF34F8F80BD000080B548F2EB
:1031B0009030C1F6FF70D0F834018047BFF34F8FD5
:1031C00080BD000080B548F29030C1F6FF70D0F8A5
:1031D00038018047BFF34F8F80BD000080B548F2B3
:1031E0009030C1F6FF70D0F83C018047BFF34F8F9D
:1031F00080BD000080B548F29030C1F6FF70D0F875
:1032000040018047BFF34F8F80BD000080B548F27A
:103210009030C1F6FF70D0F844018047BFF34F8F64
:1032200080BD000080B548F29030C1F6FF70D0F844
:1032300048018047BFF34F8F80BD000080B548F242
:103240009030C1F6FF70D0F84C018047BFF34F8F2C
:1032500080BD000080B548F29030C1F6FF70D0F814
:1032600050018047BFF34F8F80BD000080B548F20A
:103270009030C1F6FF70D0F854018047BFF34F8FF4
:1032800080BD000080B548F29030C1F6FF70D0F8E4
:1032900058018047BFF34F8F80BD000080B548F2D2
:1032A0009030C1F6FF70D0F85C018047BFF34F8FBC
:1032B00080BD000080B548F29030C1F6FF70D0F8B4
:1032C00060018047BFF34F8F80BD000080B548F29A
:1032D0009030C1F6FF70D0F864018047BFF34F8F84
:1032E00080BD000080B548F29030C1F6FF70D0F884
:1032F00068018047BFF34F8F80BD000080B548F262
:103300009030C1F6FF70D0F86C018047BFF34F8F4B
:1033100080BD000080B548F29030C1F6FF70D0F853
:1033200070018047BFF34F8F80BD000080B548F229
:103330009030C1F6FF70D0F874018047BFF34F8F13
:1033400080BD000080B548F29030C1F6FF70D0F823
:1033500078018047BFF34F8F80BD000080B548F2F1
:103360009030C1F6FF70D0F87C018047BFF34F8FDB
:1033700080BD000080B548F29030C1F6FF70D0F8F3
:1033800080018047BFF34F8F80BD000080B548F2B9
:103390009030C1F6FF70D0F884018047BFF34F8FA3
:1033A00080BD000080B548F29030C1F6FF70D0F8C3
:1033B00088018047BFF34F8F80BD000080B548F281
:1033C0009030C1F6FF70D0F88C018047BFF34F8F6B
:1033D00080BD000080B548F29030C1F6FF70D0F893
:1033E00090018047BFF34F8F80BD000080B548F249
:1033F0009030C1F6FF70D0F894018047BFF34F8F33
:1034000080BD000080B548F29030C1F6FF70D0F862
:1034100098018047BFF34F8F80BD000080B548F210
:103420009030C1F6FF70D0F89C018047BFF34F8FFA
:1034300080BD000080B548F29030C1F6FF70D0F832
:10344000A0018047BFF34F8F80BD000080B548F2D8
:103450009030C1F6FF70D0F8A4018047BFF34F8FC2
:1034600080BD000080B548F29030C1F6FF70D0F802
:10347000A8018047BFF34F8F80BD000080B548F2A0
:103480009030C1F6FF70D0F8AC018047BFF34F8F8A
:1034900080BD000080B548F29030C1F6FF70D0F8D2
:1034A000B0018047BFF34F8F80BD000080B548F268
:1034B0009030C1F6FF70D0F8B4018047BFF34F8F52
:1034C00080BD000080B548F29030C1F6FF70D0F8A2
:1034D000B8018047BFF34F8F80BD000080B548F230
:1034E0009030C1F6FF70D0F8BC018047BFF34F8F1A
:1034F00080BD000080B548F29030C1F6FF70D0F872
:10350000C0018047BFF34F8F80BD000080B548F2F7
:103510009030C1F6FF70D0F8C4018047BFF34F8FE1
:1035200080BD000080B548F29030C1F6FF70D0F841
:10353000C8018047BFF34F8F80BD000080B548F2BF
:103540009030C1F6FF70D0F8CC018047BFF34F8FA9
:1035500080BD000080B548F29030C1F6FF70D0F811
:10356000D0018047BFF34F8F80BD000080B548F287
:103570009030C1F6FF70D0F8D4018047BFF34F8F71
:1035800080BD000080B548F29030C1F6FF70D0F8E1
:10359000D8018047BFF34F8F80BD000080B548F24F
:1035A0009030C1F6FF70D0F8DC018047BFF34F8F39
:1035B00080BD000080B548F29030C1F6FF70D0F8B1
:1035C000E0018047BFF34F8F80BD000080B548F217
:1035D0009030C1F6FF70D0F8E4018047BFF34F8F01
:1035E00080BD000080B548F29030C1F6FF70D0F881
:1035F000E8018047BFF34F8F80BD000080B548F2DF
:103600009030C1F6FF70D0F8EC018047BFF34F8FC8
:1036100080BD000080B548F29030C1F6FF70D0F850
:10362000F0018047BFF34F8F80BD000080B548F2A6
:103630009030C1F6FF70D0F8F4018047BFF34F8F90
:1036400080BD000080B548F29030C1F6FF70D0F820
:10365000F8018047BFF34F8F80BD000080B548F26E
:103660009030C1F6FF70D0F8FC018047BFF34F8F58
:1036700080BD000080B582B041F25C20C4F205003C
:103680000068019040F68020C4F2A2200068012862
:1036900008D1FFE79DF80400C00718B1FFE7FEF767
:1036A000D5F9FFE740F68420C4F2A2200068012883
:1036B00009D1FFE79DF804008007002803D5FFE744
:1036C000FEF7C6F9FFE740F68820C4F2A2200068A2
:1036D000012809D1FFE79DF804004007002803D521
:1036E000FFE7FEF7B7F9FFE740F68C20C4F2A2200F
:1036F0000068012809D1FFE79DF8040000070028B1
:1037000003D5FFE7FEF7A8F9FFE740F69020C4F2E3
:10371000A2200068012809D1FFE79DF80400C00637
:10372000002803D5FFE7FEF799F9FFE740F694205C
:10373000C4F2A2200068012809D1FFE79DF8040027
:103740008006002803D5FFE7FEF78AF9FFE740F679
:103750009820C4F2A2200068012809D1FFE79DF853
:1037600004004006002803D5FFE7FEF77BF9FFE7DA
:1037700040F69C20C4F2A2200068012809D1FFE78E
:103780009DF804000006002803D5FFE7FEF76CF95A
:10379000FFE740F6A020C4F2A2200068012808D16B
:1037A000FFE79DF80500C00718B1FFE7FEF75EF9D7
:1037B000FFE740F6A420C4F2A2200068012809D146
:1037C000FFE79DF805008007002803D5FFE7FEF717
:1037D0004FF9FFE740F6A820C4F2A22000680128B4
:1037E00009D1FFE79DF805004007002803D5FFE752
:1037F000FEF740F9FFE740F6AC20C4F2A2200068D3
:10380000012809D1FFE79DF805000007002803D52E
:10381000FFE7FEF731F9FFE740F6B020C4F2A2203F
:103820000068012809D1FFE79DF80500C0060028BF
:1038300003D5FFE7FEF722F9FFE740F6B420C4F214
:10384000A2200068012809D1FFE79DF80500800645
:10385000002803D5FFE7FEF713F9FFE740F6B8208D
:10386000C4F2A2200068012809D1FFE79DF80500F5
:103870004006002803D5FFE7FEF704F9FFE740F60E
:10388000BC20C4F2A2200068012809D1FFE79DF8FE
:1038900005000006002803D5FFE7FEF7F5F8FFE76F
:1038A000BFF34F8F02B080BD80B584B041F260207D
:1038B000C4F205000068039040F6B030C4F2A620C0
:1038C000006801284FD1FFE740F20020C4F2A62093
:1038D000006888B9FFE740F20010C4F2A620006833
:1038E000012808D1FFE79DF80C00C00718B1FFE7D9
:1038F000FDF798FFFFE7FFE740F24020C4F2A62063
:10390000006888B9FFE740F24010C4F2A6200068C2
:10391000012808D1FFE79DF80D00C00718B1FFE7A7
:10392000FDF770FFFFE7FFE743F20400C4F2050074
:10393000006800F00110029043F20C00C4F2050090
:1039400001684FF0011088430190029801990842E4
:1039500008D0FFE79DF80E00C00718B1FFE7FDF79C
:1039600059FFFFE7FFE741F2B030C4F2A62000683C
:10397000012851D1FFE740F20420C4F2A6200068DC
:1039800090B9FFE740F20410C4F2A62000680128B5
:1039900009D1FFE79DF80C008007002803D5FFE759
:1039A000FDF742FFFFE7FFE740F24420C4F2A62004
:1039B000006890B9FFE740F24410C4F2A620006806
:1039C000012809D1FFE79DF80D008007002803D5E5
:1039D000FFE7FDF719FFFFE7FFE743F20400C4F23A
:1039E0000500006800F00210029043F20C00C4F2DF
:1039F000050001684FF00210884301900298019978
:103A0000084208D0FFE79DF80E00C00718B1FFE795
:103A1000FDF702FFFFE7FFE741F6B030C4F2A62052
:103A20000068012851D1FFE740F20820C4F2A62027
:103A3000006890B9FFE740F20810C4F2A6200068C1
:103A4000012809D1FFE79DF80C004007002803D5A5
:103A5000FFE7FDF7EBFEFFE7FFE740F24820C4F287
:103A6000A620006890B9FFE740F24810C4F2A620F3
:103A70000068012809D1FFE79DF80D0040070028E4
:103A800003D5FFE7FDF7C2FEFFE7FFE743F20400BF
:103A9000C4F20500006800F00410029043F20C002C
:103AA000C4F2050001684FF00410884301900298A9
:103AB0000199084208D0FFE79DF80E00C00718B131
:103AC000FFE7FDF7ABFEFFE7FFE742F2B030C4F2DD
:103AD000A6200068012851D1FFE740F20C20C4F273
:103AE000A620006890B9FFE740F20C10C4F2A620AF
:103AF0000068012809D1FFE79DF80C0000070028A5
:103B000003D5FFE7FDF794FEFFE7FFE740F24C2007
:103B1000C4F2A620006890B9FFE740F24C10C4F24E
:103B2000A6200068012809D1FFE79DF80D000007D5
:103B3000002803D5FFE7FDF76BFEFFE7FFE743F241
:103B40000400C4F20500006800F00810029043F27F
:103B50000C00C4F2050001684FF008108843019082
:103B600002980199084208D0FFE79DF80E00C007AF
:103B700018B1FFE7FDF754FEFFE7FFE748F6B03066
:103B8000C4F2A6200068012852D1FFE748F20020C5
:103B9000C4F2A620006890B9FFE748F20010C4F212
:103BA000A6200068012809D1FFE79DF80C00C00697
:103BB000002803D5FFE7FDF74DFEFFE7FFE748F2DA
:103BC0004020C4F2A620006890B9FFE748F24010F8
:103BD000C4F2A6200068012809D1FFE79DF80D0076
:103BE000C006002803D5FFE7FDF724FEFFE7FFE747
:103BF00043F20440C4F20500006800F00110029096
:103C000043F20C40C4F2050001684FF001108843F4
:103C1000019002980199084209D0FFE79DF80E0033
:103C20008007002803D5FFE7FDF70CFEFFE7FFE75D
:103C300049F2B030C4F2A6200068012852D1FFE753
:103C400048F20420C4F2A620006890B9FFE748F2C9
:103C50000410C4F2A6200068012809D1FFE79DF8EE
:103C60000C008006002803D5FFE7FDF7F5FDFFE710
:103C7000FFE748F24420C4F2A620006890B9FFE7AD
:103C800040F24410C4F2A6200068012809D1FFE7E1
:103C90009DF80D008006002803D5FFE7FDF7CCFD59
:103CA000FFE7FFE743F20440C4F20500006800F0BC
:103CB0000210029043F20C40C4F2050001684FF07C
:103CC00002108843019002980199084209D0FFE749
:103CD0009DF80E008007002803D5FFE7FDF7B4FD2F
:103CE000FFE7FFE749F6B030C4F2A62000680128DC
:103CF00052D1FFE748F20820C4F2A620006890B92C
:103D0000FFE748F20810C4F2A6200068012809D194
:103D1000FFE79DF80C004006002803D5FFE7FDF7FC
:103D20009DFDFFE7FFE748F24820C4F2A6200068A7
:103D300090B9FFE740F24810C4F2A62000680128BD
:103D400009D1FFE79DF80D004006002803D5FFE7E5
:103D5000FDF774FDFFE7FFE743F20440C4F20500FE
:103D6000006800F00410029043F20C40C4F2050019
:103D700001684FF0041088430190029801990842AD
:103D800009D0FFE79DF80E008007002803D5FFE764
:103D9000FDF75CFDFFE7FFE74AF2B030C4F2A62072
:103DA0000068012852D1FFE748F20C20C4F2A62097
:103DB000006890B9FFE748F20C10C4F2A620006832
:103DC000012809D1FFE79DF80C000006002803D563
:103DD000FFE7FDF745FDFFE7FFE748F24C20C4F29F
:103DE000A620006890B9FFE740F24C10C4F2A6206C
:103DF0000068012809D1FFE79DF80D0000060028A2
:103E000003D5FFE7FDF71CFDFFE7FFE743F20440A2
:103E1000C4F20500006800F00810029043F20C4064
:103E2000C4F2050001684FF0081088430190029821
:103E30000199084209D0FFE79DF80E00800700288D
:103E400003D5FFE7FDF704FDFFE7FFE748F2003089
:103E5000C4F220200068012812D1FFE740F2104090
:103E6000C4F201000068000748B1FFE79DF80E00AA
:103E70004007002803D5FFE7FDF764FDFFE7FFE7F4
:103E800048F20830C4F220200068012812D1FFE770
:103E900048F21420C4F220200068012809D1FFE76D
:103EA0009DF80E000007002803D5FFE7FDF746FD4B
:103EB000FFE7FFE748F20430C4F220200068012841
:103EC00012D1FFE748F21020C4F220200068012838
:103ED00009D1FFE79DF80E00C006002803D5FFE7D3
:103EE000FDF72EFDFFE7FFE70C20C9F60040006854
:103EF0000006002809D5FFE79DF80E0040060028BF
:103F000003D5FFE702F0DEFBFFE77C20C4F2A4202C
:103F1000006801281CD1FFE742F21800C4F2050036
:103F20000068029042F20400C4F2050000680190AB
:103F3000029801990840400648B1FFE79DF80E003D
:103F40000006002803D5FFE7FDF7F4FBFFE7FFE7D6
:103F500048F27C00C4F2A420006801281BD1FFE7CE
:103F600042F21840C4F205000068029042F2044098
:103F7000C4F20500006801900298019908404006CB
:103F800040B1FFE79DF80F00C00718B1FFE7FDF74C
:103F9000D3FBFFE7FFE77C20C4F2A52000680128DF
:103FA0001CD1FFE742F61800C4F205000068029039
:103FB00042F60400C4F205000068019002980199DD
:103FC0000840400648B1FFE79DF80F008007002831
:103FD00003D5FFE7FDF7B2FBFFE7FFE748F27C0000
:103FE000C4F2A520006801281CD1FFE742F6184062
:103FF000C4F205000068029042F60440C4F20500D5
:1040000000680190029801990840400648B1FFE716
:104010009DF80F004007002803D5FFE7FDF790FB50
:10402000FFE7FFE7BFF34F8F04B080BD80B582B0DC
:1040300041F26420C4F205000068019040F20820BB
:10404000C4F248200068012811D1FFE740F2802027
:10405000C4F248200068012808D1FFE79DF8040059
:10406000C00718B1FFE702F061FFFFE7FFE740F28A
:104070004820C4F248200068012812D1FFE740F22E
:10408000C020C4F248200068012809D1FFE79DF84C
:1040900004008007002803D5FFE702F049FFFFE78F
:1040A000FFE748F20820C4F248200068012812D136
:1040B000FFE748F28020C4F248200068012809D1B7
:1040C000FFE79DF804004007002803D5FFE702F052
:1040D00031FFFFE7FFE748F24820C4F248200068BC
:1040E000012812D1FFE748F2C020C4F2482000683E
:1040F000012809D1FFE79DF804000007002803D537
:10410000FFE702F019FFFFE7FFE744F24000C4F2C7
:1041100005000078C00790B1FFE744F24100C4F207
:1041200005000078C00748B1FFE79DF8060080064B
:10413000002803D5FFE7FDF7BFFAFFE7FFE74CF2E2
:104140000040C4F204000088C004002809D5FFE73D
:104150009DF806004006002803D5FFE702F07CFA30
:10416000FFE749F20440C4F20400006810F4403F45
:1041700009D0FFE79DF806000006002803D5FFE7F9
:1041800002F0F0FAFFE7BFF34F8F02B080BD0000EE
:1041900080B584B041F26820C4F205000068039045
:1041A00040F68020C4F230200068012811D1FFE7DA
:1041B00040F60060C4F230200068012808D1FFE713
:1041C0009DF80C00C00718B1FFE703F019F9FFE7ED
:1041D000FFE740F68420C4F230200068012812D1A5
:1041E000FFE740F60460C4F230200068012809D1DE
:1041F000FFE79DF80C008007002803D5FFE703F0D8
:1042000001F9FFE7FFE740F68820C4F2302000689C
:10421000012812D1FFE740F60860C4F230200068A0
:10422000012809D1FFE79DF80C004007002803D5BD
:10423000FFE703F0E9F8FFE7FFE740F68C20C4F260
:1042400030200068012812D1FFE740F60C60C4F26C
:1042500030200068012809D1FFE79DF80C00000715
:10426000002803D5FFE703F0D1F8FFE7FFE740F6AA
:104270009020C4F230200068012812D1FFE740F6F8
:104280001060C4F230200068012809D1FFE79DF8D2
:104290000C00C006002803D5FFE703F0B9F8FFE7DC
:1042A000FFE740F69420C4F230200068012812D1C4
:1042B000FFE740F61460C4F230200068012809D1FD
:1042C000FFE79DF80C008006002803D5FFE703F008
:1042D000A1F8FFE7FFE740F69820C4F2302000681D
:1042E000012812D1FFE740F61860C4F230200068C0
:1042F000012809D1FFE79DF80C004006002803D5EE
:10430000FFE703F08BF8FFE7FFE740F69C20C4F2DD
:1043100030200068012812D1FFE740F61C60C4F28B
:1043200030200068012809D1FFE79DF80C00000645
:10433000002803D5FFE703F073F8FFE7FFE740F637
:10434000A020C4F230200068012811D1FFE740F618
:104350002060C4F230200068012808D1FFE79DF8F2
:104360000D00C00718B1FFE703F056F8FFE7FFE7BD
:1043700048F25400C4F20100006800F44030C00963
:10438000029048F27000C4F20100006800F4C060BE
:10439000019002980199084209D0FFE79DF80D00AD
:1043A0000007002803D5FFE703F03CF8FFE748F2D9
:1043B0005400C4F20100006800F44020C0090290DB
:1043C00048F27000C4F20100006800F4C05001908F
:1043D00002980199084209D0FFE79DF80D00C00638
:1043E000002803D5FFE703F01FF8FFE748F6802019
:1043F000C4F230200068012811D1FFE748F60060C0
:10440000C4F230200068012808D1FFE79DF80E00B3
:10441000C00718B1FFE703F009F8FFE7FFE748F628
:104420008420C4F230200068012812D1FFE748F64A
:104430000460C4F230200068012809D1FFE79DF82C
:104440000E008007002803D5FFE702F0F1FFFFE729
:10445000FFE748F68820C4F230200068012812D116
:10446000FFE748F60860C4F230200068012809D14F
:10447000FFE79DF80E004007002803D5FFE702F094
:10448000D9FFFFE7FFE748F68C20C4F23020006830
:10449000012812D1FFE748F60C60C4F23020006812
:1044A000012809D1FFE79DF80E000007002803D579
:1044B000FFE702F0C1FFFFE7FFE748F69020C4F2F4
:1044C00030200068012812D1FFE748F61060C4F2DE
:1044D00030200068012809D1FFE79DF80E00C006D2
:1044E000002803D5FFE702F0A9FFFFE7FFE748F642
:1044F0009420C4F230200068012812D1FFE748F66A
:104500001460C4F230200068012809D1FFE79DF84B
:104510000E008006002803D5FFE702F091FFFFE7B9
:10452000FFE748F69820C4F230200068012812D135
:10453000FFE748F61860C4F230200068012809D16E
:10454000FFE79DF80E004006002803D5FFE702F0C4
:104550007BFFFFE7FFE748F69C20C4F230200068AD
:10456000012812D1FFE748F61C60C4F23020006831
:10457000012809D1FFE79DF80E000006002803D5A9
:10458000FFE702F063FFFFE7FFE748F6A020C4F271
:1045900030200068012811D1FFE748F62060C4F2FE
:1045A00030200068012808D1FFE79DF80F00C00700
:1045B00018B1FFE702F046FFFFE7FFE748F254407B
:1045C000C4F20100006800F44030C009029048F2D3
:1045D0007040C4F20100006800F4C06001900298CD
:1045E0000199084209D0FFE79DF80F000007002855
:1045F00003D5FFE702F02CFFFFE748F25440C4F276
:104600000100006800F44020C009029048F27040A8
:10461000C4F20100006800F4C050019002980199B2
:10462000084209D0FFE79DF80F00C006002803D517
:10463000FFE702F00FFFFFE7BFF34F8F04B080BD2D
:1046400080B584B041F26C20C4F20500006803908C
:1046500040F68020C4F231200068012811D1FFE724
:1046600040F60060C4F231200068012808D1FFE75D
:104670009DF80C00C00718B1FFE702F0EDFEFFE760
:10468000FFE740F68420C4F231200068012812D1EF
:10469000FFE740F60460C4F231200068012809D128
:1046A000FFE79DF80C008007002803D5FFE702F024
:1046B000D5FEFFE7FFE740F68820C4F2312000680E
:1046C000012812D1FFE740F60860C4F231200068EB
:1046D000012809D1FFE79DF80C004007002803D509
:1046E000FFE702F0BDFEFFE7FFE740F68C20C4F2D3
:1046F00031200068012812D1FFE740F60C60C4F2B7
:1047000031200068012809D1FFE79DF80C0000075F
:10471000002803D5FFE702F0A5FEFFE7FFE740F61C
:104720009020C4F231200068012812D1FFE740F642
:104730001060C4F231200068012809D1FFE79DF81C
:104740000C00C006002803D5FFE702F08DFEFFE74E
:10475000FFE740F69420C4F231200068012812D10E
:10476000FFE740F61460C4F231200068012809D147
:10477000FFE79DF80C008006002803D5FFE702F054
:1047800075FEFFE7FFE740F69820C4F2312000688D
:10479000012812D1FFE740F61860C4F2312000680A
:1047A000012809D1FFE79DF80C004006002803D539
:1047B000FFE702F05FFEFFE7FFE740F69C20C4F250
:1047C00031200068012812D1FFE740F61C60C4F2D6
:1047D00031200068012809D1FFE79DF80C00000690
:1047E000002803D5FFE702F047FEFFE7FFE740F6AA
:1047F000A020C4F231200068012811D1FFE740F663
:104800002060C4F231200068012808D1FFE79DF83C
:104810000D00C00718B1FFE702F02AFEFFE7FFE72F
:1048200048F65400C4F20100006800F44030C009AA
:10483000029048F67000C4F20100006800F4C06005
:1048400001900298019908420CD0FFE79DF80D00F5
:1048500000F008010020B0EBD10F03D0FFE702F019
:104860000DFEFFE748F65400C4F20100006800F4B2
:104870004020C009029048F67000C4F201000068B0
:1048800000F4C05001900298019908420CD0FFE753
:104890009DF80D0000F010010020B0EB111F03D0B7
:1048A000FFE702F0EDFDFFE7BFF34F8F04B080BDDF
:1048B00080B584B041F27C20C4F20500006801900C
:1048C00041F23000C4F22A200068012811D1FFE72C
:1048D00041F23800C4F22A200068012808D1FFE71D
:1048E0009DF80400C00718B1FFE702F0CDFDFFE717
:1048F000FFE741F23400C4F22A200068012812D1F7
:10490000FFE741F23C00C4F22A200068012809D1E7
:10491000FFE79DF804008007002803D5FFE702F0B9
:10492000B5FDFFE7FFE745F29000C4F20100008803
:10493000039045F29C00C4F20100008802909DF8AB
:104940000C009DF80810084209D0FFE79DF804000C
:104950004007002803D5FFE702F094FDFFE749F286
:104960003000C4F22A200068012812D1FFE749F282
:104970003800C4F22A200068012809D1FFE79DF819
:1049800004000007002803D5FFE702F083FDFFE7DE
:10499000FFE749F23400C4F22A200068012812D14E
:1049A000FFE749F23C00C4F22A200068012809D13F
:1049B000FFE79DF80400C006002803D5FFE702F0DA
:1049C0006BFDFFE7FFE745F29040C4F2010000886D
:1049D000039045F29C40C4F20100008802909DF8CB
:1049E0000C009DF80810084209D0FFE79DF804006C
:1049F0008006002803D5FFE702F04AFDFFE741F2F9
:104A00003000C4F22B200068012812D1FFE741F2E8
:104A10003800C4F22B200068012809D1FFE79DF877
:104A200004004006002803D5FFE702F039FDFFE748
:104A3000FFE741F23400C4F22B200068012812D1B4
:104A4000FFE741F23C00C4F22B200068012809D1A5
:104A5000FFE79DF804000006002803D5FFE702F0F9
:104A600021FDFFE7FFE745F69000C4F20100008852
:104A7000039045F69C00C4F20100008802909DF866
:104A80000C009DF80810084208D0FFE79DF80500CB
:104A9000C00718B1FFE702F001FDFFE749F230005F
:104AA000C4F22B200068012812D1FFE749F2380038
:104AB000C4F22B200068012809D1FFE79DF805000A
:104AC0008007002803D5FFE702F0F0FCFFE7FFE7CF
:104AD00049F23400C4F22B200068012812D1FFE70C
:104AE00049F23C00C4F22B200068012809D1FFE7FD
:104AF0009DF805004007002803D5FFE702F0D8FC29
:104B0000FFE7FFE745F69040C4F2010000880390FC
:104B100045F69C40C4F20100008802909DF80C000C
:104B20009DF80810084209D0FFE79DF8050000072E
:104B3000002803D5FFE702F0B7FCFFE741F23000A1
:104B4000C4F22C200068012812D1FFE741F238009E
:104B5000C4F22C200068012809D1FFE79DF8050068
:104B6000C006002803D5FFE702F0A6FCFFE7FFE739
:104B700041F23400C4F22C200068012812D1FFE772
:104B800041F23C00C4F22C200068012809D1FFE763
:104B90009DF805008006002803D5FFE702F08EFC93
:104BA000FFE7FFE746F29000C4F20100008803909F
:104BB00046F29C00C4F20100008802909DF80C00AF
:104BC0009DF80810084209D0FFE79DF8050040064F
:104BD000002803D5FFE702F06DFCFFE749F2300043
:104BE000C4F22C200068012811D1FFE749F23800F7
:104BF000C4F22C200068012808D1FFE79DF80600C8
:104C0000C00718B1FFE702F05DFCFFE7FFE749F2DC
:104C10003400C4F22C200068012812D1FFE749F2C9
:104C20003C00C4F22C200068012809D1FFE79DF860
:104C300006008007002803D5FFE702F045FCFFE7E8
:104C4000FFE746F29040C4F201000088039046F26C
:104C50009C40C4F20100008802909DF80C009DF871
:104C60000810084209D0FFE79DF806004007002819
:104C700003D5FFE702F024FCFFE740F20010C4F286
:104C80008030006801281FD1FFE71820C4F20C0013
:104C900000684FF6FB41CFF27C710840039014206E
:104CA000C4F20C0000680840029003980299084280
:104CB00009D0FFE79DF806000007002803D5FFE7AD
:104CC00002F06EFFFFE7FFE74DF20000C4F20100C3
:104CD000006803904DF20C00C4F2010000680290DD
:104CE0009DF80800800600280FD5FFE79DF80C000E
:104CF00010F00B0F09D0FFE79DF8060040060028D2
:104D000003D5FFE702F024FFFFE70298039908406C
:104D10008006002809D5FFE79DF806000006002858
:104D200003D5FFE702F016FFFFE70298039908405A
:104D30000006002808D5FFE79DF80700C00718B156
:104D4000FFE702F00DFFFFE70298039908404006D5
:104D5000002809D5FFE79DF807008007002803D544
:104D6000FFE702F0FBFEFFE79DF808008007002840
:104D70000ED5FFE79DF80D00C00748B1FFE79DF88D
:104D800007004007002803D5FFE702F0E5FEFFE734
:104D90004DF20040C4F20100006803904DF20C4057
:104DA000C4F20100006802909DF808008006002807
:104DB0000FD5FFE79DF80C0010F00B0F09D0FFE7AF
:104DC0009DF807000007002803D5FFE702F0CAFEA0
:104DD000FFE70298039908408006002809D5FFE7FD
:104DE0009DF80700C006002803D5FFE702F0BCFECF
:104DF000FFE70298039908400006002809D5FFE75D
:104E00009DF807008006002803D5FFE702F0B2FEF8
:104E1000FFE70298039908404006002809D5FFE7FC
:104E20009DF807004006002803D5FFE702F0A0FE2A
:104E3000FFE79DF80800800700280ED5FFE79DF8E2
:104E40000D00C00748B1FFE79DF8070000060028E5
:104E500003D5FFE702F08AFEFFE7BFF34F8F04B0F0
:104E600080BD000080B584B041F28020C4F205000E
:104E70000068019041F20000C4F202000068039053
:104E800041F20C00C4F20200006802909DF8080094
:104E9000800600280ED5FFE79DF80C0010F00B0FE0
:104EA00008D0FFE79DF80400C00718B1FFE702F043
:104EB00063FEFFE70298039908408006002809D5A1
:104EC000FFE79DF804008007002803D5FFE702F004
:104ED00055FEFFE70298039908400006002809D50F
:104EE000FFE79DF804004007002803D5FFE702F024
:104EF0004BFEFFE70298039908404006002809D5B9
:104F0000FFE79DF804000007002803D5FFE702F043
:104F100039FEFFE79DF80800800700280ED5FFE75F
:104F20009DF80D00C00748B1FFE79DF80400C006DA
:104F3000002803D5FFE702F023FEFFE741F200401F
:104F4000C4F202000068039041F20C40C4F2020077
:104F5000006802909DF80800800600280FD5FFE742
:104F60009DF80C0010F00B0F09D0FFE79DF804002E
:104F70008006002803D5FFE702F008FEFFE702984D
:104F8000039908408006002809D5FFE79DF8040032
:104F90004006002803D5FFE702F0FAFDFFE702987C
:104FA000039908400006002809D5FFE79DF8040092
:104FB0000006002803D5FFE702F0F0FDFFE70298A6
:104FC000039908404006002808D5FFE79DF8050032
:104FD000C00718B1FFE702F0DFFDFFE79DF808000A
:104FE000800700280ED5FFE79DF80D00C00748B1E7
:104FF000FFE79DF805008007002803D5FFE702F0D2
:10500000C9FDFFE74CF20400C4F201000068039000
:105010004CF21400C4F20100006802909DF80D00EB
:10502000400700280FD5FFE79DF80800000600287C
:1050300009D5FFE79DF805000007002803D5FFE725
:1050400001F04AFBFFE79DF80D00800700280FD50F
:10505000FFE79DF808008006002809D5FFE79DF8C6
:105060000500C006002803D5FFE701F037FBFFE786
:105070009DF80D00000700280FD5FFE79DF80800F8
:105080008007002809D4FFE79DF805008006002866
:1050900003D5FFE701F01EFBFFE79DF80D00C007F9
:1050A00078B1FFE79DF8080010F01D0F09D0FFE769
:1050B0009DF805004006002803D5FFE701F008FB36
:1050C000FFE74CF20440C4F20100006803904CF288
:1050D0001440C4F20100006802909DF80D004007E2
:1050E00000280ED5FFE79DF808000006002808D527
:1050F000FFE79DF80600C00718B1FFE701F0F4FADA
:10510000FFE79DF80D00800700280FD5FFE79DF809
:1051100008008006002809D5FFE79DF806008007F3
:10512000002803D5FFE701F0E1FAFFE79DF80D0045
:10513000000700280FD5FFE79DF80800800700282A
:1051400009D4FFE79DF806004007002803D5FFE7D4
:1051500001F0C8FAFFE79DF80D00C00778B1FFE73E
:105160009DF8080010F01D0F09D0FFE79DF806001C
:105170000007002803D5FFE701F0B2FAFFE704209B
:10518000C4F20200006803901420C4F20200006818
:1051900002909DF80D00400700280FD5FFE79DF80D
:1051A00008000006002809D5FFE79DF806008006E4
:1051B000002803D5FFE701F09FFAFFE79DF80D00F7
:1051C000800700280FD5FFE79DF80800800600281B
:1051D00009D5FFE79DF806004006002803D5FFE744
:1051E00001F08CFAFFE79DF80D00000700280FD5AD
:1051F000FFE79DF808008007002809D4FFE79DF825
:1052000006000006002803D5FFE701F073FAFFE768
:105210009DF80D00C00770B1FFE79DF8080010F081
:105220001D0F08D0FFE79DF80700C00718B1FFE782
:1052300001F05EFAFFE740F20440C4F202000068A9
:10524000039040F21440C4F20200006802909DF8FE
:105250000D00400700280FD5FFE79DF80800000665
:10526000002809D5FFE79DF807004007002803D56F
:10527000FFE701F049FAFFE79DF80D0080070028DD
:105280000FD5FFE79DF808008006002809D5FFE745
:105290009DF807000007002803D5FFE701F036FA64
:1052A000FFE79DF80D00000700280FD5FFE79DF8E8
:1052B00008008007002809D4FFE79DF80700C00612
:1052C000002803D5FFE701F01DFAFFE79DF80D0068
:1052D000C00778B1FFE79DF8080010F01D0F09D056
:1052E000FFE79DF807008006002803D5FFE701F0DF
:1052F00007FAFFE7BFF34F8F04B080BD80B582B0DF
:1053000041F28420C4F205000068019047F21800C1
:10531000C4F20100008800909DF80400C00778B135
:10532000FFE79DF80000C006002809D5FFE79DF8BB
:1053300000004006002803D5FFE702F01FF8FFE752
:105340009DF80400800700280FD5FFE79DF80000B6
:105350008006002809D5FFE79DF800000006002818
:1053600003D5FFE702F00CF8FFE747F21C00C4F298
:105370000100008800909DF80400400700280FD528
:10538000FFE79DF80000C006002809D5FFE79DF85B
:1053900000004006002803D5FFE701F0F3FFFFE718
:1053A0009DF80400000700280FD5FFE79DF80000D6
:1053B0008006002809D5FFE79DF8000000060028B8
:1053C00003D5FFE701F0E0FFFFE747F22000C4F25A
:1053D0000100008800909DF80400C00600280FD549
:1053E000FFE79DF80000C006002809D5FFE79DF8FB
:1053F00000004006002803D5FFE701F0C7FFFFE7E4
:105400009DF80400800600280FD5FFE79DF80000F6
:105410008006002809D5FFE79DF800000006002857
:1054200003D5FFE701F0B4FFFFE747F24800C4F2FD
:105430000100008800909DF80400400600280ED569
:10544000FFE79DF80100C00748B1FFE79DF80100A4
:105450008007002803D5FFE701F09CFFFFE79DF8D8
:105460000400000600280FD5FFE79DF80100800624
:10547000002809D5FFE79DF801004006002803D564
:10548000FFE701F089FFFFE747F2A400C4F2010043
:10549000008800909DF80500C00770B1FFE79DF8F7
:1054A0000000C00748B9FFE79DF80000C0060028CB
:1054B00003D5FFE701F072FFFFE79DF805008007C5
:1054C00000280ED5FFE79DF800008007002808D4CB
:1054D000FFE79DF80100C00718B1FFE701F060FF8A
:1054E000FFE79DF80500400700280FD5FFE79DF86E
:1054F00000004007002809D4FFE79DF80100C0061E
:10550000002803D5FFE701F04DFFFFE744F6180040
:10551000C4F20200008800909DF80600C00778B130
:10552000FFE79DF80000C006002809D5FFE79DF8B9
:1055300000004006002803D5FFE701F01FFFFFE74A
:105540009DF80600800700280FD5FFE79DF80000B2
:105550008006002809D5FFE79DF800000006002816
:1055600003D5FFE701F00CFFFFE744F61C00C4F28F
:105570000200008800909DF80600400700280FD523
:10558000FFE79DF80000C006002809D5FFE79DF859
:1055900000004006002803D5FFE701F009FFFFE700
:1055A0009DF80600000700280FD5FFE79DF80000D2
:1055B0008006002809D5FFE79DF8000000060028B6
:1055C00003D5FFE701F0F6FEFFE744F62000C4F242
:1055D0000200008800909DF80600C00600280FD544
:1055E000FFE79DF80000C006002809D5FFE79DF8F9
:1055F00000004006002803D5FFE701F0DDFEFFE7CD
:105600009DF80600800600280FD5FFE79DF80000F2
:105610008006002809D5FFE79DF800000006002855
:1056200003D5FFE701F0CAFEFFE744F64800C4F2E5
:105630000200008800909DF80600400600280ED564
:10564000FFE79DF80100C00748B1FFE79DF80100A2
:105650008007002803D5FFE701F0B2FEFFE79DF8C1
:105660000600000600280FD5FFE79DF80100800620
:10567000002809D5FFE79DF801004006002803D562
:10568000FFE701F09FFEFFE744F6A400C4F202002A
:10569000008800909DF80700C00770B1FFE79DF8F3
:1056A0000000C00748B9FFE79DF80000C0060028C9
:1056B00003D5FFE701F088FEFFE79DF807008007AC
:1056C00000280ED5FFE79DF800008007002808D4C9
:1056D000FFE79DF80100C00718B1FFE701F076FE73
:1056E000FFE79DF80700400700280FD5FFE79DF86A
:1056F00000004007002809D4FFE79DF80100C0061C
:10570000002803D5FFE701F063FEFFE7BFF34F8FEB
:1057100002B080BD80B582B041F28820C4F205009D
:105720000068009044F61840C4F20200008801901E
:105730009DF80000C00778B1FFE79DF80400C0069F
:10574000002809D5FFE79DF804004006002803D58E
:10575000FFE701F03FFEFFE79DF80000800700280B
:105760000FD5FFE79DF804008006002809D5FFE764
:105770009DF804000006002803D5FFE701F02CFE89
:10578000FFE744F61C40C4F20200008801909DF837
:105790000000400700280FD5FFE79DF80400C00671
:1057A000002809D5FFE79DF804004006002803D52E
:1057B000FFE701F013FEFFE79DF800000007002857
:1057C0000FD5FFE79DF804008006002809D5FFE704
:1057D0009DF804000006002803D5FFE701F000FE55
:1057E000FFE744F62040C4F20200008801909DF8D3
:1057F0000000C00600280FD5FFE79DF80400C00692
:10580000002809D5FFE79DF804004006002803D5CD
:10581000FFE701F0E7FDFFE79DF8000080060028A4
:105820000FD5FFE79DF804008006002809D5FFE7A3
:105830009DF804000006002803D5FFE701F0D4FD21
:10584000FFE744F64840C4F20200008801909DF84A
:105850000000400600280ED5FFE79DF80500C007B0
:1058600048B1FFE79DF805008007002803D5FFE752
:1058700001F0BCFDFFE79DF80000000600280FD5F1
:10588000FFE79DF805008006002809D5FFE79DF891
:1058900005004006002803D5FFE701F0A9FDFFE75A
:1058A00044F6A440C4F20200008801909DF8010073
:1058B000C00770B1FFE79DF80400C00748B9FFE7D3
:1058C0009DF80400C006002803D5FFE701F066FD3F
:1058D000FFE79DF80100800700280ED5FFE79DF83F
:1058E00004008007002808D4FFE79DF80500C007E2
:1058F00018B1FFE701F080FDFFE79DF801004007C8
:1059000000280FD5FFE79DF804004007002809D4C0
:10591000FFE79DF80500C006002803D5FFE701F06A
:105920006DFDFFE7BFF34F8F02B080BD80B584B03F
:1059300041F28C20C4F205000068039047F60C4049
:10594000C4F20100006800F00F00029047F6144016
:10595000C4F20100006800F00F0001900298019964
:10596000084209D0FFE79DF80C004006002803D547
:10597000FFE7FCF763F8FFE747F62C40C4F20100AD
:10598000006800F00F00029047F63440C4F20100B6
:10599000006800F00F00019002980199084209D0B8
:1059A000FFE79DF80C000006002803D5FFE7FCF791
:1059B00047F8FFE747F64C40C4F20100006800F0EA
:1059C0000F00029047F65440C4F20100006800F056
:1059D0000F00019002980199084208D0FFE79DF856
:1059E0000D00C00718B1FFE7FCF72CF8FFE747F6FA
:1059F0006C40C4F20100006800F00F00029047F60E
:105A00007440C4F20100006800F00F000190029899
:105A10000199084209D0FFE79DF80D008007002892
:105A200003D5FFE7FCF710F8FFE70420C4F23C20A1
:105A30000068012810D1FFE78020C4F23C200068F4
:105A4000012808D1FFE79DF80E00C00718B1FFE755
:105A5000FCF7BAFFFFE7FFE70C20C4F23C20006828
:105A6000012811D1FFE78420C4F23C2000680128FE
:105A700009D1FFE79DF80E008007002803D5FFE756
:105A8000FCF7A0FFFFE7FFE71020C4F23C2000680E
:105A9000012812D1FFE74EF20800C4F201000068AD
:105AA000800748B1FFE79DF80E004007002803D5A6
:105AB000FFE7FCF785FFFFE7FFE748F20400C4F2C9
:105AC0003C200068012812D1FFE748F28000C4F2B0
:105AD0003C200068012809D1FFE79DF80E0000076F
:105AE000002803D5FFE7FCF775FFFFE7FFE748F263
:105AF0000C00C4F23C200068012812D1FFE748F2F4
:105B00008400C4F23C200068012809D1FFE79DF819
:105B10000E00C006002803D5FFE7FCF759FFFFE79A
:105B2000FFE748F21000C4F23C200068012812D1BF
:105B3000FFE74EF20840C4F201000068800748B158
:105B4000FFE79DF80E008006002803D5FFE7FCF76D
:105B50003DFFFFE7FFE70420C4F24420006801286E
:105B600011D1FFE78020C4F244200068012809D148
:105B7000FFE79DF80E004006002803D5FFE7FCF77D
:105B80002FFFFFE7FFE70C20C4F244200068012844
:105B900011D1FFE78420C4F244200068012809D114
:105BA000FFE79DF80E000006002803D5FFE7FCF78D
:105BB00015FFFFE7FFE71020C4F24420006801282A
:105BC00011D1FFE742F20800C4F20200006880072A
:105BD00040B1FFE79DF80F00C00718B1FFE7FCF7E1
:105BE000FBFEFFE7FFE748F20400C4F24420006830
:105BF000012812D1FFE748F28000C4F24420006877
:105C0000012809D1FFE79DF80F008007002803D580
:105C1000FFE7FCF7EBFEFFE7FFE748F20C00C4F2FA
:105C200044200068012812D1FFE748F28400C4F242
:105C300044200068012809D1FFE79DF80F004007C4
:105C4000002803D5FFE7FCF7CFFEFFE7FFE748F2A8
:105C50001000C4F244200068012812D1FFE742F28C
:105C60000840C4F202000068800748B1FFE79DF8D1
:105C70000F000007002803D5FFE7FCF7B3FEFFE79E
:105C8000FFE7BFF34F8F04B080BD000080B584B044
:105C900041F29020C4F20500006803909820C4F2FD
:105CA0009C200068012812D1FFE740F29830C4F22E
:105CB0009C200068012809D1FFE79DF80C00C00670
:105CC000002803D5FFE7FCF765FEFFE7FFE79C2010
:105CD000C4F29C200068012812D1FFE740F29C30FA
:105CE000C4F29C200068012809D1FFE79DF80C0050
:105CF0008006002803D5FFE7FCF750FEFFE7FFE72B
:105D00008C20C4F29C200068012812D1FFE740F2E9
:105D10008C30C4F29C200068012809D1FFE79DF86F
:105D20000C004006002803D5FFE7FCF735FEFFE72F
:105D3000FFE74EF20400C4F20400006845F21721A8
:105D4000C0F2F001084002904EF21C00C4F20400C0
:105D500000680840019002980199084209D0FFE7C5
:105D60009DF80C000006002803D5FFE7FCF710FEA5
:105D7000FFE748F29800C4F29C200068012811D186
:105D8000FFE748F29830C4F29C200068012808D14F
:105D9000FFE79DF80D00C00718B1FFE7FCF702FE12
:105DA000FFE7FFE748F29C00C4F29C20006801284E
:105DB00012D1FFE748F29C30C4F29C200068012811
:105DC00009D1FFE79DF80D008007002803D5FFE704
:105DD000FCF7ECFDFFE7FFE748F28C00C4F29C20E3
:105DE0000068012812D1FFE748F28C30C4F29C20F1
:105DF0000068012809D1FFE79DF80D004007002841
:105E000003D5FFE7FCF7D0FDFFE7FFE74EF20440C4
:105E1000C4F20400006845F21721C0F2F001084006
:105E200002904EF21C40C4F2040000680840019049
:105E300002980199084209D0FFE79DF80D0000077C
:105E4000002803D5FFE7FCF7ABFDFFE79820C4F27D
:105E50009D200068012812D1FFE740F29830C4F27B
:105E60009D200068012809D1FFE79DF80D00C006BC
:105E7000002803D5FFE7FCF79DFDFFE7FFE79C2027
:105E8000C4F29D200068012812D1FFE740F29C3047
:105E9000C4F29D200068012809D1FFE79DF80D009C
:105EA0008006002803D5FFE7FCF788FDFFE7FFE742
:105EB0008C20C4F29D200068012812D1FFE740F237
:105EC0008C30C4F29D200068012809D1FFE79DF8BD
:105ED0000D004006002803D5FFE7FCF76DFDFFE746
:105EE000FFE74EF60400C4F20400006845F21721F3
:105EF000C0F2F001084002904EF61C00C4F204000B
:105F000000680840019002980199084209D0FFE713
:105F10009DF80D000006002803D5FFE7FCF748FDBB
:105F2000FFE744F21340C4F20500007800F00300DC
:105F3000012813D1FFE744F2E100C4F20500007824
:105F40008007002809D5FFE79DF80E00800700288C
:105F500003D5FFE700F05EFBFFE7FFE744F21340E5
:105F6000C4F20500007800F03000102813D1FFE7DC
:105F700044F2E100C4F2050000788006002809D54B
:105F8000FFE79DF80E004007002803D5FFE700F06B
:105F900043FBFFE7FFE748F20030C4F290200068BF
:105FA000012812D1FFE748F28030C4F29020006847
:105FB000012809D1FFE79DF80E00C006002803D58F
:105FC000FFE7FBF7BFFEFFE7FFE748F20430C4F24C
:105FD00090200068012812D1FFE748F28430C4F213
:105FE00090200068012809D1FFE79DF80E00800687
:105FF000002803D5FFE7FBF7A3FEFFE7FFE748F222
:106000000830C4F290200068012812D1FFE748F25E
:106010008830C4F290200068012809D1FFE79DF87C
:106020000E004006002803D5FFE7FCF721F8FFE744
:10603000FFE749F20400C4F20400006810F4403F96
:1060400009D0FFE79DF80E000006002803D5FFE702
:1060500001F0A8FDFFE7BFF34F8F04B080BD000043
:1060600080B582B041F29420C4F20500006801902E
:1060700040F6E000C4F280200068012811D1FFE75B
:1060800040F6C000C4F280200068012808D1FFE774
:106090009DF80400C00718B1FFE7FAF7F3FBFFE72C
:1060A000FFE740F6E400C4F280200068012812D126
:1060B000FFE740F6C400C4F280200068012809D13F
:1060C000FFE79DF804008007002803D5FFE7FAF7F3
:1060D000DBFBFFE7FFE741F22040C4F280200068CD
:1060E000012811D1FFE7B020C4F204000068C0030A
:1060F00048B1FFE79DF804004007002803D5FFE7FB
:10610000FAF7BEFBFFE7FFE741F22040C4F2802030
:106110000068012811D1FFE7B020C4F20400006834
:10612000C00348B1FFE79DF804000007002803D52D
:10613000FFE7FAF7ABFBFFE7FFE748F6E000C4F242
:1061400080200068012812D1FFE748F6C000C4F2A1
:1061500080200068012809D1FFE79DF80400C006EF
:10616000002803D5FFE7FAF795FBFFE7FFE748F6BE
:10617000E400C4F280200068012812D1FFE748F64D
:10618000C400C4F280200068012809D1FFE79DF80F
:1061900004008006002803D5FFE7FAF77DFBFFE740
:1061A000FFE749F22040C4F280200068012812D1A4
:1061B000FFE740F2B040C4F204000068C00548B1F7
:1061C000FFE79DF804004006002803D5FFE7FAF733
:1061D0005FFBFFE7FFE749F22040C4F28020006840
:1061E000012812D1FFE740F2B040C4F20400006879
:1061F000C00548B1FFE79DF804000006002803D55C
:10620000FFE7FAF74BFBFFE7FFE7BFF34F8F02B063
:1062100080BD000080B586B041F29820C4F2050030
:10622000006802909DF808004007002834D5FFE779
:106230004FF63040C4F206000088ADF812004FF669
:106240003840C4F206000088ADF810004FF6324026
:10625000C4F206000088ADF80E004FF63A40C4F2D2
:1062600006000088ADF80C00BDF81200BDF8101053
:10627000084040F2F71108420AD1FFE7BDF80E00CE
:10628000BDF80C10084040F27F11084203D0FFE730
:1062900000F01AFAFFE7FFE79DF8080080060028E3
:1062A00030D5FFE73020C4F207000088ADF81200B7
:1062B0003820C4F207000088ADF810003220C4F284
:1062C00007000088ADF80E003A20C4F207000088ED
:1062D000ADF80C00BDF81200BDF81010084040F2F7
:1062E000F71108420AD1FFE7BDF80E00BDF80C1007
:1062F000084040F27F11084203D0FFE700F0E6F9C2
:10630000FFE7FFE79DF808004006002840F187807E
:10631000FFE740F2A540C4F2070000788DF81700AF
:1063200040F2A440C4F2070000788DF8160040F255
:10633000A640C4F2070000788DF8150040F2BF4077
:10634000C4F2070000788DF814009DF814100120A5
:106350008906002901905AD4FFE79DF81710012003
:10636000C9070029019052D1FFE79DF817009DF859
:1063700016100140012011F0FE0F019047D1FFE7F8
:106380009DF81500C00740B1FFE79DF815100120EA
:106390008907002901903AD4FFE79DF815004007CE
:1063A000002808D5FFE79DF81510012009070029EE
:1063B00001902CD4FFE79DF81500C006002808D5F1
:1063C000FFE79DF8151001208906002901901ED4D1
:1063D000FFE79DF814000007002808D5FFE79DF8A7
:1063E00014100120C9060029019010D4FFE79DF880
:1063F0001410002049060029009005D5FFE79DF8FC
:106400001400C0090090FFE700980190FFE7019891
:10641000C00718B1FFE7FAF7B5FBFFE7FFE7BFF3E7
:106420004F8F06B080BD000080B545F20000C4F279
:106430000100402101F0AAF801280BD1FFE745F245
:106440000000C4F20100402101F040F8012002F0F8
:106450003FF8FFE780BD000080B582B001909DF855
:106460000400C00718B1FFE7FBF776FAFFE79DF8D5
:1064700004008007002803D5FFE700F097F8FFE746
:106480009DF804004007002803D5FFE7FCF742F819
:10649000FFE79DF804008006002803D5FFE700F021
:1064A00073F8FFE79DF80400C006002805D5FFE754
:1064B0004AF2085000F0C2F8FFE79DF804004006D9
:1064C000002805D5FFE74AF2035000F0B7F8FFE7D0
:1064D0009DF804000006002803D5FFE700F024F92A
:1064E000FFE702B080BD000080B582B001909DF84A
:1064F0000400C00718B1FFE7FBF726FAFFE79DF895
:1065000004008007002803D5FFE700F045F8FFE707
:106510009DF804004007002803D5FFE7FBF7F2FFD2
:10652000FFE79DF804008006002803D5FFE700F090
:1065300023F8FFE79DF80400C006002805D5FFE713
:106540004AF2085000F06AF8FFE79DF804004006A0
:10655000002805D5FFE74AF2035000F05FF8FFE797
:106560009DF804000006002803D5FFE700F0D0F8EE
:10657000FFE702B080BD00008C21C4F2050149F2A2
:10658000A4600860704700008C21C4F2050149F244
:10659000A56008607047000048F21001C4F20401D1
:1065A0000020CAF2A55008607047000048F21001B0
:1065B000C4F204010120CAF2A5500860704700002F
:1065C00080B5FFE744F2FE30C4F205000088800782
:1065D000002801D5FFE708E04CF66810C0F2000083
:1065E00040F2AD41FBF7AEF8FFE7FFE744F20241AE
:1065F000C4F20501087800F0C0000F30087044F2C2
:106600000F41C4F20501102008701E20FBF7CCF8E2
:10661000002080BD704700007047000081B0ADF8D9
:106620000200BDF8022044F2FE31C4F205010888E0
:10663000904340F42540088001B0704781B0ADF828
:106640000200BDF8022044F2FE31C4F205010888C0
:106650001043088001B07047704700000000000040
:10666000EFF30980BFF36F8F154B1A681EF0100F00
:1066700008BF20ED108A20E9F04F10602DE90900D5
:106680004FF0500080F31188BFF34F8FBFF36F8F2F
:1066900004F064FC4FF0000080F31188BDE80900AD
:1066A00019680868B0E8F04F1EF0100F08BFB0EC92
:1066B000108A80F30988BFF36F8F704700BF00BF57
:1066C0005086FF1F704700007047000070470000B1
:1066D00070470000704700007047000070470000DE
:1066E00070470000704700007047000070470000CE
:1066F00070470000704700007047000070470000BE
:1067000070470000704700007047000070470000AD
:1067100040F60401C4F205017620086040F60C0141
:10672000C4F205010860704740F60401C4F2050197
:106730007720086040F60C01C4F20501086070473C
:10674000074B19680868B0E8F04F80F30988BFF379
:106750006F8F4FF0000080F31188704700BF00BFBB
:106760005086FF1F7047000080B588B007900691E3
:1067700000208DF8170048F20000C4F20400006801
:10678000049048F20400C4F204000068039048F248
:106790000800C4F204000068029048F20C00C4F241
:1067A000040000680190FFE79DF81B00400750B30C
:1067B000FFE7069800F0E060B0F1807F23D0FFE7AC
:1067C000069800F0E060B0F1007F1CD0FFE706986B
:1067D00000F0E060B0F1407F15D0FFE7069800F0D0
:1067E000E060B0F1806F0ED0FFE7069800F0E06047
:1067F000B0F1A06F07D0FFE7069800F0E060B0F1BD
:10680000C06F01D1FFE708E04CF63400C0F2000091
:1068100040F2A121FAF796FFFFE7FFE7FFE79DF8B7
:10682000180010F0700F24D0FFE7069800F07000F9
:1068300010281ED0FFE7069800F07000202818D01E
:10684000FFE7069800F07000302812D0FFE70698A6
:1068500000F0700040280CD0FFE7069800F07000B0
:10686000502806D0FFE7069800F07000602801D19C
:10687000FFE708E04CF63400C0F2000040F2A2212D
:10688000FAF760FFFFE7FFE7FFE79DF81A00400710
:1068900050B3FFE7069800F4E020B0F5803F23D026
:1068A000FFE7069800F4E020B0F5003F1CD0FFE7BA
:1068B000069800F4E020B0F5403F15D0FFE70698B9
:1068C00000F4E020B0F5802F0ED0FFE7069800F42A
:1068D000E020B0F5A02F07D0FFE7069800F4E020F5
:1068E000B0F5C02F01D1FFE708E04CF63400C0F24C
:1068F000000040F2A321FAF725FFFFE7FFE7FFE7DB
:106900009DF81A0010F0700F2AD0FFE7069800F4E7
:10691000E000B0F5801F23D0FFE7069800F4E00008
:10692000B0F5001F1CD0FFE7069800F4E000B0F5BA
:10693000401F15D0FFE7069800F4E000B0F5800F87
:106940000ED0FFE7069800F4E000B0F5A00F07D0E6
:10695000FFE7069800F4E000B0F5C00F01D1FFE7B3
:1069600008E04CF63400C0F200004FF42971FAF749
:10697000E9FEFFE7FFE7FFE79DF81800400720B3B7
:10698000FFE7069800F0070001281ED0FFE70698F1
:1069900000F00700022818D0FFE7069800F0070073
:1069A000032812D0FFE7069800F0070004280CD057
:1069B000FFE7069800F00700052806D0FFE70698D5
:1069C00000F00700062801D1FFE708E04CF634008C
:1069D000C0F2000040F2A521FAF7B4FEFFE7FFE79E
:1069E000FFE79DF81900400750B3FFE7069800F451
:1069F000E060B0F5807F23D0FFE7069800F4E06008
:106A0000B0F5007F1CD0FFE7069800F4E060B0F519
:106A1000407F15D0FFE7069800F4E060B0F5806F86
:106A20000ED0FFE7069800F4E060B0F5A06F07D045
:106A3000FFE7069800F4E060B0F5C06F01D1FFE712
:106A400008E04CF63400C0F2000040F2A621FAF74C
:106A500079FEFFE7FFE7FFE79DF8190010F0700FE0
:106A60002AD0FFE7069800F4E040B0F5805F23D01D
:106A7000FFE7069800F4E040B0F5005F1CD0FFE7A8
:106A8000069800F4E040B0F5405F15D0FFE70698A7
:106A900000F4E040B0F5804F0ED0FFE7069800F418
:106AA000E040B0F5A04F07D0FFE7069800F4E040C3
:106AB000B0F5C04F01D1FFE708E04CF63400C0F25A
:106AC000000040F2A721FAF73DFEFFE7FFE7FFE7EE
:106AD000079847F27771C0F27771084201D0FFE75B
:106AE00008E04CF63400C0F200004FF42A71FAF7C7
:106AF00029FEFFE7FFE7FFE744F2FE30C4F205009E
:106B00000088C00708B1FFE708E04CF63400C0F287
:106B1000000040F2A921FAF715FEFFE7FFE744F273
:106B20002600C4F20500007800F00700052835D1E2
:106B3000FFE701208DF81700FFE748F21000C4F2CC
:106B400004000068C00708B1FFE708E04CF6340015
:106B5000C0F200004FF42C71FAF7F4FDFFE7FFE7F5
:106B600048F20001C4F204014FF6EE20CFF6FF70A8
:106B7000086048F20401C4F204014FF0FF300860DD
:106B800048F20801C4F20401086048F20C01C4F2A2
:106B9000040108601E20FAF707FEFFE744F2200117
:106BA000C4F205010868079B9843069A1A401044EE
:106BB00008601E20FAF7F8FD9DF8170001281CD187
:106BC000FFE7049848F20001C4F20401086003984A
:106BD00048F20401C4F204010860029848F2080176
:106BE000C4F204010860019848F20C01C4F20401E7
:106BF00008601E20FAF7D8FDFFE708B080BD00004E
:106C000080B586B08DF8170000208DF8160048F288
:106C10000000C4F204000068049048F20400C4F2CA
:106C200004000068039048F20800C4F20400006801
:106C3000029048F20C00C4F2040000680190FFE7E3
:106C40009DF81700C8B1FFE79DF81700012814D080
:106C5000FFE79DF8170002280FD0FFE79DF8170007
:106C600003280AD0FFE79DF81700042805D0FFE7A6
:106C70009DF81700052801D1FFE708E04CF6340025
:106C8000C0F2000040F23721FAF75CFDFFE7FFE7B2
:106C9000FFE744F2FE30C4F205000088C00708B1E7
:106CA000FFE708E04CF63400C0F200004FF40E712C
:106CB000FAF748FDFFE7FFE744F22600C4F20500BB
:106CC000007800F00700052805D0FFE79DF81700C1
:106CD000052835D1FFE701208DF81600FFE748F2BF
:106CE0001000C4F204000068C00708B1FFE708E024
:106CF0004CF63400C0F200004FF41071FAF722FD98
:106D0000FFE7FFE748F20001C4F204014FF6EE206E
:106D1000CFF6FF70086048F20401C4F204014FF09E
:106D2000FF30086048F20801C4F20401086048F22C
:106D30000C01C4F2040108601E20FAF735FDFFE7DC
:106D40009DF8170044F22601C4F2050108701E20C8
:106D5000FAF72AFD9DF8160001281CD1FFE70498D8
:106D600048F20001C4F204010860039848F20401EB
:106D7000C4F204010860029848F20801C4F2040158
:106D80000860019848F20C01C4F2040108601E205A
:106D9000FAF70AFDFFE706B080BD000080B582B0BB
:106DA0004FF0500080F31188BFF36F8FBFF34F8F08
:106DB000009005F07DF840B1FFE74EF60451CEF2A9
:106DC00000014FF080500860FFE70020019001981B
:106DD00080F3118802B080BD86B040F28460C4F2B6
:106DE00001000068C00750B1FFE748F29C51C1F6AE
:106DF000FF7142F20040C0F2F400086009E048F27E
:106E00009C51C1F6FF7142F60050C0F2311008608B
:106E1000FFE744F22600C4F20500007800F0070006
:106E20008DF817009DF8170001460091052867D8D6
:106E30000099DFE801F0030E18202A3248F29C5036
:106E4000C1F6FF70006848F2A051C1F6FF710860FA
:106E500057E048F2A051C1F6FF7141F20020C0F2A4
:106E60007A0008604DE048F2A051C1F6FF714FF47E
:106E70000040086045E048F2A051C1F6FF7141F2C0
:106E80000020C0F27A0008603BE048F2A051C1F651
:106E9000FF714FF40040086033E044F20010C4F288
:106EA00005000168C1F3082104910168090F0391ED
:106EB000016801F01F01029100680006002806D455
:106EC000FFE741F20020C0F27A00019006E048F2AC
:106ED0009C50C1F6FF7000680190FFE7019802998D
:106EE0000131B0FBF1F004990131484303990131BC
:106EF000B0FBF1F048F2A051C1F6FF71086000E06C
:106F0000FFE706B07047000080B54EF68851CEF21C
:106F10000001086840F470000860FFF75DFF4EF65E
:106F20000851CEF200010020086080BD70470000CB
:106F300070470000704700007047000080B582B0C5
:106F400001900091FFE7019844F20001C4F20201B0
:106F5000884208D0FFE7019844F20041C4F20201E0
:106F6000884201D1FFE708E04CF69A10C0F2000019
:106F700040F26121FAF7E6FBFFE7FFE7FFE7009841
:106F800040B1FFE7009840F00110B0F1011F01D1BE
:106F9000FFE708E04CF69A10C0F2000040F26221D0
:106FA000FAF7D0FBFFE7FFE700994FF001108843A5
:106FB0000199486102B080BD80B584B00390029110
:106FC00000208DF80700FFE7039844F20001C4F2A7
:106FD0000201884208D0FFE7039844F20041C4F25E
:106FE0000201884201D1FFE708E04CF69A10C0F296
:106FF000000040F24A21FAF7A5FBFFE7FFE7FFE7B1
:10700000029840B1FFE7029840F00110B0F1011F73
:1070100001D1FFE708E04CF69A10C0F2000040F200
:107020004B21FAF78FFBFFE7FFE7039840690299CE
:10703000084204D0FFE701208DF80700FFE79DF824
:10704000070004B080BD000080B586B005900491B3
:10705000039200200090039820B9FFE76FF0020030
:107060000090D1E0FFE7059844F20001C4F202016C
:10707000884208D0FFE7059844F20041C4F20201BB
:10708000884201D1FFE707E04CF69A10C0F20000F9
:10709000C321FAF757FBFFE7FFE7FFE7049820B1AA
:1070A000FFE70498012801D1FFE707E04CF69A10AA
:1070B000C0F20000C421FAF745FBFFE7FFE7FFE756
:1070C0000398006890B1FFE703980068B0F5007F6F
:1070D0000CD0FFE703980068B0F5807F06D0FFE78B
:1070E00003980068B0F5A06F01D1FFE707E04CF608
:1070F0009A10C0F20000C521FAF724FBFFE7FFE772
:10710000FFE70398406890B3FFE7039840681028B2
:107110002DD0FFE703984068202828D0FFE7039888
:107120004068302823D0FFE70398406840281ED0ED
:10713000FFE703984068502819D0FFE7039840689C
:10714000602814D0FFE70398406870280FD0FFE74D
:107150000398406880280AD0FFE703984068902889
:1071600005D0FFE703984068A02801D1FFE707E0BA
:107170004CF69A10C0F20000C621FAF7E3FAFFE7D6
:10718000FFE7FFE70398806838B1FFE7039880685E
:1071900048F20201884201D1FFE707E04CF69A105D
:1071A000C0F20000C721FAF7CDFAFFE7FFE7059824
:1071B000049900EB81000290029900200860059874
:1071C000049900EB810008300190039880890199AF
:1071D00008600598006904990B0148F2F27101FA00
:1071E00003F29043DDF80CC0DCF80010DCF804E09A
:1071F000DCF808C041EA0E0141EA0C019940114057
:10720000084405990861FFE7009806B080BD0000BA
:1072100080B584B0039002918DF80720FFE70398B2
:1072200044F20001C4F20201884208D0FFE703984B
:1072300044F20041C4F20201884201D1FFE708E0B4
:107240004CF69A10C0F200004FF40C71FAF77AFA7B
:10725000FFE7FFE7FFE7029840B1FFE7029840F041
:107260000410B0F1041F01D1FFE708E04CF69A10BA
:10727000C0F2000040F23121FAF764FAFFE7FFE7BD
:10728000FFE79DF8070028B1FFE79DF807000128F8
:1072900001D1FFE708E04CF69A10C0F2000040F27E
:1072A0003221FAF74FFAFFE7FFE79DF807000128C0
:1072B00006D1FFE7029A039908691043086105E0C7
:1072C000029A0399086990430861FFE704B080BD02
:1072D00080B582B001900091FFE7019844F200016F
:1072E000C4F20201884208D0FFE7019844F200414D
:1072F000C4F20201884201D1FFE707E04CF69A1080
:10730000C0F20000F821FAF71DFAFFE7FFE7FFE7F8
:10731000009820B1FFE70098012801D1FFE707E0BE
:107320004CF69A10C0F20000F921FAF70BFAFFE7C9
:10733000FFE700980101012000FA01F201990869B4
:107340001043086102B080BD82B00190002000901F
:10735000019820B9FFE76FF0020000900BE001995F
:1073600000200860019948600199886001994FF6F2
:10737000FF708881FFE7009802B0704770470000F7
:107380007047000070470000704700007047000021
:107390007047000070470000704700007047000011
:1073A0007047000070470000704700007047000001
:1073B00070470000704700007047000070470000F1
:1073C00070470000704700007047000070470000E1
:1073D00070470000704700007047000070470000D1
:1073E00070470000704700007047000070470000C1
:1073F00070470000704700007047000070470000B1
:1074000070470000704700007047000070470000A0
:107410007047000070470000704700007047000090
:107420007047000070470000704700007047000080
:107430007047000070470000704700007047000070
:107440007047000070470000704700007047000060
:107450007047000070470000704700007047000050
:107460007047000070470000704700007047000040
:107470007047000070470000704700007047000030
:107480007047000070470000704700007047000020
:107490007047000070470000704700007047000010
:1074A0007047000070470000704700007047000000
:1074B00070470000704700007047000070470000F0
:1074C00070470000704700007047000080B582B030
:1074D00001900091FFE7019845F20001C4F201011B
:1074E000884228D0FFE7019845F20041C4F201012B
:1074F000884220D0FFE7019845F60001C4F201015F
:10750000884218D0FFE7019845F60041C4F2010116
:10751000884210D0FFE7019846F20001C4F2010151
:10752000884208D0FFE7019846F20041C4F2010109
:1075300088420CD1FFE7009848B1FFE70098C021CE
:10754000C0F2FF010843884201D1FFE708E04CF692
:10755000CD10C0F2000040F21441FAF7F3F8FFE753
:10756000FFE7019890F8810000F03F00009AC021E9
:1075700091430844019981F881009DF8020080F050
:10758000FF000199A1F89C0002B080BD80B584B0D5
:107590000390029100208DF80300FFE7039845F265
:1075A0000001C4F20101884228D0FFE7039845F2A8
:1075B0000041C4F20101884220D0FFE7039845F65C
:1075C0000001C4F20101884218D0FFE7039845F694
:1075D0000041C4F20101884210D0FFE7039846F24F
:1075E0000001C4F20101884208D0FFE7039846F287
:1075F0000041C4F2010188420CD1FFE7029848B172
:10760000FFE70298C021C0F2FF010843884201D180
:10761000FFE708E04CF6CD10C0F2000040F2FB316D
:10762000FAF790F8FFE7FFE7029800F0C0008DF846
:107630000700BDF80A00ADF80400039890F8810037
:107640009DF8071008408DF807000398B0F89C00DB
:10765000BDF804100840ADF804009DF8070020B9FB
:10766000FFE7BDF8040020B1FFE701208DF803001B
:10767000FFE79DF8030004B080BD000080B584B032
:10768000039002916FF002000190FFE7039845F22A
:107690000001C4F20101884228D0FFE7039845F2B7
:1076A0000041C4F20101884220D0FFE7039845F66B
:1076B0000001C4F20101884218D0FFE7039845F6A3
:1076C0000041C4F20101884210D0FFE7039846F25E
:1076D0000001C4F20101884208D0FFE7039846F296
:1076E0000041C4F20101884201D1FFE708E04CF6F5
:1076F000CD10C0F200004FF48B71FAF723F8FFE7CA
:10770000FFE70298002800F0DC80FFE7FFE702981F
:10771000007828B1FFE702980078012801D1FFE73F
:1077200008E04CF6CD10C0F200004FF48C71FAF76F
:1077300009F8FFE7FFE702980078002876D1FFE715
:10774000FFE70298807828B1FFE702988078042844
:1077500001D1FFE708E04CF6CD10C0F2000040F286
:107760001B11F9F7EFFFFFE7FFE7FFE70298C0788B
:1077700028B1FFE70298C078022801D1FFE708E0AE
:107780004CF6CD10C0F200004FF48E71F9F7DAFF1D
:10779000FFE7FFE7FFE70298407890B3FFE7029822
:1077A000407810282DD0FFE702984078202828D074
:1077B000FFE702984078302823D0FFE7029840780E
:1077C00040281ED0FFE702984078502819D0FFE7E4
:1077D00002984078602814D0FFE70298407870281B
:1077E0000FD0FFE70298407880280AD0FFE7029880
:1077F0004078902805D0FFE702984078A02801D172
:10780000FFE708E04CF6CD10C0F2000040F21D1179
:10781000F9F798FFFFE7FFE7029A51789078D2785E
:1078200010430843039981F8800042E0FFE7029883
:10783000808840B1FFE70298808841F6FF710843D5
:10784000884204D0FFE70298808808B9FFE708E083
:107850004CF6CD10C0F200004FF49271F9F772FFB0
:10786000FFE7FFE7FFE70298C08840B1FFE7029813
:10787000C08841F6FF710843884204D0FFE70298B0
:10788000C08808B9FFE708E04CF6CD10C0F2000050
:107890004FF49371F9F756FFFFE7FFE702988088EE
:1078A0000399A1F888000298C0880399A1F88C0078
:1078B000FFE703980299896800F09CF80020019086
:1078C000FFE7019804B080BD80B586B005900491B3
:1078D0008DF80F20FFE7059845F20001C4F2010181
:1078E000884228D0FFE7059845F20041C4F2010123
:1078F000884220D0FFE7059845F60001C4F2010157
:10790000884218D0FFE7059845F60041C4F201010E
:10791000884210D0FFE7059846F20001C4F2010149
:10792000884208D0FFE7059846F20041C4F2010101
:1079300088420CD1FFE7049848B1FFE70498302152
:10794000C0F2FF010843884201D1FFE708E04CF68E
:10795000CD10C0F2000040F22941F9F7F3FEFFE735
:10796000FFE7FFE79DF80F0028B1FFE79DF80F0044
:10797000012801D1FFE708E04CF6CD10C0F200006D
:1079800040F22A41F9F7DEFEFFE7FFE7049800F036
:1079900030000290BDF8120001909DF80F00012800
:1079A00011D1FFE70298059991F88120104340F02A
:1079B000C00081F88100019A0599B1F89000104348
:1079C000A1F8900013E0059890F88100029A42F027
:1079D000C001884391430844059981F88100019AC8
:1079E0000599B1F890009043A1F89000FFE706B028
:1079F00080BD000080B582B001900091FFE7019842
:107A000045F20001C4F20101884228D0FFE7019845
:107A100045F20041C4F20101884220D0FFE70198FD
:107A200045F60001C4F20101884218D0FFE7019831
:107A300045F60041C4F20101884210D0FFE70198E9
:107A400046F20001C4F20101884208D0FFE7019824
:107A500046F20041C4F20101884201D1FFE708E08B
:107A60004CF6CD10C0F200004FF45171F9F76AFEE8
:107A7000FFE7FFE700980199888002B080BD000011
:107A800080B582B00190FFE7019845F20001C4F291
:107A90000101884228D0FFE7019845F20041C4F275
:107AA0000101884220D0FFE7019845F60001C4F2A9
:107AB0000101884218D0FFE7019845F60041C4F261
:107AC0000101884210D0FFE7019846F20001C4F29C
:107AD0000101884208D0FFE7019846F20041C4F254
:107AE0000101884201D1FFE708E04CF6CD10C0F259
:107AF000000040F25641F9F725FEFFE7FFE7019944
:107B000091F8800040F0010081F8800002B080BD53
:107B100082B001906FF0020000900198A0B1FFE7E1
:107B20000199002008700199487001998870019AA4
:107B30000221D170019988800199C880019A4FF67D
:107B4000FF7191600090FFE7009802B0704700005D
:107B50007047000070470000704700007047000049
:107B60007047000070470000704700007047000039
:107B70007047000070470000704700007047000029
:107B80007047000070470000704700007047000019
:107B90007047000070470000704700007047000009
:107BA000704700007047000080B582B001904CF62D
:107BB0001300C0F2000000784CF61201C0F2000180
:107BC00009780843FAF7C4FE02B080BD80B582B0E0
:107BD000FFE700F021FC002845D0FFE70DF106008B
:107BE0000DF1070100F01EFC9DF80700082838D1B0
:107BF000FFE79DF80600012808D1FFE74CF61300C7
:107C0000C0F200000078FAF7A3FE29E09DF8060014
:107C1000022808D1FFE74CF61200C0F200000078FD
:107C2000FAF796FE1BE09DF80600032808D1FFE74F
:107C30004CF61100C0F200000078FAF789FE0DE062
:107C40009DF80600042808D1FFE74CF61000C0F2AA
:107C500000000078FAF77CFEFFE7FFE7FFE7FFE7A9
:107C600000E0FFE7FFE70A20FAF71AFEB1E700009D
:107C700081B0ADF80200BDF9020000280ED4FFE784
:107C8000BDF9021001F01F02012090404A094EF296
:107C90008021CEF2000141F82200FFE701B07047D9
:107CA00081B0ADF80200BDF9020000280ED4FFE754
:107CB000BDF9021001F01F02012090404A094EF266
:107CC0008021CEF2000141F82200FFE701B07047A9
:107CD00081B0ADF80200BDF9020000280ED4FFE724
:107CE000BDF9021001F01F02012090404A094EF236
:107CF0008021CEF2000141F82200FFE701B0704779
:107D000081B0ADF80200BDF9020000280ED4FFE7F3
:107D1000BDF9021001F01F02012090404A094EF205
:107D20000011CEF2000141F82200FFE701B07047D8
:107D300081B0ADF80200BDF9020000280ED4FFE7C3
:107D4000BDF9021001F01F02012090404A094EF2D5
:107D50000011CEF2000141F82200FFE701B07047A8
:107D600081B0ADF80200BDF9020000280ED4FFE793
:107D7000BDF9021001F01F02012090404A094EF2A5
:107D80000011CEF2000141F82200FFE701B0704778
:107D900082B0ADF806000091BDF9060000280AD4B3
:107DA000FFE700980001BDF906104EF20042CEF246
:107DB000000288540BE000980001BDF8061001F0A5
:107DC0000F014EF61452CEF200028854FFE702B0C3
:107DD0007047000082B0ADF806000091BDF90600C2
:107DE00000280AD4FFE700980001BDF906104EF202
:107DF0000042CEF2000288540BE000980001BDF86A
:107E0000061001F00F014EF61452CEF20002885413
:107E1000FFE702B07047000082B0ADF806000091A5
:107E2000BDF9060000280AD4FFE700980001BDF95B
:107E300006104EF20042CEF2000288540BE0009889
:107E40000001BDF8061001F00F014EF61452CEF2FB
:107E500000028854FFE702B07047000080B584B08C
:107E6000029048F28430C1F6FF7001680191006809
:107E700018B9FFE70020039015E0FFE70198C06AFA
:107E80000299F8F795FB18B9FFE7019803900AE00B
:107E90000198406A18B9FFE70020039003E00198B9
:107EA000406A0190EAE7039804B080BD80B548F2CB
:107EB0004830C1F6FF70006850B1FFE748F2483023
:107EC000C1F6FF7000684FF0FF3103F00DFDFFE7D2
:107ED00080BD000080B584B003900120029003F0C3
:107EE000DDFF0190FFE702F0A5FB00F031F902F0A1
:107EF000CDFBFFE701A8012103F028FFFFE7F2E730
:107F000080B586B0DDF820C004900391ADF80A205A
:107F100001933420F8F784FA0090009818B9FFE72D
:107F20000020059056E048F29450C1F6FF700068BA
:107F3000804748F28830C1F6FF70006858B1FFE70B
:107F4000009948F28830C1F6FF70026851620068FB
:107F500000998862FFE748F28430C1F6FF7000683C
:107F600038B9FFE7009848F28431C1F6FF71086024
:107F7000FFE7009848F28831C1F6FF710860009968
:107F8000002081F830000199009AD162009948627E
:107F9000009948600399009A1160009988610499DA
:107FA000009AD161BDF80A10009A11840099896085
:107FB0000899009AD160009A91681161009948610E
:107FC00048F29450C1F6FF7040688047009880687E
:107FD0000590FFE7059806B080BD000080B588B029
:107FE0000790069148F27E30C1F6FF70007838B9EC
:107FF000FFE748F29450C1F6FF7000688047FFE742
:108000000798B8B9FFE70698FFF728FF059005988D
:1080100078B9FFE748F27E30C1F6FF70007838B9D2
:10802000FFE748F29450C1F6FF7040688047FFE7D1
:108030008CE002E007980590FFE70598406828B1BA
:10804000FFE70598416810308847FFE7059848F238
:108050008431C1F6FF710968884227D1FFE748F2F1
:108060008430C1F6FF700068406A40B9FFE7002025
:10807000049048F28831C1F6FF7108600AE048F2C6
:108080008430C1F6FF700068406A049004990020B3
:108090008862FFE748F28430C1F6FF700290006802
:1080A000F8F782F902990498086041E0059848F2CF
:1080B0008831C1F6FF710968884227D1FFE748F28D
:1080C0008830C1F6FF700068806A40B9FFE7002081
:1080D000049048F28431C1F6FF7108600AE048F26A
:1080E0008830C1F6FF700068806A0490049900200F
:1080F0004862FFE748F28830C1F6FF7001900068DF
:10810000F8F752F901990498086010E00598806A20
:1081100004900598406A03900598406A0499486263
:108120000498039988620598F8F73EF9FFE7FFE79E
:1081300048F27E30C1F6FF70007838B9FFE748F2A8
:108140009450C1F6FF7040688047FFE708B080BDDB
:1081500080B584B048F28430C1F6FF7000680290A8
:108160000020019048F2FC60C1F6FF70006808B979
:10817000FFE784E048F2F861C1F6FF7108680390F8
:108180000020086048F2FC61C1F6FF71086048F207
:108190008430C1F6FF70006808B9FFE76FE048F26D
:1081A0009450C1F6FF700068804748F27E31C1F6F6
:1081B000FF7101200870FFE7039A02998869104453
:1081C000886102998869C969884201D2FFE738E06D
:1081D00002998869CA69801A8861029890F830000B
:1081E00001280DD0FFE70299012081F830000298A4
:1081F00050F8081B88470299002081F83000FFE7FB
:108200000298B0F9200008B9FFE71AE00299088C3B
:10821000013808840298B0F9200008B1FFE710E0A7
:108220000298406A28B9FFE702980021FFF7D6FEBE
:1082300018E00298406A019002980021FFF7CEFEF4
:10824000FFE7019828B1FFE7019802900020019014
:10825000B2E70298406A08B9FFE703E00298406A73
:108260000290A9E748F29450C1F6FF704068804739
:1082700048F27E31C1F6FF7100200870FFE704B0BC
:1082800080BD000081B00090009908684A6848F2FB
:108290009451C1F6FF714A60086001B07047000058
:1082A00081B00090009A48F2F861C1F6FF71086849
:1082B00010440860009A48F2A451C1F6FF710868A2
:1082C0001044086048F2FC61C1F6FF7101200860AB
:1082D000009A48F24C31C1F6FF710868801A0860B4
:1082E00001B0704781B08DF802008DF801109DF843
:1082F000010048B1FFE79DF80100012804D0FFE725
:1083000000208DF803003FE000208DF80000FFE71B
:108310009DF80000032833DCFFE79DF8001048F2C9
:108320006500C1F6FF70405CFF2822D1FFE79DF891
:1083300002009DF8002048F26501C1F6FF718854E3
:108340009DF801009DF8002048F27A31C1F6FF71D6
:1083500088549DF80100B0FA80F040099DF8002093
:1083600048F27631C1F6FF71885401208DF8030080
:108370000AE0FFE79DF8000001308DF80000C7E734
:1083800000208DF80300FFE79DF8030001B070475F
:1083900081B00090009848F2DC01C1F6FF710860DE
:1083A00048F26501C1F6FF714FF0FF30086048F2F6
:1083B0008C31C1F6FF710020086048F27F31C1F6B0
:1083C000FF71086048F26431C1F6FF71087048F22D
:1083D0005F31C1F6FF71087048F25E31C1F6FF717E
:1083E000087048F26401C1F6FF710870087840F027
:1083F00001000870087840F002000870087840F02A
:1084000004000870087840F008000870087840F010
:108410001000087001B0704748F25E30C1F6FF707E
:108420000078704782B00190009148F25E30C1F64A
:10843000FF70007878B9FFE7019820B1FFE7019954
:10844000FF200870FFE7009820B1FFE700990020A7
:108450000870FFE739E0019868B1FFE748F25F3044
:10846000C1F6FF70017848F25A30C1F6FF70405CE7
:1084700001990870FFE7009868B1FFE748F25F30A4
:10848000C1F6FF70017848F26030C1F6FF70405CC1
:1084900000990870FFE748F25F30C1F6FF7001787D
:1084A000013101700078042807D1FFE748F25F31FD
:1084B000C1F6FF7100200870FFE748F25E31C1F697
:1084C000FF71087801380870FFE702B070470000BC
:1084D00080B584B08DF80F0048F2DC00C1F6FF7063
:1084E000006808B9FFE77BE248F25131C1F6FF713D
:1084F00000200870FFE748F25130C1F6FF700078A5
:10850000032800F36D82FFE748F25130C1F6FF7097
:10851000017848F26500C1F6FF70405CFF2801D188
:10852000FFE755E248F2DC00C1F6FF70016848F24F
:108530005130C1F6FF70027848F26500C1F6FF7055
:10854000805C8847002842D0FFE748F25130C1F6EE
:10855000FF70037848F27232C1F6FF720021D154E5
:10856000017848F26530C1F6FF70405C13280FDCDB
:10857000FFE79DF80F3048F25130C1F6FF700278E6
:1085800048F26531C1F6FF71885C184488541DE0DB
:1085900048F25130C1F6FF70017848F27630C1F6EA
:1085A000FF70405C88B9FFE748F25031C1F6FF71B7
:1085B0000120087048F25131C1F6FF710A7848F283
:1085C0007631C1F6FF718854FFE7FFE743E048F2D8
:1085D0005130C1F6FF70037848F26532C1F6FF7280
:1085E0000021D154017848F27230C1F6FF70405C2E
:1085F00013280FDCFFE79DF80F3048F25130C1F629
:10860000FF70027848F27231C1F6FF71885C18443D
:1086100088541FE048F25130C1F6FF70017848F2EB
:108620007630C1F6FF70405C012812D1FFE748F2B6
:108630005031C1F6FF710120087048F25130C1F687
:10864000FF70027848F27631C1F6FF71002088543D
:10865000FFE7FFE7FFE748F25130C1F6FF7002780D
:1086600048F27630C1F6FF70805C48F27A31C1F68C
:10867000FF71895C884240F0C780FFE748F25030C4
:10868000C1F6FF700078012840F08180FFE748F2D2
:108690005031C1F6FF710020087048F25130C1F628
:1086A000FF70017848F26500C1F6FF70405C01215F
:1086B00000F098F948F26400C1F6FF7000784007B6
:1086C000002814D5FFE748F25130C1F6FF70037857
:1086D00048F28C32C1F6FF720121D154027848F27F
:1086E0006A31C1F6FF71002021F81200FFE748F25D
:1086F0006400C1F6FF700078C006002846D5FFE789
:1087000048F25130C1F6FF70017848F27F30C1F66F
:10871000FF70405CA0B9FFE748F25130C1F6FF702E
:10872000037848F27F32C1F6FF720121D1540278FA
:1087300048F25231C1F6FF71002021F8120024E006
:1087400048F25130C1F6FF70017848F27F30C1F62F
:10875000FF70405C012817D1FFE748F25130C1F6A5
:10876000FF700290017848F26500C1F6FF70405C2E
:10877000102100F037F90298027848F27F31C1F6F3
:10878000FF7102208854FFE7FFE7FFE7FFE748F2A9
:108790005130C1F6FF70017848F28C30C1F6FF709D
:1087A000405C01282FD1FFE79DF80FC048F25131FE
:1087B000C1F6FF710B7848F26A30C1F6FF7030F8ED
:1087C0001320624420F81320097830F81100B0F526
:1087D0007A7F17DBFFE748F25130C1F6FF70019056
:1087E000017848F26500C1F6FF70405C042100F09A
:1087F000F9F80198027848F28C31C1F6FF71002037
:108800008854FFE7FFE784E048F25030C1F6FF707C
:10881000007801287CD1FFE748F25031C1F6FF71A2
:108820000020087048F25130C1F6FF70017848F21C
:108830008C30C1F6FF70405C012823D1FFE748F27D
:108840005130C1F6FF70027848F28C31C1F6FF71E9
:108850000020885448F26400C1F6FF700078C0061A
:1088600000280ED4FFE748F25130C1F6FF700178BE
:1088700048F26500C1F6FF70405C082100F0B2F8D4
:10888000FFE7FFE748F26400C1F6FF700078400799
:10889000002818D4FFE748F26400C1F6FF700078A2
:1088A000C00600280ED4FFE748F25130C1F6FF7031
:1088B000017848F26500C1F6FF70405C082100F0C5
:1088C00091F8FFE7FFE748F25130C1F6FF700090E2
:1088D000017848F26500C1F6FF70405C022100F0AB
:1088E00081F80098017848F27F30C1F6FF70405C53
:1088F00002280CD1FFE748F25130C1F6FF70027830
:1089000048F27F31C1F6FF7100208854FFE7FFE78E
:10891000FFE748F25130C1F6FF70017848F27F302E
:10892000C1F6FF70405C012851D1FFE79DF80FC0F0
:1089300048F25131C1F6FF710B7848F25230C1F65E
:10894000FF7030F81320624420F81320097830F8C3
:108950001100B0F5967F39DBFFE748F25130C1F6E0
:10896000FF70017848F28C30C1F6FF70405C08BBA4
:10897000FFE748F25130C1F6FF70027848F27630D6
:10898000C1F6FF70805C48F27A31C1F6FF71895CF4
:1089900088420ED0FFE748F25130C1F6FF700178EF
:1089A00048F26500C1F6FF70405C082100F01AF83B
:1089B000FFE7FFE748F25130C1F6FF70027848F256
:1089C0007F31C1F6FF7100208854FFE7FFE7FFE722
:1089D00048F25131C1F6FF710878013008708AE51C
:1089E00004B080BD81B08DF803008DF8021048F20C
:1089F0006400C1F6FF7000789DF80210084201D1B2
:108A0000FFE730E09DF8021048F26430C1F6FF70D5
:108A1000037848F26032C1F6FF72D1549DF803101A
:108A200003785A1C027048F25A32C1F6FF72D154D0
:108A30000078042807D1FFE748F26431C1F6FF71DE
:108A400000200870FFE748F25E30C1F6FF70007842
:108A5000032808DCFFE748F25E31C1F6FF710878B1
:108A600001300870FFE701B07047000080B58AB0A0
:108A70000820049001210291F9F786F807A80090D8
:108A8000FFF746F8009900208DF81C001022019293
:108A90008DF81D208DF81E0002208DF81F004CF26D
:108AA0004F30099045F20040C4F201000390FEF7F8
:108AB000E5FD0199029A0398FEF706FF049840F23B
:108AC0000311ADF81410ADF8160040F6A100C0F285
:108AD0000000069005A8F9F78BFFBDF91600FFF717
:108AE000C7F8BDF916000F21FFF752F9BDF91600BE
:108AF000FFF706F90AB080BD80B58CB00220029065
:108B000001210491F9F740F80498F8F767F808A8EC
:108B10000190FEF719FC019A049902984FF48073B2
:108B200008930023059309930A93ADF82C0044F2AF
:108B30000040C4F202000390FEF786FA0320F8F723
:108B400007FE0398049A4FF48021FEF761FB059815
:108B50004321ADF81810ADF81A0041F2F960C0F2E7
:108B60000000079006A8F9F743FFBDF91A00FFF7C8
:108B700097F8BDF91A000F21FFF72CF9BDF91A007B
:108B8000FFF7D6F80CB080BD80B58AB00420012173
:108B90000491F8F7F9FF07A80190FEF7B9FF0199D2
:108BA00000208DF81C00102202928DF81D208DF8F7
:108BB0001E0002208DF81F004CF24F30099045F244
:108BC0000000C4F201000390FEF758FD0299049AD8
:108BD0000398FEF779FE04984FF48071ADF81410F5
:108BE000ADF8160046F22940C0F20000069005A834
:108BF000F9F7FEFEBDF91600FFF76AF8BDF9160099
:108C00000F21FFF709F9BDF91600FFF7A9F80AB01F
:108C100080BD000080B582B0019001984FF47A7158
:108C2000484344F6D351C1F26201A0FB0110800910
:108C300001F060FE02B080BD82B00090009820B9C3
:108C4000FFE700208DF8070003E000208DF8070003
:108C5000FFE79DF8070002B07047000080B503F001
:108C60001DF980BD80B582B00190FF200090FDF716
:108C7000F3FB0198C168012088470198006980478B
:108C80000198406980470198806980470198806A0F
:108C900080470198406C80470198C06C80470198DC
:108CA000806D80470198C06D80470198016E00205B
:108CB00088470098FDF718FC02B080BD704700009F
:108CC000704700007047000080B500F0C5F880BD17
:108CD00080B500F0E1F880BD7047000080B582B03B
:108CE0000190F7F709FE019818B9FFE7F7F79EFE24
:108CF000FFE702B080BD000080B5FFF7FDFEFFF783
:108D000043FFFFF7B3FE80BD7047000084B00290C0
:108D100001910092029818B9FFE70020039002E049
:108D200000200390FFE7039804B0704780B582B03D
:108D3000019000F075F801F02BFB01F08FFB01F0C2
:108D40009DFB01F073FB02B080BD000081B000907C
:108D5000009808B9FFE7FFE701B0704782B00190C3
:108D60000091019808B9FFE7FFE702B070470000E3
:108D700082B001908DF80310019808B9FFE7FFE772
:108D800002B0704782B001908DED000A019808B9D9
:108D9000FFE7FFE702B0704782B0019000910198B1
:108DA00008B9FFE7FFE702B07047000081B000900C
:108DB000009808B9FFE7FFE701B0704781B0009065
:108DC000009808B9FFE7FFE701B0704780B582B0AF
:108DD0008DF807009DF807008DF806009DF8060045
:108DE00000F086F802B080BD80B582B08DF8070033
:108DF0009DF807008DF806009DF8060000F0A4F825
:108E000002B080BD80B582B08DF807009DF80700E4
:108E10008DF806009DF8060000F0C2F802B080BD93
:108E200080B582B04AF21D30C0F20000FFF7B0FA00
:108E3000012000210191FFF755FA01990220FFF767
:108E400051FA01990320FFF74DFA01990420FFF729
:108E500049FA02B080BD000080B588B003A8019037
:108E6000F9F7A6FC019A022000908021F9F7C2F9D7
:108E7000019A00984021F9F7BDF9019A0320029068
:108E80004FF40041F9F7B6F9019A02984FF4804186
:108E9000F9F7B0F908B080BD80B586B001A8F9F740
:108EA00087FC0220ADF8060000208DF80300FFE7E4
:108EB0009DF80300032815D8FFE79DF803204CF622
:108EC0001400C0F2000000EB820110F82200498873
:108ED00001AAF9F78FF9FFE79DF8030001308DF83B
:108EE0000300E5E70F2000F02FF806B080BD00007A
:108EF00080B582B08DF8070000208DF80600FFE7EE
:108F00009DF8060003281DD8FFE79DF807009DF88F
:108F10000610C840C00770B1FFE79DF806204CF668
:108F20001400C0F2000000EB820110F82200498812
:108F3000F9F762FCFFE7FFE79DF8060001308DF8C6
:108F40000600DDE702B080BD80B582B08DF8070075
:108F500000208DF80600FFE79DF8060003281DD8C5
:108F6000FFE79DF807009DF80610C840C00770B1E4
:108F7000FFE79DF806204CF61400C0F2000000EB5D
:108F8000820110F822004988F9F720FBFFE7FFE78C
:108F90009DF8060001308DF80600DDE702B080BDC7
:108FA00080B582B08DF8070000208DF80600FFE73D
:108FB0009DF8060003281DD8FFE79DF807009DF8DF
:108FC0000610C840C00770B1FFE79DF806204CF6B8
:108FD0001400C0F2000000EB820110F82200498862
:108FE000F9F748FBFFE7FFE79DF8060001308DF831
:108FF0000600DDE702B080BD80B586B0002003909A
:109000000590F9F79DFCF9F769FC039A6846026040
:1090100047F6A931C0F200014CF61223C0F200035A
:109020004FF47A70FEF76CFF039B48F2D401C1F64F
:10903000FF710860012004904CF60E00C0F20000A1
:1090400002884CF60C00C0F20000007848F2D80C00
:10905000C1F6FF7C6946C1F804C0086047F6CD3010
:10906000C0F200004CF61821C0F2000102F0AEFD83
:1090700004900498012802D0FFE7FFE7FEE701F023
:1090800031FEFFE7FEE7000080B586B00590049151
:109090004CF6E420C1F6FF700068029048F2506080
:1090A000C1F6FF700068043001F0F0F988B9FFE7FD
:1090B00048F25060C1F6FF700068C16A012000FAF2
:1090C00001F24CF22031C1F6FF710868904308604C
:1090D00000E0FFE70598013018BBFFE7049800B3F4
:1090E000FFE74CF6BC21C1F6FF7148680190019A78
:1090F00048F25060C1F6FF7003689A60019A926866
:109100000368DA6002680432019B9B685A60026857
:109110000432019B9A600068416108680130086070
:109120003DE00298059908440390039848F2506185
:10913000C1F6FF71096848600398029988420ED20F
:10914000FFE748F26060C1F6FF70006848F25061C6
:10915000C1F6FF710968043101F00EFA1EE048F211
:109160005860C1F6FF70006848F25061C1F6FF71A7
:109170000968043101F000FA03984CF64821C1F661
:10918000FF710968884207D2FFE703984CF648212F
:10919000C1F6FF71086000E0FFE7FFE7FFE706B0F8
:1091A00080BD000080B582B0019001F043FA4CF21E
:1091B0001031C1F6FF7108680130086048F2506054
:1091C000C1F6FF70006898B9FFE7019848F2506156
:1091D000C1F6FF7108604CF21030C1F6FF700068F4
:1091E000012803D1FFE700F03BFB00E0FFE71CE0B4
:1091F0004CF6B020C1F6FF700068A0B9FFE748F256
:109200005060C1F6FF700068C06A0199C96A88425F
:1092100007D8FFE7019848F25061C1F6FF71086076
:1092200000E0FFE700E0FFE7FFE74CF21C30C1F68B
:10923000FF7001680131016000680199886401983C
:10924000C16A012000FA01F24CF22031C1F6FF712F
:109250000868104308600198C06A00EB800048F27B
:109260006861C1F6FF7101EB8000406800900098D2
:10927000019A906000988068019AD060019804304B
:10928000009A9268506001980430009A9060019AA8
:10929000D06A00EB800001EB800050610198C06A49
:1092A00000EB800251F82200013041F8220001F069
:1092B000EDF94CF6B020C1F6FF700068C8B1FFE7C9
:1092C00048F25060C1F6FF700068C06A0199C96A2F
:1092D00088420CD2FFE74EF60451CEF200014FF067
:1092E00080500860BFF34F8FBFF36F8F00E0FFE740
:1092F00000E0FFE702B080BD80B584B001F09AF9CC
:109300004CF6E820C1F6FF700068002840D1FFE766
:109310004CF6EC10C1F6FF70029001F00DF94CF61E
:109320000020C1F6FF70039001F006F9029903983E
:1093300048F25462C1F6FF72116048F26461C1F6EE
:10934000FF71086069460020086048F2A852C1F623
:10935000FF7248F2F853C1F6FF730520102101F0A7
:10936000B3FF01464CF6E820C1F6FF7001600068CB
:1093700060B1FFE74CF6E820C1F6FF7000684CF6DC
:109380000521C0F2000101F027FA00E0FFE700E04C
:10939000FFE701F07BF904B080BD000080B582B02A
:1093A000FFE74CF21430C1F6FF70006808B3FFE726
:1093B00001F040F94CF6D020C1F6FF70C068C068DB
:1093C00001900198043001F061F84CF21031C1F6BF
:1093D000FF710868013808604CF21431C1F6FF7162
:1093E00008680138086001F051F9019800F08CF824
:1093F000D7E702B080BD000080B582B00190009137
:109400000198006CB8B1FFE70199C8680A6C104474
:10941000C86001988168C068884204D3FFE7019959
:109420000868C86000E0FFE70098019AD168126CF4
:10943000F7F725F8FFE702B080BD000080B586B0E1
:10944000059004910392002002900598806B019092
:109450000598006C78B9FFE70598006848B9FFE700
:109460000598806802F054FE0290059900208860FB
:1094700000E0FFE741E00398B8B9FFE7059A0499D7
:109480005068126CF6F7FBFF059948680A6C1044A7
:109490004860059948688968884204D3FFE70599C0
:1094A0000868486000E0FFE726E0059A0499D06864
:1094B000126CF6F7E4FF0599C8680A6C801AC86058
:1094C00005980168C068884206D2FFE70599886858
:1094D0000A6C801AC86000E0FFE70398022809D1EF
:1094E000FFE7019820B1FFE701980138019000E003
:1094F000FFE700E0FFE7FFE7FFE70198013005998C
:109500008863029806B080BD80B582B00090009854
:1095100090F8610040B9FFE70098006B01F0DCF8BB
:10952000009801F0D9F81CE0009890F8610001283B
:1095300004D1FFE7009801F0CFF811E0009890F80F
:10954000610002280BD0FFE74FF0500080F3118834
:10955000BFF36F8FBFF34F8F0190FFE7FEE7FFE789
:10956000FFE702B080BD000082B001900198406A20
:1095700038B1FFE70198006B0068C0F10700009068
:1095800002E000200090FFE7009802B07047000062
:1095900082B0019048F25460C1F6FF700068006824
:1095A000B0FA80F04009019908600198006848B954
:1095B000FFE748F25460C1F6FF700068C0680068B9
:1095C000009002E000200090FFE7009802B0704792
:1095D00084B04FF47050009048F20070C1F6FF70F4
:1095E00001909DF80400400788B1FFE7019807301B
:1095F0000190019820F007000190019A48F2007153
:10960000C1F6FF710098891A08440090FFE701989D
:10961000029002994CF6B420C1F6FF70016000215F
:1096200041600298009A1044019001980838019016
:10963000019820F007000190019A48F25C60C1F6A1
:10964000FF70026002685160026811600299039124
:109650000199039A891A5160006803990860039878
:1096600040684CF64421C1F6FF71086003984068D9
:109670004CF63C21C1F6FF71086004B07047000051
:1096800080B582B00190FFE7FFF788FE48F268607E
:10969000C1F6FF70006802280CD3FFE74EF60451B4
:1096A000CEF200014FF080500860BFF34F8FBFF340
:1096B0006F8F00E0FFE7E7E780B582B00190019887
:1096C00068B1FFE701980023836001980360019867
:1096D000C360019819461A4601F0DEFE00E0FFE77C
:1096E00002B080BD80B584B0DDF818C0039002914F
:1096F00001928DF80330029818B9FFE706980060D0
:1097000003E0019806990860FFE703980699C8638B
:109710000298069908640698012101F039FE9DF827
:109720000300069981F8500006990020886404B06F
:1097300080BD000080B588B0DDF834C0DDF830C0F1
:10974000DDF82CC0DDF828C0059004910392029347
:109750000C98006B03998900A522F6F7D5FE0C98AA
:10976000006B039900EB810004380190019820F010
:10977000070001909DF80400400758B1FFE74FF043
:10978000500080F31188BFF36F8FBFF34F8F0790A6
:10979000FFE7FEE701980C9948640498F8B1FFE7E9
:1097A00000200090FFE700980F2813D8FFE70498E7
:1097B000009A805C0C99114481F834000498009957
:1097C000405C08B9FFE705E0FFE7FFE700980130DC
:1097D0000090E8E70C99002081F8430000E0FFE7E3
:1097E0000A9807280BD3FFE74FF0500080F3118849
:1097F000BFF36F8FBFF34F8F0690FFE7FEE70A9826
:10980000072803D3FFE706200A9000E0FFE70A9845
:109810000C99C8620A980C9908650C98043000F0FD
:10982000A3FE0C98183000F09FFE0C9800610A9877
:10983000C0F107000C9988610C9840620198059965
:10984000029A00F03BFD0C9908600B9820B1FFE7ED
:109850000C980B99086000E0FFE708B080BD00009D
:1098600080B584B000200390FFE70398062810D845
:10987000FFE7039800EB800148F26860C1F6FF70D3
:1098800000EB810000F058FEFFE7039801300390E1
:10989000EBE74CF61420C1F6FF70019000F04CFE8F
:1098A0004CF62820C1F6FF70029000F045FE4CF601
:1098B0005C20C1F6FF7000F03FFE4CF6D020C1F6F0
:1098C000FF7000F039FE4CF6BC20C1F6FF7000F0CE
:1098D00033FE0199029848F25862C1F6FF72116096
:1098E00048F26061C1F6FF71086004B080BD0000FD
:1098F00083B002904CF6B420C1F6FF700190FFE7F0
:10990000019800680299884205D2FFE7FFE70198B5
:1099100000680190F4E70198009000980199496867
:1099200008440299884209D1FFE7029842680199E8
:109930004868104448600198029000E0FFE70298F0
:109940000090009802994968084401990968884282
:1099500020D1FFE70198006848F25C61C1F6FF7111
:10996000096888420DD0FFE70198006842680299B3
:1099700048681044486001980068006802990860CF
:1099800007E048F25C60C1F6FF7000680299086069
:10999000FFE704E00198006802990860FFE701987A
:1099A0000299884204D0FFE702980199086000E01C
:1099B000FFE703B07047000080B586B005900491C2
:1099C000039202930020019004980599486005983D
:1099D000006104980399884216D8FFE7039802991A
:1099E000401A05998969884203D3FFE70120019055
:1099F00009E048F26460C1F6FF700068059904311F
:109A000000F0BAFDFFE717E003980299884208D2F8
:109A1000FFE704980299884203D3FFE701200190F1
:109A200009E048F25460C1F6FF70006805990431FE
:109A300000F0A2FDFFE7FFE7019806B080BD00003F
:109A400080B582B0019000F0F5FD0198806B18B9E7
:109A5000FFE70120009002E000200090FFE700F007
:109A600015FE009802B080BD80B582B0019000F074
:109A7000E1FD0198806B0199C96B884203D1FFE732
:109A80000120009002E000200090FFE700F0FEFDC2
:109A9000009802B080BD000080B588B004900498A2
:109AA000806C039000200290039858B9FFE74FF0B4
:109AB000500080F31188BFF36F8FBFF34F8F079073
:109AC000FFE7FEE70398806B0399C96B88420BD3CD
:109AD000FFE74FF0500080F31188BFF36F8FBFF3A3
:109AE0004F8F0690FFE7FEE70398806B0399C96BE1
:109AF000884243D2FFE7039890F845008DF80700AD
:109B0000039804A90022FFF799FC02909DF9070031
:109B1000013088B9FFE70398406A58B1FFE703981E
:109B2000243002F03FFC18B1FFE70120029000E072
:109B3000FFE700E0FFE720E000F0CCFC00909DF99B
:109B400007000099884217D2FFE79DF907007F2898
:109B50000BD1FFE74FF0500080F31188BFF36F8FF8
:109B6000BFF34F8F0590FFE7FEE79DF80700013038
:109B7000039981F84500FFE7FFE700E0FFE702985F
:109B800008B080BD08480068006880F308884FF07E
:109B9000000080F3148862B661B6BFF34F8FBFF345
:109BA0006F8F00DF00BF000008ED00E080B584B0DB
:109BB0000390029148F25460C1F6FF700068C068DB
:109BC000C06801900198043000F060FC019890F8A2
:109BD00028004007002806D5FFE701980399029A5C
:109BE00000F01CF907E0019991F8280000F0FE0050
:109BF00081F82800FFE70198016A884704B080BD1A
:109C000080B58CB0FFE74CF6E820C1F6FF70006825
:109C100006A9002201F07AFD002800F0AF80FFE7DE
:109C20000698B0F1FF3F17DCFFE706A8043002906A
:109C3000029858B9FFE74FF0500080F31188BFF346
:109C40006F8FBFF34F8F0B90FFE7FEE702990A6813
:109C500048688968904700E0FFE70698002800F10F
:109C60008C80FFE7089805900598406928B1FFE7C8
:109C70000598043000F00AFC00E0FFE704A800F0BB
:109C800005F903900698013801460191082800F271
:109C900072800199DFE801F00505323A5B05053273
:109CA0003A00059991F8280040F0010081F8280059
:109CB0000598079B81691944039AFFF77DFED8B187
:109CC000FFE7059890F828004007002808D5FFE72F
:109CD0000598079982691144039A00F09FF807E0FC
:109CE000059991F8280000F0FE0081F82800FFE7B0
:109CF0000598016A884700E0FFE73DE0059991F883
:109D0000280000F0FE0081F8280035E0059991F860
:109D1000280040F0010081F8280007980599886123
:109D20000598806958B9FFE74FF0500080F311881B
:109D3000BFF36F8FBFF34F8F0A90FFE7FEE70598E1
:109D4000039B816919441A46FFF736FE14E0059813
:109D500090F828008007002804D4FFE7059800F059
:109D6000BBFC07E0059991F8280000F0FE0081F89F
:109D70002800FFE700E0FFE7FFE744E70CB080BD05
:109D800080B584B00390029101F0E0F8684600F0DD
:109D90007DF801900098D8BBFFE7029860B9FFE713
:109DA00003980199884207D8FFE702F0C1FB0398A6
:109DB0000199FFF7FBFE2AE0029858B1FFE748F24D
:109DC0006460C1F6FF7000680068B0FA80F0400976
:109DD0000290FFE74CF6E820C1F6FF700068039997
:109DE000019A891A029A00F053FD02F0A1FB60B9B2
:109DF000FFE74EF60451CEF200014FF080500860AC
:109E0000BFF34F8FBFF36F8F00E0FFE7FFE702E084
:109E100002F08EFBFFE704B080BD000080B584B087
:109E2000039002910192FFE70398029B8169194414
:109E3000019AFFF7C1FD48B1FFE7039881690298D5
:109E4000084402900398016A8847EDE704B080BD9A
:109E500048F25860C1F6FF700068006840B9FFE73B
:109E60004CF64821C1F6FF714FF0FF3008600CE05E
:109E700048F25860C1F6FF700068C06800684CF690
:109E80004821C1F6FF710860FFE7704780B582B0D6
:109E9000019002F003F80090009848F24C61C1F67E
:109EA000FF710968884206D2FFE700F011F80199B6
:109EB0000120086003E0019900200860FFE7009896
:109EC00048F24C61C1F6FF710860009802B080BD95
:109ED00080B582B0FFE748F25460C1F6FF700068B9
:109EE000006870B1FFE748F25460C1F6FF70006887
:109EF000C0680068019001984FF0FF31FFF756FEEF
:109F0000E9E748F25462C1F6FF721068009048F227
:109F10006461C1F6FF71086810600098086002B0C3
:109F200080BD000083B00020009048F26C00C1F6B4
:109F3000FF700068013058B1FFE74FF0500080F328
:109F40001188BFF36F8FBFF34F8F0290FFE7FEE7DB
:109F50004FF0500080F31188BFF36F8FBFF34F8F26
:109F60000190FFE7009808B9FFE7FBE703B07047EF
:109F700084B002900020019002980090029858B995
:109F8000FFE74FF0500080F31188BFF36F8FBFF3EE
:109F90004F8F0390FFE7FEE7009840694CF6BC2125
:109FA000C1F6FF71884214D1FFE70098806A4CF631
:109FB0005C21C1F6FF71884209D0FFE70098806AF2
:109FC00018B9FFE70120019000E0FFE700E0FFE79C
:109FD00000E0FFE7019804B07047000080B584B04E
:109FE0000390FFE701A8FFF7D3FA029002980199C6
:109FF000FFF7C6FEFFF704FEF4E7000080B582B06D
:10A00000019000F017FB019890F845008DF80300CF
:10A01000FFE79DF90300012825DBFFE70198806C2D
:10A0200050B1FFE70198FFF737FD18B1FFE700F0E7
:10A03000ABFC00E0FFE710E00198406A58B1FFE791
:10A040000198243002F0AEF918B1FFE700F09CFC53
:10A0500000E0FFE700E006E0FFE79DF803000138BD
:10A060008DF80300D5E70199FF2081F8450000F045
:10A070000DFB00F0DFFA019890F844008DF8020023
:10A08000FFE79DF90200012816DBFFE70198006950
:10A0900080B1FFE70198103002F084F918B1FFE7B2
:10A0A00000F072FC00E0FFE79DF8020001388DF837
:10A0B000020000E000E0E4E70199FF2081F844009D
:10A0C00000F0E4FA02B080BD80B58AB007900020AD
:10A0D000039000F03BFF48F25C60C1F6FF7000683F
:10A0E00018B9FFE7FFF774FA00E0FFE70798A8B197
:10A0F000FFE7079800F00700C0F1100002900798F2
:10A100000299C943884205D8FFE702990798084495
:10A11000079002E000200790FFE700E0FFE79DF8CE
:10A120001F000006002800F19D80FFE70798002827
:10A1300000F09680FFE707984CF63C21C1F6FF71CE
:10A140000968884200F28C80FFE74CF6B420C1F623
:10A15000FF70059000680690FFE706984168079A2F
:10A1600000209142019007D2FFE70698006800287E
:10A1700018BF01200190FFE70198C00730B1FFE749
:10A1800006980590069800680690E6E7069848F25B
:10A190005C61C1F6FF71096888425FD0FFE70598EE
:10A1A00000680830039006980068059908600698D2
:10A1B00040680799401A112821D3FFE706980799AC
:10A1C000084404909DF81000400758B1FFE74FF095
:10A1D000500080F31188BFF36F8FBFF34F8F09904A
:10A1E000FFE7FEE7069840680799401A049948601F
:10A1F0000798069948600498FFF77AFB00E0FFE7AC
:10A20000069842684CF63C20C1F6FF700168891A36
:10A21000016000684CF64421C1F6FF71096888426C
:10A220000BD2FFE74CF63C20C1F6FF7000684CF6FD
:10A230004421C1F6FF71086000E0FFE70699486815
:10A2400040F0004048600699002008604CF650211C
:10A25000C1F6FF7108680130086000E0FFE700E028
:10A26000FFE700E0FFE702F063F99DF80C0040070C
:10A2700058B1FFE74FF0500080F31188BFF36F8FA4
:10A28000BFF34F8F0890FFE7FEE703980AB080BD49
:10A2900048F25060C1F6FF70006848B1FFE748F22D
:10A2A0005060C1F6FF700168486D01304865FFE7F6
:10A2B00048F25060C1F6FF700068704783B00290AA
:10A2C0000191009202980438029002994FF0807038
:10A2D0000860029804380290019820F00100029969
:10A2E0000860029804380290029949F62570C0F27D
:10A2F00000000860029814380290009802990860E3
:10A3000002980438029002996FF0020008600298E7
:10A3100020380290029803B07047000080B582B0E8
:10A320008DF8070001208DF806009DF80700013820
:10A3300001460091032822D80099DFE801F00209C4
:10A34000101802208021F8F7EDF88DF806001AE0C9
:10A3500002204021F8F7E6F88DF8060013E003200C
:10A360004FF40041F8F7DEF88DF806000BE003200B
:10A370004FF48041F8F7D6F88DF8060003E0052089
:10A380008DF80600FFE79DF8060002B080BD0000D2
:10A3900080B586B0012000F031FF48F24831C1F6A7
:10A3A000FF71086048F2E420C1F6FF7069468860DA
:10A3B00048F2E000C1F6FF7048600620086047F6EA
:10A3C000D560C0F200004CF62401C0F200018022EA
:10A3D000002301F04FFC014648F2E020C1F6FF7077
:10A3E0000160006800F0F4FC4CF60401C0F20001CA
:10A3F000086849680591049004A8FDF743FF06B07A
:10A4000080BD000080B548F24830C1F6FF7000689A
:10A4100058B1FFE748F24830C1F6FF7000680023EA
:10A4200019461A4601F038F8FFE780BD80B545F2BD
:10A430000040C4F20100FDF723FB48F2E020C1F622
:10A44000FF70006840B1FFE748F2E020C1F6FF70FE
:10A45000006800F0C3FBFFE780BD000080B582B05C
:10A4600044F20040C4F2020001210191FCF730FFE8
:10A470000198F7F76DF902B080BD000080B545F294
:10A480000000C4F20100FDF7FBFA80BD82B001902C
:10A49000019800690090019841688068886001997E
:10A4A000486889684860009840680199884205D1E9
:10A4B000FFE7019880680099486000E0FFE7019994
:10A4C0000020086100990868013808600098006859
:10A4D00002B070474CF21030C1F6FF700068704750
:10A4E00083B002900191009202994CF22450C1F67F
:10A4F000FF70086001994CF22430C1F6FF700860CB
:10A5000000998020086003B07047000083B002907B
:10A510000191009202994CF68810C1F6FF70086014
:10A5200001994CF28850C1F6FF70086000994FF411
:10A530008070086003B0704781B00090009901F10D
:10A540000800486000994FF0FF308860009901F1E1
:10A550000800C860009901F1080008610099002016
:10A56000086001B07047000081B0009000990020A1
:10A57000086101B07047000084B003900291029816
:10A58000006800900098013020B9FFE70398006947
:10A59000019010E0039808300190FFE701984068AF
:10A5A00000680099884205D8FFE7FFE701984068F6
:10A5B0000190F3E7FFE7019840680299486002982C
:10A5C0004168886001980299886002980199486002
:10A5D000039802990861039908680130086004B083
:10A5E0007047000083B0029001910298406800908B
:10A5F00000980199486000988068019988600198E6
:10A6000000998968486001980099886002980199CA
:10A610000861029908680130086003B070470000C3
:10A62000DFF80C00016841F4700101607047000020
:10A6300088ED00E082B04FF0500080F31188BFF346
:10A640006F8FBFF34F8F019048F26C00C1F6FF701F
:10A650000168013101600068012814D1FFE74EF65E
:10A660000450CEF200000068000658B1FFE74FF03A
:10A67000500080F31188BFF36F8FBFF34F8F0090AE
:10A68000FFE7FEE7FFE702B07047000082B048F244
:10A690006C00C1F6FF70006858B9FFE74FF050003A
:10A6A00080F31188BFF36F8FBFF34F8F0090FFE7E8
:10A6B000FEE748F26C00C1F6FF70016801390160E5
:10A6C000006830B9FFE700200190019880F31188FD
:10A6D000FFE702B07047000080B586B00390039892
:10A6E00002900398002852D0FFE7029808380290A1
:10A6F000029801900198C1790020B0EBD11F0BD1D5
:10A70000FFE74FF0500080F31188BFF36F8FBFF366
:10A710004F8F0590FFE7FEE70198006858B1FFE70B
:10A720004FF0500080F31188BFF36F8FBFF34F8F4E
:10A730000490FFE7FEE70198C1790020B0EBD11F3C
:10A7400023D0FFE701980068E8B9FFE7019948685E
:10A7500020F00040486000F0F9FB019842684CF698
:10A760003C21C1F6FF710868104408600198FFF7AA
:10A77000BFF84CF65421C1F6FF710868013008603B
:10A7800001F0D6FE00E0FFE700E0FFE7FFE706B0DC
:10A7900080BD00004EF21001CEF2000100200860E2
:10A7A0004EF21802CEF20002106048F2A050C1F63C
:10A7B000FF70006844F6D352C1F26202A0FB0202AD
:10A7C0004FF0FF3000EB92104EF21402CEF2000276
:10A7D000106007200860704785B003900291002048
:10A7E0000090039858B9FFE74FF0500080F31188AC
:10A7F000BFF36F8FBFF34F8F0490FFE7FEE7029820
:10A80000C8B3FFE700200190FFE70198072831D87F
:10A81000FFE70398019A4CF67021C1F6FF7101EB36
:10A82000C2014968884209D1FFE701994CF67020BE
:10A83000C1F6FF7000EBC10000901BE0009890B9DA
:10A84000FFE701994CF67020C1F6FF7050F8310017
:10A8500048B9FFE701994CF67020C1F6FF7000EB94
:10A86000C100009000E0FFE7FFE7FFE7019801303B
:10A870000190CAE7FFE7009838B1FFE70298009916
:10A880000860039800994860FFE705B07047000032
:10A8900080B584B003900291019203980090FFF775
:10A8A000C9FE009890F94400013028B9FFE70099EB
:10A8B000002081F84400FFE7009890F9450001303E
:10A8C00028B9FFE70099002081F84500FFE7FFF76E
:10A8D000DDFE0098806B38B9FFE7009824300299BC
:10A8E000019A00F07BF800E0FFE70098FFF786FB95
:10A8F00004B080BD80B584B0029000200190029821
:10A90000E0B1FFE74CF21830C1F6FF70006858B1B3
:10A91000FFE74FF0500080F31188BFF36F8FBFF354
:10A920004F8F0390FFE7FEE700F010FB0298002135
:10A93000FEF7AAFB01F0FCFD019000E0FFE70198A3
:10A9400060B9FFE74EF60451CEF200014FF080509F
:10A950000860BFF34F8FBFF36F8F00E0FFE704B0D5
:10A9600080BD000081B000904CF64C20C1F6FF7015
:10A970000068009908604CF6E420C1F6FF7000689A
:10A980000099486001B070474CF6F021C1F6FF71A4
:10A99000012008607047000080B584B002900191EA
:10A9A000029858B9FFE74FF0500080F31188BFF3C9
:10A9B0006F8FBFF34F8F0390FFE7FEE7029848F2D7
:10A9C0005061C1F6FF7109681831FFF7D5FD019894
:10A9D0000121FEF759FB04B080BD000080B586B0B0
:10A9E000049003910292049858B9FFE74FF0500089
:10A9F00080F31188BFF36F8FBFF34F8F0590FFE790
:10AA0000FEE7049840680190019848F25061C1F651
:10AA1000FF710A68D061019880680A68106208684E
:10AA20001830019A9268506008681830019A906056
:10AA300004980968886204990868013008600298DF
:10AA400020B1FFE74FF0FF300390FFE70398029932
:10AA5000FEF71AFB06B080BD80B58AB0079006915C
:10AA600007980590012002900798002800F0B28016
:10AA7000FFE70598406D58B9FFE74FF0500080F3AD
:10AA80001188BFF36F8FBFF34F8F0990FFE7FEE789
:10AA90000598006D0699884203D2FFE70698039057
:10AAA00003E00598006D0390FFE70598C06A0399DD
:10AAB000884200F08D80FFE70598406D012840F046
:10AAC0008580FFE7059848F25061C1F6FF7109687B
:10AAD00088420BD1FFE74FF0500080F31188BFF39D
:10AAE0006F8FBFF34F8F0890FFE7FEE70598C06AAE
:10AAF000049003980599C8620598C07E0006002856
:10AB000006D4FFE70398C0F107000599886100E0CB
:10AB1000FFE705984069049901EB810248F26861FA
:10AB2000C1F6FF7101EB820188424DD1FFE7059824
:10AB30000430FFF7ABFC68B9FFE70598C16A012054
:10AB400000FA01F24CF22031C1F6FF71086890431F
:10AB5000086000E0FFE70598C16A012000FA01F2F1
:10AB60004CF22031C1F6FF71086810430860059867
:10AB7000C06A00EB800048F26861C1F6FF7101EB2A
:10AB80008000406801900198059A90600198806863
:10AB9000059AD06005980430019A92685060059833
:10ABA0000430019A9060059AD06A00EB800001EBB6
:10ABB000800050610598C06A00EB800251F82200C5
:10ABC000013041F8220000E0FFE700E0FFE700E08D
:10ABD000FFE700E0FFE70AB080BD000080B584B069
:10ABE000029002980190029858B9FFE74FF0500088
:10ABF00080F31188BFF36F8FBFF34F8F0390FFE790
:10AC0000FEE7019848F25061C1F6FF710968884279
:10AC100065D0FFE70198002861D0FFE7FFF70AFD44
:10AC20000198FFF7A5F9002855D0FFE701980430F7
:10AC3000FFF72CFC0198C16A012000FA01F24CF2E6
:10AC40002031C1F6FF710868104308600198C06A9E
:10AC500000EB800048F26861C1F6FF7101EB8000F3
:10AC6000406800900098019A906000988068019A6E
:10AC7000D06001980430009A9268506001980430C6
:10AC8000009A9060019AD06A00EB800001EB80008E
:10AC900050610198C06A00EB800251F82200013037
:10ACA00041F822000198C06A48F25061C1F6FF7174
:10ACB0000968C96A88420CD3FFE74EF60451CEF208
:10ACC00000014FF080500860BFF34F8FBFF36F8FCC
:10ACD00000E0FFE700E0FFE7FFF7D8FC00E0FFE758
:10ACE00004B080BD80B58AB0002003900690059026
:10ACF00006A805A904AAFFF7F3FB039B049A05998C
:10AD0000DDF818C06846C0F808C04160036049F229
:10AD10008160C0F200004CF60021C0F2000100F09A
:10AD2000A9FF01464CF64020C1F6FF7001600068A3
:10AD300018B1FFE70120079002E000200790FFE72D
:10AD40000798012804D1FFE701F004FD079000E017
:10AD5000FFE70798012824D1FFE74FF0500080F368
:10AD60001188BFF36F8FBFF34F8F09904CF64821C6
:10AD7000C1F6FF714FF0FF3008604CF6B021C1F60C
:10AD8000FF71012008604CF6E421C1F6FF7100203C
:10AD9000086048F2D001C1F6FF71086000F070F958
:10ADA0000FE00798013058B9FFE74FF0500080F3EB
:10ADB0001188BFF36F8FBFF34F8F0890FFE7FEE757
:10ADC000FFE74CF62820C0F2000000680AB080BD02
:10ADD00080B586B00490FFF72DFC049838B9FFE7E2
:10ADE00048F25060C1F6FF700068019002E00498DC
:10ADF0000190FFE70198039003980430FFF746FBAA
:10AE0000D0B9FFE70398C06A00EB800148F26860A0
:10AE1000C1F6FF7050F8210068B9FFE70398C16AD6
:10AE2000012000FA01F24CF22031C1F6FF710868EE
:10AE300090430860FFE700E0FFE70398806A28B1CD
:10AE4000FFE703981830FFF721FB00E0FFE70398C6
:10AE5000011D4CF6BC20C1F6FF70FFF7C3FB0020BC
:10AE60000290FFE70298002814DCFFE7039802999C
:10AE7000084490F86000012807D1FFE70398029981
:10AE80000144002081F86000FFE7FFE702980130ED
:10AE90000290E7E7FFF7FAFB4CF6B020C1F6FF702F
:10AEA000006838B1FFE7FFF7C5FBFEF7D1FFFFF7FA
:10AEB000EDFB00E0FFE7039848F25061C1F6FF7137
:10AEC000096888423ED1FFE74CF6B020C1F6FF701A
:10AED0000068F0B1FFE74CF21830C1F6FF7000686F
:10AEE00058B1FFE74FF0500080F31188BFF36F8F28
:10AEF000BFF34F8F0590FFE7FEE74EF60451CEF209
:10AF000000014FF080500860BFF34F8FBFF36F8F89
:10AF100017E04CF6BC20C1F6FF7000684CF210310F
:10AF2000C1F6FF710968884207D1FFE748F2506116
:10AF3000C1F6FF710020086002E000F00FF8FFE7A3
:10AF4000FFE700E0FFE706B080BD00004CF21831DB
:10AF5000C1F6FF71086801300860704785B04CF297
:10AF60001830C1F6FF70006838B1FFE74CF6F021E9
:10AF7000C1F6FF71012008607FE04CF6F021C1F6B8
:10AF8000FF710020086048F2D000C1F6FF70016830
:10AF90004CF20C30C1F6FF70016000684CF20831D1
:10AFA000C1F6FF710968884214D9FFE74CF20C30F2
:10AFB000C1F6FF7000684CF20831C1F6FF710968F4
:10AFC000421A48F25060C1F6FF700168886D104463
:10AFD000886500E0FFE74CF20C30C1F6FF700068B6
:10AFE0004CF20831C1F6FF7108604CF22030C1F616
:10AFF000FF70006804900498B0FA80F08DF80F009C
:10B000009DF80F00C0F11F000190019800EB800136
:10B0100048F26860C1F6FF7050F8210058B9FFE7A8
:10B020004FF0500080F31188BFF36F8FBFF34F8F45
:10B030000290FFE7FEE7019800EB800148F26860AC
:10B04000C1F6FF7000EB81000090009948684068ED
:10B050004860009948680831884205D1FFE70099A7
:10B06000486840684860FFE700984068C06848F258
:10B070005061C1F6FF710860FFE705B0704700003E
:10B0800080B588B04EF60050CEF2000000684CF259
:10B090007121C4F20F1188420BD1FFE74FF050002D
:10B0A00080F31188BFF36F8FBFF34F8F0790FFE7D7
:10B0B000FEE74EF60050CEF2000000684CF2702120
:10B0C000C4F20F1188420BD1FFE74FF0500080F31C
:10B0D0001188BFF36F8FBFF34F8F0690FFE7FEE736
:10B0E0004EF20040CEF20000029001780391FF2161
:10B0F000017000788DF807009DF8070000F05000FF
:10B100004CF20031C1F6FF7108704CF20431C1F607
:10B11000FF7107200860FFE79DF807000006002880
:10B120000DD5FFE74CF20431C1F6FF710868013814
:10B1300008609DF8070040008DF80700ECE74CF22E
:10B140000430C1F6FF70006803280BD0FFE74FF012
:10B15000500080F31188BFF36F8FBFF34F8F0590BE
:10B16000FFE7FEE74CF20430C1F6FF7000680328E9
:10B170000BD0FFE74FF0500080F31188BFF36F8FC3
:10B18000BFF34F8F0490FFE7FEE74CF20431C1F6A6
:10B19000FF71086800020860086800F4E060086059
:10B1A00003984EF20041CEF2000108704EF6205195
:10B1B000CEF20001086840F470000860086840F0B2
:10B1C00070400860FFF7E6FA48F26C01C1F6FF71C3
:10B1D000002000900860FFF723FA4EF63471CEF29B
:10B1E0000001086840F040400860FEF7CBFCFFF724
:10B1F000B5FEFEF797FE009808B080BD80B584B01C
:10B200008DF80F0001200190002100919DF80F2082
:10B2100000F008F802900298FEF74EFA029804B087
:10B2200080BD000080B588B0069005918DF8132090
:10B23000002003900698A0B3FFE706994FF0FF3077
:10B24000B0FBF1F0059988422BD3FFE706980599EA
:10B25000484310F1550F24D8FFE706980599484355
:10B26000029002985430FEF72FFF03900398B0B17C
:10B27000FFE7039801900198543001900399002052
:10B2800081F8460006980599019A9DF81330DDF87B
:10B290000CC0EE46CEF800C0FEF724FA00E0FFE74F
:10B2A0000EE0039858B9FFE74FF0500080F3118883
:10B2B000BFF36F8FBFF34F8F0790FFE7FEE7FFE706
:10B2C000039808B080BD000080B58CB084460E980D
:10B2D000CDF820C00791069205938DF81300002049
:10B2E0000390059858B9FFE74FF0500080F311889C
:10B2F000BFF36F8FBFF34F8F0B90FFE7FEE7089808
:10B30000A0B3FFE7059888B3FFE7069818B1FFE7F9
:10B31000079858B3FFE7069818B9FFE7079828BBC6
:10B32000FFE754200290029854280BD0FFE74FF01B
:10B33000500080F31188BFF36F8FBFF34F8F0A90D7
:10B34000FFE7FEE70298059803900399012081F832
:10B35000460008980799069A9DF81330DDF80CC04E
:10B36000EE46CEF800C0FEF7BDF90EE0039858B9DE
:10B37000FFE74FF0500080F31188BFF36F8FBFF3EA
:10B380004F8F0990FFE7FEE7FFE703980CB080BD01
:10B3900080B586B00390029101200190039800903F
:10B3A000009858B9FFE74FF0500080F31188BFF3C1
:10B3B0006F8FBFF34F8F0590FFE7FEE700980028DF
:10B3C00056D0FFE70098C06B002851D0FFE70098E7
:10B3D000C26B016C4FF0FF30B0FBF2F0884247D3F4
:10B3E000FFE7FFF727F900990B68C86B0A6C00FBB1
:10B3F00002308860009900208863009908684860DE
:10B4000000990B68C86B0A6C013800FB0230C860F9
:10B410000099FF2081F84400009981F845000298C6
:10B42000D0B9FFE700980069A0B1FFE7009810309D
:10B4300000F0B8FF60B1FFE74EF60451CEF2000114
:10B440004FF080500860BFF34F8FBFF36F8F00E065
:10B45000FFE700E0FFE708E000981030FFF76CF826
:10B4600000982430FFF768F8FFE7FFF70FF902E0D4
:10B4700000200190FFE7019858B9FFE74FF0500016
:10B4800080F31188BFF36F8FBFF34F8F0490FFE7F6
:10B49000FEE7019806B080BD80B592B00C900B918C
:10B4A0000A920993002008900C980490049858B9C7
:10B4B000FFE74FF0500080F31188BFF36F8FBFF3A9
:10B4C0004F8F1190FFE7FEE70B990020029039B9EA
:10B4D000FFE70498006C002818BF01200290FFE7E6
:10B4E0000298C00758B1FFE74FF0500080F3118871
:10B4F000BFF36F8FBFF34F8F1090FFE7FEE70999FF
:10B5000000200229019007D1FFE70498C06B0138A1
:10B5100018BF01200190FFE70198C00758B1FFE76D
:10B520004FF0500080F31188BFF36F8FBFF34F8F40
:10B530000F90FFE7FEE700F095FC01460020009029
:10B5400031B9FFE70A98002818BF01200090FFE7F3
:10B550000098C00758B1FFE74FF0500080F3118802
:10B56000BFF36F8FBFF34F8F0E90FFE7FEE7FFE74C
:10B57000FFF760F80498806B0499C96B884204D384
:10B58000FFE70998022858D1FFE70498806B0390E1
:10B5900004980B99099AFDF751FF07900498806C65
:10B5A000E0B1FFE70998022804D1FFE7039808B14A
:10B5B000FFE712E00498FEF76FFA60B1FFE74EF67E
:10B5C0000451CEF200014FF080500860BFF34F8F5E
:10B5D000BFF36F8F00E0FFE7FFE729E00498406AC0
:10B5E000A0B1FFE70498243000F0DCFE60B1FFE773
:10B5F0004EF60451CEF200014FF080500860BFF3C8
:10B600004F8FBFF36F8F00E0FFE710E0079860B146
:10B61000FFE74EF60451CEF200014FF08050086073
:10B62000BFF34F8FBFF36F8F00E0FFE7FFE7FFE748
:10B63000FFF72CF801200D9065E00A9828B9FFE784
:10B64000FFF724F800200D905DE0089830B9FFE77F
:10B6500005A8FFF787F90120089000E0FFE7FFE762
:10B66000FFE7FFF713F8FFF771FCFEF7E3FF04981D
:10B6700090F94400013028B9FFE70499002081F8CF
:10B680004400FFE7049890F94500013028B9FFE72E
:10B690000499002081F84500FFE7FEF7F7FF05A8B1
:10B6A0000AA900F029FA28BBFFE70498FEF7DCF9A5
:10B6B000C8B1FFE7049810300A99FFF76DF90498B4
:10B6C000FEF79CFC00F034FF60B9FFE74EF6045132
:10B6D000CEF200014FF080500860BFF34F8FBFF3F0
:10B6E0006F8FFFE705E00498FEF788FC00F020FF6D
:10B6F000FFE707E00498FEF781FC00F019FF002047
:10B700000D9000E034E70D9812B080BD80B58EB08A
:10B7100009900891079200200690099803900398D9
:10B7200058B9FFE74FF0500080F31188BFF36F8FD7
:10B73000BFF34F8F0D90FFE7FEE7089900200190BF
:10B7400039B9FFE70398006C002818BF0120019069
:10B75000FFE70198C00758B1FFE74FF0500080F3B2
:10B760001188BFF36F8FBFF34F8F0C90FFE7FEE799
:10B7700000F078FB01460020009031B9FFE7079800
:10B78000002818BF01200090FFE70098C00758B1BB
:10B79000FFE74FF0500080F31188BFF36F8FBFF3C6
:10B7A0004F8F0B90FFE7FEE7FFE7FEF743FF03989D
:10B7B000806B0290029830B3FFE703980899FDF779
:10B7C0001BFE029801380399886303980069A0B1B1
:10B7D000FFE70398103000F0E5FD60B1FFE74EF69B
:10B7E0000451CEF200014FF080500860BFF34F8F3C
:10B7F000BFF36F8F00E0FFE700E0FFE7FEF746FFD3
:10B8000001200A906DE0079828B9FFE7FEF73EFF98
:10B8100000200A9065E0069830B9FFE704A8FFF71A
:10B82000A1F80120069000E0FFE7FFE7FFE7FEF741
:10B830002DFFFFF78BFBFEF7FDFE039890F9440008
:10B84000013028B9FFE70399002081F84400FFE7A1
:10B85000039890F94500013028B9FFE703990020CB
:10B8600081F84500FFE7FEF711FF04A807A900F0E3
:10B8700043F930BBFFE70398FEF7E2F8D0B1FFE7EA
:10B88000039824300799FFF787F80398FEF7B6FB73
:10B8900000F04EFE60B9FFE74EF60451CEF2000113
:10B8A0004FF080500860BFF34F8FBFF36F8F00E001
:10B8B000FFE705E00398FEF7A1FB00F039FEFFE784
:10B8C0000EE00398FEF79AFB00F032FE0398FEF7B5
:10B8D000B7F818B1FFE700200A9002E0FFE7FFE7A2
:10B8E00063E70A980EB080BD80B58EB009900891CC
:10B8F00000200790099904910390049858B9FFE734
:10B900004FF0500080F31188BFF36F8FBFF34F8F5C
:10B910000D90FFE7FEE70498006C58B1FFE74FF089
:10B92000500080F31188BFF36F8FBFF34F8F0C90DF
:10B93000FFE7FEE700F096FA01460020009031B9DB
:10B94000FFE70898002818BF01200090FFE7009843
:10B95000C00758B1FFE74FF0500080F31188BFF3E4
:10B960006F8FBFF34F8F0B90FFE7FEE7FFE7FEF708
:10B9700061FE0498806B0290029860B3FFE7029822
:10B980000138049988630498006828B9FFE7FEF736
:10B990007FFC0499886000E0FFE704980069A0B18B
:10B9A000FFE70498103000F0FDFC60B1FFE74EF6B1
:10B9B0000451CEF200014FF080500860BFF34F8F6A
:10B9C000BFF36F8F00E0FFE700E0FFE7FEF75EFEEA
:10B9D00001200A908DE0089828B9FFE7FEF756FE8F
:10B9E00000200A9085E0079830B9FFE705A8FEF728
:10B9F000B9FF0120079000E0FFE7FFE7FFE7FEF750
:10BA000045FEFFF7A3FAFEF715FE049890F94400EF
:10BA1000013028B9FFE70499002081F84400FFE7CE
:10BA2000049890F94500013028B9FFE704990020F7
:10BA300081F84500FFE7FEF729FE05A808A900F0F8
:10BA40005BF8A8BBFFE70498FDF7FAFF48B3FFE7F0
:10BA50000498006850B9FFE7FEF7ECFD0498806891
:10BA600000F0F2FB0390FEF711FE00E0FFE7049800
:10BA700024300899FEF790FF0498FEF7BFFA00F013
:10BA800057FD60B9FFE74EF60451CEF200014FF0CA
:10BA900080500860BFF34F8FBFF36F8F00E0FFE768
:10BAA00005E00498FEF7AAFA00F042FDFFE71FE068
:10BAB0000498FEF7A3FA00F03BFD0498FDF7C0FFE1
:10BAC000A0B1FFE7039870B1FFE7FEF7B3FD04985C
:10BAD000FDF74AFD0190049880680199FEF7BCFFCC
:10BAE000FEF7D4FDFFE700200A9002E0FFE7FFE742
:10BAF0003DE70A980EB080BD80B588B005900491EE
:10BB0000059858B9FFE74FF0500080F31188BFF354
:10BB10006F8FBFF34F8F0790FFE7FEE7049858B988
:10BB2000FFE74FF0500080F31188BFF36F8FBFF332
:10BB30004F8F0690FFE7FEE7FEF77CFD4CF6E42012
:10BB4000C1F6FF7000680290029805994968401A92
:10BB5000019004980068013018B9FFE700200390B5
:10BB60002EE04CF64C20C1F6FF700068059909687C
:10BB700088420CD0FFE7029805994968884206D3AD
:10BB8000FFE70120039004990020086017E0019866
:10BB90000499096888420BD2FFE7019A0499086862
:10BBA000801A08600598FEF7DDFE0020039005E08E
:10BBB00004990020086001200390FFE7FFE7FFE7FA
:10BBC000FEF764FD039808B080BD000070B58CB02E
:10BBD000DDF844C0DDF840C00B900A91ADF8262096
:10BBE0000893BDF826008000FEF76EFA05900598D0
:10BBF000A0B1FFE76420FEF767FA0790079840B10D
:10BC0000FFE707986421F4F787FC05980799086314
:10BC100003E00598FEF760FDFFE702E000200790D3
:10BC2000FFE70798F0B1FFE70798002680F861600A
:10BC30000B980A99BDF82620089BDDF840C0119C9E
:10BC4000079DEE46CEF80C60CEF80850CEF80440C2
:10BC5000CEF800C0FDF76EFD0798FDF7A3FA0120AE
:10BC6000069003E04FF0FF300690FFE706980CB017
:10BC700070BD0000B0B58EB0DDF850C0DDF84CC02E
:10BC8000DDF848C00A90099108920793139858B9B3
:10BC9000FFE74FF0500080F31188BFF36F8FBFF3C1
:10BCA0004F8F0D90FFE7FEE7149858B9FFE74FF06C
:10BCB000500080F31188BFF36F8FBFF34F8F0C904C
:10BCC000FFE7FEE764200490049864280BD0FFE7A8
:10BCD0004FF0500080F31188BFF36F8FBFF34F8F89
:10BCE0000B90FFE7FEE70498149840B3FFE7139822
:10BCF00028B3FFE71498069006986421F4F70CFC2B
:10BD00001398069908630699022081F861000A9841
:10BD10000999089A079BDDF848C0069CEE46002565
:10BD2000CEF80C50CEF8084005ACCEF80440CEF862
:10BD300000C0FDF7FFFC0698FDF734FA02E0002092
:10BD40000590FFE705980EB0B0BD000080B58AB041
:10BD50000690059100200290069858B9FFE74FF031
:10BD6000500080F31188BFF36F8FBFF34F8F09909E
:10BD7000FFE7FEE7059858B9FFE74FF0500080F362
:10BD80001188BFF36F8FBFF34F8F0890FFE7FEE777
:10BD90004CF21830C1F6FF70006858B1FFE74FF061
:10BDA000500080F31188BFF36F8FBFF34F8F079060
:10BDB000FFE7FEE7FFF7CAF84CF6E420C1F6FF7094
:10BDC000006801900698006805990844049001985D
:10BDD00006990968884210D2FFE704980699096815
:10BDE000884208D2FFE704980199884203D9FFE707
:10BDF0000120029000E0FFE70FE00498069909682F
:10BE0000884205D3FFE704980199884203D9FFE7E8
:10BE10000120029000E0FFE7FFE704980699086020
:10BE2000029838B1FFE704980199401A0021FDF704
:10BE30002BF900E0FFE700F07BFB0390039860B96B
:10BE4000FFE74EF60451CEF200014FF0805008603B
:10BE5000BFF34F8FBFF36F8F00E0FFE702980AB088
:10BE600080BD000081B04CF6B020C1F6FF700068C4
:10BE700018B9FFE7012000900DE04CF21830C1F630
:10BE8000FF70006818B9FFE70220009002E0002070
:10BE90000090FFE7FFE7009801B0704781B04CF6D3
:10BEA000E420C1F6FF7000680090009801B0704770
:10BEB00080B58AB0002006904CF21830C1F6FF70B1
:10BEC0000068002840F01981FFE74CF6E421C1F634
:10BED000FF7108680130059005980860059858BB07
:10BEE000FFE748F25860C1F6FF700068006858B17B
:10BEF000FFE74FF0500080F31188BFF36F8FBFF35F
:10BF00004F8F0990FFE7FEE748F25862C1F6FF72D3
:10BF10001068049048F26061C1F6FF710868106013
:10BF2000049808604CF64C21C1F6FF710868013096
:10BF30000860FDF78DFF00E0FFE705984CF648210B
:10BF4000C1F6FF7109688842C0F0B680FFE7FFE7DD
:10BF500048F25860C1F6FF700068006840B9FFE71A
:10BF60004CF64821C1F6FF714FF0FF300860A2E0A7
:10BF700048F25860C1F6FF700068C068C068089059
:10BF800008984068079005980799884207D2FFE70C
:10BF900007984CF64821C1F6FF7108608BE0FFE777
:10BFA00008984069039008988168C068886008997B
:10BFB0008868C968486003984068089904318842D5
:10BFC00005D1FFE70898C06803994860FFE7089922
:10BFD0000020486103990868013808600898806A61
:10BFE000F8B1FFE70898806A02900898C169006A72
:10BFF00088600899C869096A486002984068089989
:10C000001831884205D1FFE70898006A0299486014
:10C01000FFE70899002088620299086801380860E3
:10C0200000E0FFE70898C16A012000FA01F24CF233
:10C030002031C1F6FF710868104308600898C06A93
:10C0400000EB800048F26861C1F6FF7101EB8000EF
:10C05000406801900198089A906001988068089A59
:10C06000D06008980430019A9268506008980430B3
:10C07000019A9060089AD06A00EB800001EB800082
:10C0800050610898C06A00EB800251F8220001302C
:10C0900041F822000898C06A48F25061C1F6FF7169
:10C0A0000968C96A884203D9FFE70120069000E0C9
:10C0B000FFE7FFE74CE7FFE748F25060C1F6FF708B
:10C0C0000068C06A00EB800148F26860C1F6FF704A
:10C0D00050F82100022803D3FFE70120069000E07A
:10C0E000FFE74CF6F020C1F6FF70006818B1FFE7DB
:10C0F0000120069000E0FFE707E04CF65821C1F66A
:10C10000FF71086801300860FFE706980AB080BD3B
:10C1100080B586B0039003980290002001900398A8
:10C12000002800F08D80FFE7029848F25061C1F6C8
:10C13000FF71096888420BD0FFE74FF0500080F391
:10C140001188BFF36F8FBFF34F8F0590FFE7FEE7B6
:10C150000298406D58B9FFE74FF0500080F3118806
:10C16000BFF36F8FBFF34F8F0490FFE7FEE7029995
:10C17000486D013848650299C86A096D88425DD0EA
:10C18000FFE70298406D002856D1FFE7029804307F
:10C19000FEF77CF968B9FFE70298C16A012000FA4E
:10C1A00001F24CF22031C1F6FF710868904308603B
:10C1B00000E0FFE70299086DC8620299C86AC0F101
:10C1C000070088610298C16A012000FA01F34CF26D
:10C1D0002032C1F6FF721168194311600299C96AD1
:10C1E00001EB810148F26862C1F6FF7202EB810146
:10C1F000496800910099029B996000998968029BA7
:10C20000D96002990431009B9B68596002990431FE
:10C21000009B9960029BD96A01EB810102EB8101CD
:10C2200059610299C96A01EB810352F82310013167
:10C2300042F82310019000E0FFE700E0FFE700E094
:10C24000FFE7019806B080BD80B584B003900398E5
:10C250000290002001900398002800F09F80FFE7E3
:10C260000298C06A48F25061C1F6FF710968C96A54
:10C27000884280F08280FFE70298C07E0006002896
:10C280000BD4FFE748F25060C1F6FF700068C06A47
:10C29000C0F107000299886100E0FFE70299486950
:10C2A000C96A01EB810248F26861C1F6FF7101EBD6
:10C2B0008201884255D1FFE702980430FEF7E6F884
:10C2C00068B9FFE70298C16A012000FA01F24CF256
:10C2D0002031C1F6FF7108689043086000E0FFE775
:10C2E00048F25060C1F6FF700068C06A0299C862E7
:10C2F0000298C16A012000FA01F24CF22031C1F625
:10C30000FF710868104308600298C06A00EB800063
:10C3100048F26861C1F6FF7101EB8000406800904F
:10C320000098029A906000988068029AD060029803
:10C330000430009A9268506002980430009A90602D
:10C34000029AD06A00EB800001EB800050610298F5
:10C35000C06A00EB800251F82200013041F822004F
:10C3600008E048F25060C1F6FF700068C06A0299A8
:10C37000C862FFE7012001900FE00298006D48F2CB
:10C380005061C1F6FF710968C96A884203D2FFE7AC
:10C390000120019000E0FFE7FFE700E0FFE70198E0
:10C3A00004B080BD88B006900698C068C06805904B
:10C3B000059858B9FFE74FF0500080F31188BFF39C
:10C3C0006F8FBFF34F8F0790FFE7FEE70598806AF6
:10C3D00003900598C169006A88600599C869096A6F
:10C3E00048600398406805991831884205D1FFE7F5
:10C3F0000598006A03994860FFE705990020886264
:10C4000003990868013808604CF21830C1F6FF70D3
:10C410000068002857D1FFE7059840690290059809
:10C420008168C068886005998868C9684860029812
:10C43000406805990431884205D1FFE70598C06836
:10C4400002994860FFE70599002048610299086851
:10C45000013808600598C16A012000FA01F24CF227
:10C460002031C1F6FF710868104308600598C06A62
:10C4700000EB800048F26861C1F6FF7101EB8000BB
:10C48000406801900198059A906001988068059A2B
:10C49000D06005980430019A926850600598043085
:10C4A000019A9060059AD06A00EB800001EB800051
:10C4B00050610598C06A00EB800251F822000130FB
:10C4C00041F822001BE04CF65C21C1F6FF71486880
:10C4D00000900098059AD06100988068059A1062D3
:10C4E00005981830009A9268506005981830009AA4
:10C4F000906005988162086801300860FFE7059840
:10C50000C06A48F25061C1F6FF710968C96A884281
:10C5100008D9FFE7012004904CF6F021C1F6FF7125
:10C52000086002E000200490FFE7049808B070471C
:10C5300080B588B00020069005904CF21830C1F606
:10C54000FF70006858B9FFE74FF0500080F3118882
:10C55000BFF36F8FBFF34F8F0790FFE7FEE7FEF744
:10C5600069F84CF21830C1F6FF70016801390160BA
:10C570000068002840F0E780FFE74CF21030C1F679
:10C58000FF700068002800F0DD80FFE7FFE74CF651
:10C590005C20C1F6FF700068002800F09080FFE783
:10C5A0004CF65C20C1F6FF70C068C0680690069823
:10C5B000806A04900698C169006A88600699C86913
:10C5C000096A48600498406806991831884205D184
:10C5D000FFE70698006A04994860FFE70699002083
:10C5E00088620499086801380860069840690390D9
:10C5F00006988168C068886006998868C96848603C
:10C600000398406806990431884205D1FFE70698EF
:10C61000C06803994860FFE70699002048610399C4
:10C620000868013808600698C16A012000FA01F222
:10C630004CF22031C1F6FF7108681043086006987B
:10C64000C06A00EB800048F26861C1F6FF7101EB3F
:10C650008000406802900298069A90600298806874
:10C66000069AD06006980430029A92685060069844
:10C670000430029A9060069AD06A00EB800001EBC9
:10C68000800050610698C06A00EB800251F82200D9
:10C69000013041F822000698C06A48F25061C1F6A4
:10C6A000FF710968C96A884207D3FFE74CF6F02199
:10C6B000C1F6FF710120086000E0FFE767E7069818
:10C6C00018B1FFE7FDF7C4FBFFE74CF65820C1F6B1
:10C6D000FF70006801900198E0B1FFE7FFE7FFF706
:10C6E000E7FB38B1FFE74CF6F021C1F6FF710120FE
:10C6F000086000E0FFE7019801380190FFE701982A
:10C700000028ECD1FFE74CF65821C1F6FF7100205C
:10C71000086000E0FFE74CF6F020C1F6FF7000680B
:10C7200070B1FFE7012005904EF60451CEF20001F2
:10C730004FF080500860BFF34F8FBFF36F8F00E062
:10C74000FFE7FFE700E0FFE7FDF7A0FF059808B06F
:10C7500080BD000080B58AB000200890FCF7CCFDB9
:10C760004CF6E820C1F6FF70006858B3FFE70020E0
:10C7700004900790069007A806A905AAFDF7C6FE33
:10C78000049B059A0698DDF81CC06946C1F808C0EC
:10C7900048600620086049F6DD70C0F200004CF6E3
:10C7A0000A21C0F20001FFF765FA01464CF6EC20C1
:10C7B000C1F6FF700160006818B1FFE70120089022
:10C7C000FFE700E0FFE7089858B9FFE74FF0500097
:10C7D00080F31188BFF36F8FBFF34F8F0990FFE78E
:10C7E000FEE708980AB080BDF1EE100A4FF6FF711F
:10C7F000C0F2C03120EA010040F04070E1EE100AC2
:10C8000070470000AD7E000005A40000010080001C
:10C810000804020101000020010000800300000262
:10C8200003000004426561745461736B48616E6477
:10C830006C6572002E2F2E2E2F44726976657273EE
:10C840002F48433332463436305F4472697665721E
:10C850002F736F757263652F686333325F6C6C5F23
:10C86000636C6B2E63002E2F2E2E2F44726976651B
:10C8700072732F48433332463436305F44726976E0
:10C8800065722F736F757263652F686333325F6CE7
:10C890006C5F65666D2E63002E2F2E2E2F447269FD
:10C8A000766572732F48433332463436305F4472B4
:10C8B000697665722F736F757263652F68633332A3
:10C8C0005F6C6C5F6663672E63002E2F2E2E2F44E5
:10C8D0007269766572732F48433332463436305F5F
:10C8E0004472697665722F736F757263652F686322
:10C8F00033325F6C6C5F66636D2E63002E2F2E2EBD
:10C900002F447269766572732F484333324634364A
:10C91000305F4472697665722F736F757263652F2D
:10C92000686333325F6C6C5F6770696F2E63002ED3
:10C930002F2E2E2F447269766572732F484333323F
:10C94000463436305F4472697665722F736F757244
:10C9500063652F686333325F6C6C5F696E746572F8
:10C9600072757074732E63002E2F2E2E2F447269F1
:10C97000766572732F48433332463436305F4472E3
:10C98000697665722F736F757263652F68633332D2
:10C990005F6C6C5F7077632E63002E2F2E2E2F44FA
:10C9A0007269766572732F48433332463436305F8E
:10C9B0004472697665722F736F757263652F686351
:10C9C00033325F6C6C5F746D72302E63002E2F2ECD
:10C9D0002E2F447269766572732F48433332463482
:10C9E00036305F4472697665722F736F7572636556
:10C9F0002F686333325F6C6C5F746D72612E6300FD
:10CA000049444C4500546D725100546D7220537668
:10CA100063005461736B31004170705461736B43F8
:10CA200072656174650000000600000050CA0000D5
:10CA30000080FF1F70000000BC020000C0CA0000A0
:10CA40007080FF1F888A0000D802000000000000EC
:10CA5000658C0000158C00005D8C0000DD8C0000F2
:10CA6000F98C0000C58C0000D18C0000058E000000
:10CA7000E98D0000CD8D0000D98C0000AD8D000047
:10CA8000BD8D0000858D0000998D0000718D000026
:10CA9000398C0000BD8C00004D8D0000098D000018
:10CAA0005D8D00000D8D0000C18C0000C98C000060
:10CAB0002D8D0000FFFF000000000000AAAAAAAA16
:040000050000028174
:00000001FF
