S31500000000F80A0020290300006103000063030000D2
S31500000010650300006703000069030000000000009C
S315000000200000000000000000000000004167000022
S315000000306D03000000000000616600009D6D000079
S31500000040F52A0000092B00001D2B0000312B0000B3
S31500000050452B0000592B00006D2B0000812B000062
S31500000060952B0000A92B0000BD2B0000D12B000012
S31500000070E52B0000F92B00000D2C0000212C0000C0
S31500000080352C0000492C00005D2C0000712C00006E
S31500000090852C0000992C0000AD2C0000C12C00001E
S315000000A0D52C0000E92C0000FD2C0000112D0000CD
S315000000B0252D0000392D00004D2D0000612D00007A
S315000000C0752D00008D2D0000A52D0000BD2D000012
S315000000D0D52D0000ED2D0000052E00001D2E000080
S315000000E0352E00004D2E0000652E00007D2E0000EE
S315000000F0952E0000AD2E0000C52E0000DD2E00005E
S31500000100F52E00000D2F0000252F00003D2F0000CA
S31500000110552F00006D2F0000852F00009D2F000039
S31500000120B52F0000CD2F0000E52F0000FD2F0000A9
S31500000130153000002D300000453000005D30000015
S31500000140753000008D300000A5300000BD30000085
S31500000150D5300000ED300000053100001D310000F3
S31500000160353100004D310000653100007D31000061
S3150000017095310000AD310000C5310000DD310000D1
S31500000180F53100000D320000253200003D3200003E
S31500000190553200006D320000853200009D320000AD
S315000001A0B5320000CD320000E5320000FD3200001D
S315000001B0153300002D330000453300005D33000089
S315000001C0753300008D330000A5330000BD330000F9
S315000001D0D5330000ED330000053400001D34000067
S315000001E0353400004D340000653400007D340000D5
S315000001F095340000AD340000C5340000DD34000045
S31500000200F53400000D350000253500003D350000B1
S31500000210553500006D350000853500009D35000020
S31500000220B5350000CD350000E5350000FD35000090
S31500000230153600002D360000453600005D360000FC
S3150000024075360000A93800002D40000091410000DD
S3150000025041460000730300007303000073030000AF
S31500000260B1480000654E0000FD5200001557000021
S315000002702D5900008D5C00006160000015620000D1
S3150000028000F002F800F040F80AA090E8000C824462
S315000002908344AAF10107DA4501D100F035F8AFF23F
S315000002A0090EBAE80F0013F0010F18BFFB1A43F04E
S315000002B00103184778C7000098C70000103A24BF0A
S315000002C078C878C1FAD8520724BF30C830C144BFB5
S315000002D004680C60704700000023002400250026F7
S315000002E0103A28BF78C1FBD8520728BF30C148BF93
S315000002F00B6070471FB50CF077FA9DE8030000F01D
S31500000300AFF91FBD10B510BD00F03EFA1146FFF75C
S31500000310F1FF08F071FE00F05CFA03B4FFF7F2FF9C
S3150000032003BC00F005FA000015484FF01F010160FC
S3150000033014484FF07701016013484FF077010160D0
S3150000034012484FF4885101600E484FF07601016063
S315000003500D484FF0760101600D4880470D48004773
S31500000360FEE7FEE7FEE7FEE7FEE7FEE7FEE7FEE75F
S31500000370FEE7FEE708480949094A0A4B70470000AC
S3150000038010080540040805400C0805400008054013
S31500000390096F000081020000F8CAFF1FF80A00205A
S315000003A0F8EAFF1FF8EAFF1F70B50446051F00F0C4
S315000003B03DF90068002C14BF446870BD002C18BFBE
S315000003C0AC423CBF20466468F8D301680A18AA42CA
S315000003D018BF456003D12A680546114401602868A4
S315000003E04119A1421CBF6C6070BD616869602168DB
S315000003F00844286070BD7047704770477047704763
S31500000400BFFFDFFFFFFEFFFFFFFFFFFFFFFFFFFF57
S31500000410FFFFFFFFFFFFFFFFFFFFFFFFFFFFFFFFE6
S3150000042070B5064600F002F9056806F10B0020F0EB
S315000004300704B4429CBF002070BD2B466A68BAB15F
S315000004401068A04210D304F1080188423CBF5068EE
S31500000450586007D35168101941601168091B016083
S3150000046058601460101D70BD13465268002AE7D10B
S315000004702146284600F0E0F80028DED170BD032AA8
S3150000048040F2308010F0030C00F0158011F8013BAB
S31500000490BCF1020F624498BF11F801CB00F8013B92
S315000004A038BF11F8013BA2F1040298BF00F801CB56
S315000004B038BF00F8013B11F0030300F00781083A4A
S315000004C0C0F0088051F8043B083A51F804CBA0E884
S315000004D00810F5E7121D5CBF51F8043B40F8043BD9
S315000004E0AFF30080D20724BF11F8013B11F801CB0E
S315000004F048BF11F8012B24BF00F8013B00F801CBDF
S3150000050048BF00F8012B704702F0FF0343EA0322BD
S3150000051042EA024200F024B84FF000020429C0F07B
S31500000520128010F0030C00F01B80CCF1040CBCF11F
S31500000530020F18BF00F8012BA8BF20F8022BA1EB71
S315000005400C0100F00DB85FEAC17C24BF00F8012B56
S3150000055000F8012B48BF00F8012B70474FF000024E
S3150000056000B5134694469646203922BFA0E80C50A3
S31500000570A0E80C50B1F12001BFF4F7AF090728BF7E
S31500000580A0E80C5048BF0CC05DF804EB890028BFFA
S3150000059040F8042B08BF704748BF20F8022B11F023
S315000005A0804F18BF00F8012B7047000000000000C4
S315000005B030B44FF0013C50F8042B51F8043BCCFA10
S315000005C052F4D51A20D1FCB950F8042B51F8043B4B
S315000005D0CCFA52F4D51A17D1B4B950F8042B51F805
S315000005E0043BCCFA52F4D51A0ED16CB950F8042B50
S315000005F051F8043BCCFA52F4D51A05D1002CDAD0C6
S3150000060030BC4FF00000704729BAB1FA81F111F001
S315000006101801D1F120008440F2D1CA40CB4012F03B
S31500000620FF0213F0FF0330BCD01A70470048704732
S315000006307880FF1F7047704738B504460A46002089
S315000006406946AFF30080002808BF38BD024600990E
S31500000650204600F077F8012038BD012000F08CB864
S31500000660F8B5AFF30080054600200C46102000BF09
S315000006700646A819A0420DD9324669460020AFF3B6
S315000006800080070008BF00F077F80098A04218BF66
S315000006900546C419FFF7CAFF05600746F01D20F09E
S315000006A007004619284600F00AF8B44208BFF8BD0C
S315000006B0A21B31463868BDE8F84000F043B8002177
S315000006C00160C0E9011070471020704710B5203A4C
S315000006D0C0F00B80B1E81850A0E81850B1E81850E7
S315000006E0A0E81850203ABFF4F5AF5FEA027C24BFB9
S315000006F0B1E81850A0E8185044BF18C918C0BDE8A2
S3150000070010405FEA827C24BF51F8043B40F8043B6A
S3150000071008BF7047D20728BF31F8023B48BF11F81F
S31500000720012B28BF20F8023B48BF00F8012B704779
S3150000073001491820ABBEFEE72600020000487047BC
S315000007407080FF1F034640688C46002818BF884209
S315000007503CBF03464068F8D318681844884207D05F
S315000007600CF1030020F00700001D411A521A014641
S31500000770081D0A60FFF718BE10B500F039F8BDE88D
S31500000780104000F02FB870477546FFF7D7FFAE460A
S3150000079005006946534620F00700854618B020B587
S315000007A0FFF7E8FDBDE820404FF000064FF00007D8
S315000007B04FF000084FF0000BAC46ACE8C009ACE8BF
S315000007C0C009ACE8C009ACE8C00921F007018D46B4
S315000007D0704710B50446AFF300802046BDE81040D0
S315000007E0FFF79BBD002801D0FFF7A2BF70470000AE
S315000007F010B5012805D0002103A000F021F8012042
S3150000080010BD09A1F8E7000053494752544D454D24
S315000008103A204F7574206F662068656170206D659B
S315000008206D6F7279000000003A2048656170206D96
S31500000830656D6F727920636F72727570746564008E
S3150000084070B505460C460A2000E06D1C00F011F854
S3150000085035B128780028F8D102E0641C00F009F8C8
S3150000086014B120780028F8D1BDE870400A20AFF313
S31500000870008008B569468DF800000320ABBE08BDB0
S315000008807047000070470000704700007047000086
S315000008907047000070470000704700007047000076
S315000008A080B584B045F20040C4F20100402106F054
S315000008B06DFE01281ED1FFE745F20040C4F201009B
S315000008C0402106F003FEEFF311814FF0500080F354
S315000008D01188BFF36F8FBFF34F8F0291019002987B
S315000008E00090012007F0DCFC00980390039880F349
S315000008F01188FFE704B080BD80B58AB0052001905D
S3150000090003210122039201F0DBFB08A8029000F00C
S31500000910D5FE06A8059000F009FC47F27770C0F2F4
S31500000920777042F21021C0F2110100F04BFC0199E0
S315000009300298002204928DF8222030238DF821306F
S315000009408DF820208DF8241000F0DCFD039B04991F
S31500000950059807919DF81C2002F0E0028DF81C20F6
S31500000960BDF81D2002F47E423132ADF81D209DF8FF
S315000009701FC0BDF81D2042EA0C4263F31F52ADF8BA
S315000009801D20120C8DF81F209DF81FC04FF4700219
S3150000099002EA0C4202F58032120C8DF81F20BDF8D7
S315000009A01D2063F31F32ADF81D208DF818109DF839
S315000009B01C1001F07F018DF81C1000F0DBF9FFE739
S315000009C0202000F0E1F8012801D0FFE7F8E75020E9
S315000009D000F0CEFF4FF4404001F0A0FE05F0F0FD20
S315000009E0052000F0FBFB0120009000F071FF0020C5
S315000009F000F06EFF009800F035FF0AB080BD0000E1
S31500000A0080B548F29051C1F6FF71086840F4006065
S31500000A100860FFE70120022101F084FD08B9FFE725
S31500000A20F8E7022001F032F880BD000080B594B0EE
S31500000A300020089048F2A050C1F6FF70006844F20A
S31500000A402001C4F205010968C1F30261C8404CF6F1
S31500000A50CD41CCF6CC41A0FB01108008079044F2B2
S31500000A602040C4F20500007820B9FFE7002000F01E
S31500000A70E3FBFFE712A8029000F0B6FC002004900A
S31500000A808DF848008DF849008DF84A0002204FF491
S31500000A9040410122059201F013FB029800F022FC6E
S31500000AA005994FF4803001F013F809A8039001F07E
S31500000AB0E1FA03990498B8220F92032210920D903E
S31500000AC010220A920B901F20ADF824002220ADF8C8
S31500000AD0260048F20040C4F20400069001F06AF9CC
S31500000AE00599069801F0CCF8FFE748F20040C4F2F9
S31500000AF00400022101F028F9012827D1FFE748F276
S31500000B000040C4F204000190022101F087F8019828
S31500000B10052101F019F9012808D1FFE748F2004044
S31500000B20C4F20400052101F079F80EE048F2004015
S31500000B30C4F2040001F0DCF84FF48030002100918B
S31500000B4000F0C6FF0098139018E0FFE70898013000
S31500000B5008900898079988420FD9FFE748F20040A5
S31500000B60C4F2040001F0C4F84FF48030002100F014
S31500000B70AFFF6FF00700139000E0B6E7139814B0CC
S31500000B8080BD00007047000080B582B08DF8070078
S31500000B90FFE79DF8070040B1FFE79DF8070040F02A
S31500000BA06900692801D1FFE708E04CF63400C0F27D
S31500000BB0000040F28B5100F0C5FDFFE7FFE744F26D
S31500000BC03C00C4F2050000789DF807100840C0B24A
S31500000BD0002818BF012002B080BD000080B582B099
S31500000BE08DF8070000200090FFE79DF8070028B168
S31500000BF0FFE79DF80700012801D1FFE708E04CF662
S31500000C003400C0F2000040F2D92100F09BFDFFE75E
S31500000C10FFE7FFE744F2FE30C4F205000088C00794
S31500000C2008B1FFE708E04CF63400C0F2000040F2DD
S31500000C30DA2100F087FDFFE7FFE79DF80700B0B96E
S31500000C40FFE744F22600C4F20500007800F0070032
S31500000C50022804D1FFE76FF00500009006E044F299
S31500000C602741C4F2050101200870FFE706E044F2BF
S31500000C702741C4F2050100200870FFE7A02000F01C
S31500000C8093FD009802B080BD80B582B08DF8070054
S31500000C9000200090FFE79DF8070028B1FFE79DF8C8
S31500000CA00700012801D1FFE708E04CF63400C0F246
S31500000CB0000040F2E54100F045FDFFE7FFE7FFE7F2
S31500000CC044F2FE30C4F205000088C00708B1FFE711
S31500000CD008E04CF63400C0F2000040F2E64100F0B5
S31500000CE031FDFFE7FFE79DF80700B0B9FFE744F2E3
S31500000CF02600C4F20500007800F00700052804D19C
S31500000D00FFE76FF00500009006E044F22A01C4F206
S31500000D10050101200870FFE729E044F20010C4F243
S31500000D2005000068C1B20020B0EBD11F07D1FFE774
S31500000D3008204FF4805100F05DFA009006E0012093
S31500000D404FF4805100F056FA0090FFE7009868B91A
S31500000D50FFE744F22A01C4F20501002008702020B2
S31500000D604FF4805100F046FA0090FFE7FFE7009845
S31500000D7002B080BD80B586B00590059820B9FFE722
S31500000D806FF002000490CDE1FFE70598017900209D
S31500000D90B0EBD11F07D0FFE7059801790120B0EB32
S31500000DA0D11F01D1FFE708E04CF63400C0F2000085
S31500000DB04FF4976100F0C6FCFFE7FFE7FFE70598F1
S31500000DC0007900F01F000130182808D8FFE70598C1
S31500000DD0007900F01F00013008B1FFE708E04CF68B
S31500000DE03400C0F2000040F2B94100F0ABFCFFE76E
S31500000DF0FFE7FFE70598B0F805006FF35F200130C5
S31500000E00B0F5F07F0AD8FFE70598B0F805006FF354
S31500000E105F200130142801D3FFE708E04CF63400C8
S31500000E20C0F2000040F2BA4100F08CFCFFE7FFE799
S31500000E30FFE70598C179012000EB1110102809D8A9
S31500000E40FFE70598C179012000EB1110022801D3B4
S31500000E50FFE708E04CF63400C0F2000040F2BB4168
S31500000E6000F070FCFFE7FFE7059801790020B0EB82
S31500000E70D11F06D1FFE741F20020C0F27A000190AF
S31500000E8006E048F29C50C1F6FF7000680190FFE74B
S31500000E9001980599097901F01F010131B0FBF1F0C4
S31500000EA0039003980599B1F805106FF35F2101319E
S31500000EB048430290FFE7039847F64001C0F27D11D0
S31500000EC0884209D8FFE7039844F24021C0F20F0197
S31500000ED0884201D3FFE708E04CF63400C0F2000078
S31500000EE04FF4986100F02EFCFFE7FFE7FFE702985A
S31500000EF043F60001C1F69C41884209D8FFE70298F3
S31500000F0041F60041C0F64E61884201D3FFE708E092
S31500000F104CF63400C0F2000040F2C14100F012FC71
S31500000F20FFE7FFE7FFE702980599CA79012101EB80
S31500000F301211B0FBF1F04CF20021C0F6EB31884201
S31500000F4010D8FFE702980599CA79012101EB121121
S31500000F50B0FBF1F04EF2C011C0F2E401884201D3B9
S31500000F60FFE708E04CF63400C0F2000040F2C24150
S31500000F7000F0E8FBFFE7FFE7FFE70598C07900F020
S31500000F800F000130102809D8FFE70598C07900F056
S31500000F900F000130022801D3FFE708E04CF63400C9
S31500000FA0C0F2000040F2C34100F0CCFBFFE7FFE7D0
S31500000FB0FFE70598B0F80510012000EB1130102866
S31500000FC00AD8FFE70598B0F80510012000EB1130AC
S31500000FD0022801D3FFE708E04CF63400C0F2000017
S31500000FE040F2C44100F0AEFBFFE7FFE7FFE70298DF
S31500000FF00599B1F80520012101EB1231B0FBF1F0A2
S315000010004CF20021C0F6EB31884211D8FFE7029876
S315000010100599B1F80520012101EB1231B0FBF1F081
S315000010204EF2C011C0F2E401884201D3FFE708E0A6
S315000010304CF63400C0F2000040F2C54100F082FBDD
S31500001040FFE7FFE7FFE702980599C97901F00F016D
S315000010500131B0FBF1F04CF20021C0F6EB318842D1
S3150000106010D8FFE702980599C97901F00F010131FF
S31500001070B0FBF1F04EF2C011C0F2E401884201D398
S31500001080FFE708E04CF63400C0F2000040F2C6412B
S3150000109000F058FBFFE7FFE7FFE705980078012817
S315000010A004D0FFE70598007808B9FFE708E04CF69A
S315000010B03400C0F200004FF4996100F043FBFFE7F3
S315000010C0FFE7FFE744F2FE30C4F205000088C007E0
S315000010D008B1FFE708E04CF63400C0F2000040F229
S315000010E0C94100F02FFBFFE7FFE744F20011C4F20D
S315000010F005010868059A1279D20962F3C7100860DB
S315000011000598406808600598007828B9FFE701202F
S31500001110FFF7BAFD049004E00020FFF7B5FD049048
S31500001120FFE7FFE7049806B080BD000082B001909B
S3150000113000200090019820B9FFE76FF002000090B0
S315000011403DE00199002048600199087900F07F0090
S3150000115008710199087900F0E0000871019931F8E9
S31500001160050F8A7800F47E4013308A700880019A51
S3150000117032F8050F917840EA0141012060F31F51D2
S315000011801180090C9170019A32F8051F937841EA93
S3150000119003434FF6FF7CC0F2F00C03EA0C0303F5A1
S315000011A080331B0C93701180019A32F8051F9378D7
S315000011B060F31F319370118001990870FFE7009862
S315000011C002B0704780B582B00190009101980099F5
S315000011D005F0CAFA05F000FE02B080BD80B582B007
S315000011E08DF807009DF8070005F00AFD05F0F4FDEF
S315000011F002B080BD80B584B08DF80F00029100204A
S3150000120001906FF007000090FFE70198029988426D
S315000012100ED8FFE79DF80F00FFF7B6FC012803D1B3
S31500001220FFE70020009003E0019801300190ECE711
S31500001230009804B080BD000080B582B08DF807002C
S3150000124000200090FFE79DF8070028B1FFE79DF812
S315000012500700012801D1FFE708E04CF63400C0F290
S31500001260000040F2644100F06DFAFFE7FFE7FFE798
S3150000127044F2FE30C4F205000088C00708B1FFE75B
S3150000128008E04CF63400C0F2000040F2654100F080
S3150000129059FAFFE7FFE79DF80700B0B9FFE744F208
S315000012A02600C4F20500007800F00700042804D1E7
S315000012B0FFE76FF00500009006E044F22041C4F21B
S315000012C0050101200870FFE706E044F22041C4F260
S315000012D0050100200870FFE7A02000F065FA0098DD
S315000012E002B080BD80B582B00190019820B9FFE7B9
S315000012F06FF00200009074E0FFE701980078012883
S3150000130004D0FFE70198007808B9FFE708E04CF63B
S315000013103400C0F2000040F2474100F013FAFFE744
S31500001320FFE7FFE70198407828B1FFE7019840788A
S31500001330012801D1FFE708E04CF63400C0F20000B6
S315000013404FF4896100F0FEF9FFE7FFE7FFE7019838
S31500001350807850B1FFE701988078012805D0FFE733
S3150000136001988078032801D1FFE708E04CF63400A5
S31500001370C0F2000040F2494100F0E4F9FFE7FFE760
S31500001380FFE744F2FE30C4F205000088C00708B14A
S31500001390FFE708E04CF63400C0F2000040F24A4194
S315000013A000F0D0F9FFE7FFE70198407844F22141C9
S315000013B0C4F2050108700198807844F22541C4F210
S315000013C0050108700198007828B9FFE70120FFF7AA
S315000013D033FF009004E00020FFF72EFF0090FFE7A8
S315000013E0FFE7009802B080BD82B001900020009017
S315000013F0019820B9FFE76FF00200009007E001991D
S31500001400002008700199487001998870FFE70098DC
S3150000141002B0704780B582B08DF8070000200090BA
S31500001420FFE79DF8070028B1FFE79DF807000128B0
S3150000143001D1FFE708E04CF63400C0F200004FF49B
S31500001440677100F07FF9FFE7FFE7FFE744F2FE3040
S31500001450C4F205000088C00708B1FFE708E04CF6B3
S315000014603400C0F2000040F29D3100F06BF9FFE756
S31500001470FFE79DF80700A8BBFFE744F22600C4F289
S315000014800500007800F00700032804D1FFE76FF09D
S315000014900500009025E044F20010C4F20500006843
S315000014A0C1B20020B0EBD11F13D1FFE744F22A00EE
S315000014B0C4F20500007820B9FFE76FF00500009040
S315000014C006E044F23201C4F2050101200870FFE78C
S315000014D006E044F23201C4F2050101200870FFE77C
S315000014E0FFE70CE044F23201C4F205010020087067
S315000014F008204FF48051FFF77DFE0090FFE700982B
S3150000150002B080BD80B582B00190019820B9FFE796
S315000015106FF002000090CBE0FFE701980078012809
S3150000152004D0FFE70198007808B9FFE708E04CF619
S315000015303400C0F200004FF45F7100F003F9FFE7DA
S31500001540FFE7FFE70198407878B1FFE70198407818
S3150000155010280AD0FFE701984078202805D0FFE739
S3150000156001984078302801D1FFE708E04CF63400B6
S31500001570C0F2000040F27D3100F0E4F8FFE7FFE73B
S31500001580FFE70198807828B1FFE701988078402826
S3150000159001D1FFE708E04CF63400C0F2000040F24B
S315000015A07E3100F0CFF8FFE7FFE7FFE70198C0784C
S315000015B0802804D0FFE70198C07808B9FFE708E063
S315000015C04CF63400C0F2000040F27F3100F0BAF869
S315000015D0FFE7FFE7FFE701980079012828D0FFE73A
S315000015E001980079022823D0FFE7019800790328A3
S315000015F01ED0FFE701980079042819D0FFE701986B
S315000016000079052814D0FFE70198007906280FD045
S31500001610FFE70198007907280AD0FFE701980079CB
S31500001620082805D0FFE701980079092801D1FFE7CE
S3150000163008E04CF63400C0F200004FF4607100F090
S3150000164081F8FFE7FFE7FFE744F2FE30C4F205004A
S315000016500088C00708B1FFE708E04CF63400C0F286
S31500001660000040F2813100F06DF8FFE7FFE70198D6
S31500001670007944F2A201C4F205010870019842788B
S315000016808178C0781043084344F21041C4F2050142
S3150000169008700198007828B9FFE70120FFF7BAFE25
S315000016A0009004E00020FFF7B5FE0090FFE7FFE79B
S315000016B0009802B080BD00007047000082B0019023
S315000016C000200090019820B9FFE76FF0020000901B
S315000016D00EE0019901200870019900208870019997
S315000016E0487001998020C870019905200871FFE7AC
S315000016F0009802B07047000080B544F20040C4F282
S3150000170002004FF4803105F057FC012810D1FFE7A5
S3150000171044F20040C4F202004FF4803105F00EFCA2
S3150000172048F2D001C1F6FF71086801300860FFE792
S3150000173080BD000070470000704700007047000041
S315000017407047000082B001900091FFE7FEE70000BD
S3150000175083B0029048F2A050C1F6FF70006844F2D0
S315000017602001C4F205010968C1F30261C84041F2D3
S315000017706F71084441F6F111C0F27651A0FB0110D9
S31500001780C0090090FFE70298411E029150B1FFE7A1
S3150000179000980190FFE70198411E019108B1FFE70B
S315000017A0F9E7F0E703B0704783B0029048F2A05023
S315000017B0C1F6FF70006844F22001C4F20501096811
S315000017C0C1F30261C84048F67F51C0F25B0108448C
S315000017D049F68171C1F25E61A0FB0110C00C009058
S315000017E0FFE70298411E029150B1FFE70098019071
S315000017F0FFE70198411E019108B1FFE7F9E7F0E71D
S3150000180003B0704770470000704700007047000043
S3150000181070470000704700007047000070470000E6
S3150000182070470000704700007047000070470000D6
S3150000183070470000704700007047000070470000C6
S3150000184070470000704700007047000070470000B6
S3150000185070470000704700007047000070470000A6
S315000018607047000080B582B08DF80700FFE79DF84D
S31500001870070028B1FFE79DF80700012801D1FFE71F
S3150000188008E04CF66600C0F2000040F27111FFF766
S3150000189059FFFFE7FFE7FFE740F20040C4F201000F
S315000018A00068012801D1FFE708E04CF66600C0F2A7
S315000018B000004FF4B971FFF745FFFFE7FFE79DF81A
S315000018C0070048F24011C4F22021086002B080BD32
S315000018D080B582B08DF80700FFE79DF8070028B1B4
S315000018E0FFE79DF80700012801D1FFE708E04CF665
S315000018F06600C0F2000040F26311FFF723FFFFE726
S31500001900FFE7FFE740F20040C4F20100006801284B
S3150000191001D1FFE708E04CF66600C0F200004FF484
S31500001920B271FFF70FFFFFE7FFE79DF8070048F2E8
S315000019306011C4F22021086002B080BD704700002B
S31500001940704700007047000040F20041C4F20101F8
S31500001950002008607047000040F20041C4F2010117
S3150000196040F22310086043F2102008607047000020
S3150000197080B584B0029000200190FFE740F200405D
S31500001980C4F201000068012801D1FFE708E04CF627
S315000019906600C0F2000040F24F11FFF7D3FEFFE7EA
S315000019A0FFE7FFE70298F02801D8FFE708E04CF6CA
S315000019B06600C0F200004FF4A871FFF7C3FEFFE710
S315000019C0FFE740F20841C4F201010868029A1209D1
S315000019D062F307100860FFE7029840F20841C4F27C
S315000019E00101096801F0F001884220D0FFE7019863
S315000019F001300190019848F2A051C1F6FF710968C3
S31500001A0044F22002C4F205021268C2F30262D14017
S31500001A1041F25972CDF2B712A1FB0221B0EB913F10
S31500001A2004D9FFE76FF00700039003E0D4E7002036
S31500001A300390FFE7039804B080BD000070470000E4
S31500001A4070470000704700007047000070470000B4
S31500001A5070470000704700007047000070470000A4
S31500001A607047000070470000704700007047000094
S31500001A707047000070470000704700007047000084
S31500001A8070470000704700007047000080B582B0C4
S31500001A900190FFE7019840B1FFE701984FF6FF710B
S31500001AA00843884201D1FFE708E04CF62F10C0F248
S31500001AB0000040F20F21FFF745FEFFE7FFE7019820
S31500001AC041F25801C4F20501086002B080BD000071
S31500001AD080B582B001908DF80310FFE7019850B1F0
S31500001AE0FFE701984CF21151C8F6F371084388429A
S31500001AF001D1FFE707E04CF69800C0F20000712123
S31500001B00FFF720FEFFE7FFE7FFE79DF8030028B198
S31500001B10FFE79DF80300012801D1FFE707E04CF637
S31500001B209800C0F200007221FFF70CFEFFE7FFE706
S31500001B30FFE748F21000C4F204000068C00708B1CD
S31500001B40FFE707E04CF69800C0F200007321FFF7AC
S31500001B50F9FDFFE7FFE79DF80300012809D1FFE73C
S31500001B60019A48F20001C4F2040108689043086033
S31500001B7008E0019A48F20001C4F204010868104323
S31500001B800860FFE702B080BD80B582B001908DF895
S31500001B900310FFE7019850B1FFE7019848F2FF7183
S31500001BA0C0F207010843884201D1FFE707E04CF67F
S31500001BB09800C0F200009621FFF7C4FDFFE7FFE79B
S31500001BC0FFE79DF8030028B1FFE79DF80300012811
S31500001BD001D1FFE707E04CF69800C0F2000097211C
S31500001BE0FFF7B0FDFFE7FFE79DF80300012809D1E5
S31500001BF0FFE7019A48F20801C4F20401086890431D
S31500001C00086008E0019A48F20801C4F20401086875
S31500001C1010430860FFE702B080BD000080B582B0C7
S31500001C2001900091FFE7019848F20041C4F20401D7
S31500001C30884201D1FFE708E04CF6CA00C0F2000076
S31500001C4040F22511FFF77EFDFFE7FFE7FFE700986B
S31500001C5038B1FFE7009840F00700072801D1FFE7F9
S31500001C6008E04CF6CA00C0F200004FF49371FFF78B
S31500001C7069FDFFE7FFE700980199086202B080BDA1
S31500001C8080B582B001908DF80310FFE7019848F205
S31500001C900041C4F20401884201D1FFE708E04CF696
S31500001CA0CA00C0F200004FF4C871FFF74BFDFFE712
S31500001CB0FFE7FFE79DF8030028B1FFE79DF8030063
S31500001CC0012801D1FFE708E04CF6CA00C0F2000087
S31500001CD040F29111FFF736FDFFE7FFE79DF803009D
S31500001CE048F28011C4F29021086002B080BD000065
S31500001CF080B582B00190FFE7019848F20041C4F236
S31500001D000401884201D1FFE707E04CF6CA00C0F2A1
S31500001D100000FA21FFF716FDFFE7FFE70199002013
S31500001D20C860019A0721116201990860019948600B
S31500001D3001990861019948610199886102B080BDE5
S31500001D40704700007047000080B582B00190009196
S31500001D50FFE7019848F20041C4F20401884201D12C
S31500001D60FFE708E04CF6CA00C0F200004FF48971A4
S31500001D70FFF7E8FCFFE7FFE7FFE7009838B1FFE76A
S31500001D80009840F00700072801D1FFE708E04CF66D
S31500001D90CA00C0F2000040F21311FFF7D3FCFFE7C0
S31500001DA0FFE70198C06900990840002818BF012084
S31500001DB002B080BD80B584B00390029100200190EE
S31500001DC0FFE7039848F20041C4F20401884201D1BA
S31500001DD0FFE707E04CF6CA00C0F20000B821FFF7A3
S31500001DE0B1FCFFE7FFE7029820B9FFE76FF00200BA
S31500001DF0019039E1FFE70298406840B3FFE7029897
S31500001E004068102823D0FFE70298406820281ED09B
S31500001E10FFE702984068302819D0FFE7029840682B
S31500001E20402814D0FFE70298406850280FD0FFE7FB
S31500001E300298406860280AD0FFE702984068702838
S31500001E4005D0FFE702984068802801D1FFE707E048
S31500001E504CF6CA00C0F20000BE21FFF773FCFFE794
S31500001E60FFE7FFE70298806878B1FFE7029880688D
S31500001E7001280AD0FFE702988068022805D0FFE70C
S31500001E8002988068032801D1FFE707E04CF6CA00F4
S31500001E90C0F20000BF21FFF755FCFFE7FFE7FFE7B1
S31500001EA00298C06830B1FFE70298C068B0F5004FED
S31500001EB001D1FFE707E04CF6CA00C0F20000C021DE
S31500001EC0FFF740FCFFE7FFE7FFE70298006960B114
S31500001ED0FFE702980069B0F5805F06D0FFE7029839
S31500001EE00069B0F5005F01D1FFE707E04CF6CA00D4
S31500001EF0C0F20000C121FFF725FCFFE7FFE7FFE77F
S31500001F000298406990B1FFE702984069B0F5807F7A
S31500001F100CD0FFE702984069B0F5007F06D0FFE7D6
S31500001F2002984069B0F5407F01D1FFE707E04CF623
S31500001F30CA00C0F20000C221FFF704FCFFE7FFE77A
S31500001F40FFE70298806968B3FFE7029880698028F6
S31500001F5028D0FFE702988069882823D0FFE70298F7
S31500001F60806990281ED0FFE702988069982819D0CA
S31500001F70FFE702988069A02814D0FFE702988069DD
S31500001F80A8280FD0FFE702988069B0280AD0FFE79B
S31500001F9002988069B82805D0FFE702988069C028B2
S31500001FA001D1FFE707E04CF6CA00C0F20000C321EA
S31500001FB0FFF7C8FBFFE7FFE7FFE70298C06978B1C4
S31500001FC0FFE70298C06901280AD0FFE70298C069B6
S31500001FD0022805D0FFE70298C069032801D1FFE770
S31500001FE007E04CF6CA00C0F20000C421FFF7AAFBC6
S31500001FF0FFE7FFE7FFE70298006A28B1FFE70298CC
S31500002000006A102801D1FFE707E04CF6CA00C0F2CB
S315000020100000C521FFF796FBFFE7FFE7029800885F
S3150000202003990860029840880399486002994868B5
S3150000203089680843039908610299C868D1F810C0F5
S315000020404B698A6940EA0C0018431043C969084382
S3150000205003994861039880690299096A090961F33D
S31500002060041003998861FFE7019804B080BD000061
S315000020707047000083B0029000200190029820B9BA
S31500002080FFE76FF00200019017E002990020009030
S3150000209008800299488002994860029988600299EE
S315000020A0C8600299086102994861029A802191618B
S315000020B00299C86102990862FFE7019803B0704768
S315000020C080B584B08DF80F00ADF80C108DF80B209C
S315000020D0FFE743F6FC30C4F205000088C00708B1EC
S315000020E0FFE708E04CF6FC00C0F2000040F2812158
S315000020F0FFF728FBFFE7FFE7FFE79DF80F00C8B1F2
S31500002100FFE79DF80F00012814D0FFE79DF80F00A8
S3150000211002280FD0FFE79DF80F0003280AD0FFE73B
S315000021209DF80F00042805D0FFE79DF80F0005284D
S3150000213001D1FFE708E04CF6FC00C0F2000040F2D7
S315000021408221FFF7FFFAFFE7FFE7FFE7BDF80C0084
S3150000215028B1FFE7BDF80C0008B1FFE708E04CF630
S31500002160FC00C0F2000040F28321FFF7EBFAFFE724
S31500002170FFE700208DF80300FFE79DF803000F2816
S3150000218035D8FFE7BDF80C00C007F8B1FFE79DF8AA
S315000021900F0080019DF8031000EB810043F600411B
S315000021A0C4F20501084401909DF80B00012806D1F0
S315000021B0FFE70199088840F40040088005E001998E
S315000021C008886FF3DF300880FFE7FFE7BDF80C00F3
S315000021D04008ADF80C00BDF80C0008B9FFE706E0B2
S315000021E0FFE79DF8030001308DF80300C5E704B052
S315000021F080BD000080B588B08DF81F00ADF81C10BA
S31500002200069200200390069820B9FFE76FF00200BF
S31500002210039073E1FFE743F6FC30C4F20500008843
S31500002220C00708B1FFE708E04CF6FC00C0F200006A
S315000022304FF48071FFF786FAFFE7FFE7FFE79DF8A7
S315000022401F00C8B1FFE79DF81F00012814D0FFE763
S315000022509DF81F0002280FD0FFE79DF81F000328F6
S315000022600AD0FFE79DF81F00042805D0FFE79DF878
S315000022701F00052801D1FFE708E04CF6FC00C0F27C
S31500002280000040F20111FFF75DFAFFE7FFE7FFE705
S31500002290BDF81C0028B1FFE7BDF81C0008B1FFE738
S315000022A008E04CF6FC00C0F200004FF48171FFF725
S315000022B049FAFFE7FFE7FFE70698008828B1FFE73E
S315000022C006980088012801D1FFE708E04CF6FC00DB
S315000022D0C0F2000040F20311FFF734FAFFE7FFE710
S315000022E0FFE70698408828B1FFE70698408802284D
S315000022F001D1FFE708E04CF6FC00C0F200004FF405
S315000023008271FFF71FFAFFE7FFE7FFE7069880886D
S3150000231028B1FFE706988088042801D1FFE708E086
S315000023204CF6FC00C0F2000040F20511FFF70AFA75
S31500002330FFE7FFE7FFE70698C08850B1FFE706987A
S31500002340C088102805D0FFE70698C088202801D14C
S31500002350FFE708E04CF6FC00C0F200004FF4837182
S31500002360FFF7F0F9FFE7FFE7FFE70698008930B1CE
S31500002370FFE706980089B0F5804F01D1FFE708E036
S315000023804CF6FC00C0F2000040F20711FFF7DAF944
S31500002390FFE7FFE7FFE70698408928B1FFE70698C1
S315000023A04089402801D1FFE708E04CF6FC00C0F266
S315000023B000004FF48471FFF7C5F9FFE7FFE7FFE779
S315000023C00698808930B1FFE706988089B0F5007FCE
S315000023D001D1FFE708E04CF6FC00C0F2000040F235
S315000023E00911FFF7AFF9FFE7FFE7FFE70698C08996
S315000023F030B1FFE70698C089B0F5805F01D1FFE7ED
S3150000240008E04CF6FC00C0F200004FF48571FFF7BF
S3150000241099F9FFE7FFE7FFE70698008A30B1FFE783
S315000024200698008AB0F5004F01D1FFE708E04CF6A8
S31500002430FC00C0F2000040F20B11FFF783F9FFE742
S31500002440FFE700208DF81700FFE79DF817000F281B
S3150000245053D8FFE7BDF81C00C007E8B3FFE70699AD
S31500002460019108884A8810438A881043CA88104315
S315000024704A8910438A891043CA8910430989084347
S31500002480ADF8140045F27720ADF812000698018ADF
S31500002490BDF814000843ADF81400BDF8120040F46E
S315000024A00040ADF812009DF81F0080019DF817103E
S315000024B000EB810043F60041C4F205010844029096
S315000024C002980088BDF812209043BDF81410114000
S315000024D0084402990880FFE7BDF81C004008ADF8E3
S315000024E01C00BDF81C0008B9FFE706E0FFE79DF8F1
S315000024F0170001308DF81700A7E7FFE7039808B02B
S3150000250080BD000043F6FC31C4F205014FF42540BE
S315000025100880704743F6FC31C4F205014AF20150C7
S315000025200880704780B582B08DF80700ADF80410BA
S31500002530FFE79DF80700C8B1FFE79DF807000128EF
S3150000254014D0FFE79DF8070002280FD0FFE79DF89B
S31500002550070003280AD0FFE79DF80700042805D0E6
S31500002560FFE79DF80700052801D1FFE708E04CF6D4
S31500002570FC00C0F200004FF4FF71FFF7E3F8FFE73D
S31500002580FFE7FFE7BDF8040028B1FFE7BDF8040048
S3150000259008B1FFE708E04CF6FC00C0F2000040F28C
S315000025A0FF11FFF7CFF8FFE7FFE79DF807000101EE
S315000025B043F60000C4F20500405ABDF80410084076
S315000025C080B2002818BF012002B080BD80B582B05D
S315000025D08DF80700ADF80410FFE79DF80700C8B1B5
S315000025E0FFE79DF80700012814D0FFE79DF80700D4
S315000025F002280FD0FFE79DF8070003280AD0FFE75F
S315000026009DF80700042805D0FFE79DF80700052878
S3150000261001D1FFE708E04CF6FC00C0F2000040F2F2
S315000026204A21FFF78FF8FFE7FFE7FFE7BDF8040051
S3150000263028B1FFE7BDF8040008B1FFE708E04CF653
S31500002640FC00C0F2000040F24B21FFF77BF8FFE7E9
S31500002650FFE79DF8071043F60A00C4F2050000EBF9
S3150000266001100090BDF804200099088810430880E6
S3150000267002B080BD80B582B08DF80700ADF80410B9
S31500002680FFE79DF80700C8B1FFE79DF8070001289E
S3150000269014D0FFE79DF8070002280FD0FFE79DF84A
S315000026A0070003280AD0FFE79DF80700042805D095
S315000026B0FFE79DF80700052801D1FFE708E04CF683
S315000026C0FC00C0F200004FF40E71FFF73BF8FFE785
S315000026D0FFE7FFE7BDF8040028B1FFE7BDF80400F7
S315000026E008B1FFE708E04CF6FC00C0F2000040F23B
S315000026F03921FFF727F8FFE7FFE79DF8071043F6B4
S315000027000800C4F2050000EB01100090BDF804209B
S31500002710009908881043088002B080BD80B582B059
S31500002720ADF80600FFE7BDF8060090B1FFE7BDF87B
S315000027300600B0F5804F0CD0FFE7BDF80600B0F5F7
S31500002740004F06D0FFE7BDF80600B0F5404F01D1B7
S31500002750FFE708E04CF6FC00C0F200004FF4ED7114
S31500002760FEF7F0FFFFE7FFE7FFE743F6FC30C4F2B2
S3150000277005000088C00708B1FFE708E04CF6FC003A
S31500002780C0F2000040F2DB11FEF7DCFFFFE7FFE7D7
S3150000279043F6F831C4F2050108886FF39F30BDF89F
S315000027A0062002F440421044088002B080BD0000BA
S315000027B083B0029000200190029820B9FFE76FF0E5
S315000027C00200019014E0029900200090088002990E
S315000027D048800299C8800299088202990881029964
S315000027E04881029988810299C88102998880FFE709
S315000027F0019803B07047000080B582B08DF80700DD
S31500002800ADF80410FFE79DF80700C8B1FFE79DF893
S315000028100700012814D0FFE79DF8070002280FD013
S31500002820FFE79DF8070003280AD0FFE79DF8070099
S31500002830042805D0FFE79DF80700052801D1FFE72A
S3150000284008E04CF6FC00C0F2000040F26D21FEF7F5
S3150000285079FFFFE7FFE7FFE7BDF8040028B1FFE7D0
S31500002860BDF8040008B1FFE708E04CF6FC00C0F232
S31500002870000040F26E21FEF765FFFFE7FFE79DF8D7
S31500002880071043F60C00C4F2050000EB011000909F
S31500002890BDF80420009908881043088002B080BD66
S315000028A080B582B0019048F2F460C1F6FF7000680E
S315000028B088B1FFE748F2F460C1F6FF70006840682F
S315000028C048B1FFE748F2F460C1F6FF70006841685E
S315000028D001988847FFE702B080BD000080B548F246
S315000028E0F460C1F6FF70006880B1FFE748F2F4605B
S315000028F0C1F6FF700068006840B1FFE748F2F46077
S31500002900C1F6FF70006801688847FFE780BD0000D8
S3150000291082B00090009820B9FFE700208DF80700EC
S3150000292009E0009848F2F461C1F6FF7108600120E1
S315000029308DF80700FFE79DF8070002B0704700001A
S3150000294080B548F20000C1F6FF70FFF7E1FF80BDD9
S3150000295080B582B08DF8070048F2F460C1F6FF70CA
S31500002960006890B1FFE748F2F460C1F6FF700068B6
S31500002970406A50B1FFE748F2F460C1F6FF700068A4
S31500002980416A9DF807008847FFE702B080BD000056
S315000029907047000070470000704700007047000055
S315000029A07047000070470000704700007047000045
S315000029B07047000070470000704700007047000035
S315000029C07047000070470000704700007047000025
S315000029D07047000070470000704700007047000015
S315000029E07047000070470000704700007047000005
S315000029F080B584B0039000200190039820B9FFE7CA
S31500002A006FF00200019071E0FFE703980088B0F5CF
S31500002A10007F01DAFFE707E04CF62F10C0F2000056
S31500002A20CD21FEF78FFEFFE7FFE7039908884009EF
S31500002A3000EB4002202000EB4200B1F90210884270
S31500002A400DD8FFE703990888400900EB40022520CE
S31500002A5000EB4200B1F9021088420AD2FFE7039860
S31500002A60B0F90200202804D3FFE76FF002000190BE
S31500002A703BE00398B0F9021041F25C00C4F2050095
S31500002A8000EB81000290029800686FF35F2040F22D
S31500002A90FF1188420FD1FFE703980088029908606A
S31500002AA003994868B1F9022048F29031C1F6FF71E6
S31500002AB041F8220018E003980088029909686FF32C
S31500002AC05F2188420BD1FFE703994868B1F90220DC
S31500002AD048F29031C1F6FF7141F8220003E06FF031
S31500002AE001000190FFE7FFE7FFE7FFE7019804B069
S31500002AF080BD000080B548F29030C1F6FF700068D6
S31500002B008047BFF34F8F80BD80B548F29030C1F645
S31500002B10FF7040688047BFF34F8F80BD80B548F295
S31500002B209030C1F6FF7080688047BFF34F8F80BD3D
S31500002B3080B548F29030C1F6FF70C0688047BFF399
S31500002B404F8F80BD80B548F29030C1F6FF700069A6
S31500002B508047BFF34F8F80BD80B548F29030C1F6F5
S31500002B60FF7040698047BFF34F8F80BD80B548F244
S31500002B709030C1F6FF7080698047BFF34F8F80BDEC
S31500002B8080B548F29030C1F6FF70C0698047BFF348
S31500002B904F8F80BD80B548F29030C1F6FF70006A55
S31500002BA08047BFF34F8F80BD80B548F29030C1F6A5
S31500002BB0FF70406A8047BFF34F8F80BD80B548F2F3
S31500002BC09030C1F6FF70806A8047BFF34F8F80BD9B
S31500002BD080B548F29030C1F6FF70C06A8047BFF3F7
S31500002BE04F8F80BD80B548F29030C1F6FF70006B04
S31500002BF08047BFF34F8F80BD80B548F29030C1F655
S31500002C00FF70406B8047BFF34F8F80BD80B548F2A1
S31500002C109030C1F6FF70806B8047BFF34F8F80BD49
S31500002C2080B548F29030C1F6FF70C06B8047BFF3A5
S31500002C304F8F80BD80B548F29030C1F6FF70006CB2
S31500002C408047BFF34F8F80BD80B548F29030C1F604
S31500002C50FF70406C8047BFF34F8F80BD80B548F250
S31500002C609030C1F6FF70806C8047BFF34F8F80BDF8
S31500002C7080B548F29030C1F6FF70C06C8047BFF354
S31500002C804F8F80BD80B548F29030C1F6FF70006D61
S31500002C908047BFF34F8F80BD80B548F29030C1F6B4
S31500002CA0FF70406D8047BFF34F8F80BD80B548F2FF
S31500002CB09030C1F6FF70806D8047BFF34F8F80BDA7
S31500002CC080B548F29030C1F6FF70C06D8047BFF303
S31500002CD04F8F80BD80B548F29030C1F6FF70006E10
S31500002CE08047BFF34F8F80BD80B548F29030C1F664
S31500002CF0FF70406E8047BFF34F8F80BD80B548F2AE
S31500002D009030C1F6FF70806E8047BFF34F8F80BD55
S31500002D1080B548F29030C1F6FF70C06E8047BFF3B1
S31500002D204F8F80BD80B548F29030C1F6FF70006FBE
S31500002D308047BFF34F8F80BD80B548F29030C1F613
S31500002D40FF70406F8047BFF34F8F80BD80B548F25C
S31500002D509030C1F6FF70806F8047BFF34F8F80BD04
S31500002D6080B548F29030C1F6FF70C06F8047BFF360
S31500002D704F8F80BD80B548F29030C1F6FF70D0F815
S31500002D8080008047BFF34F8F80BD000080B548F2BA
S31500002D909030C1F6FF70D0F884008047BFF34F8FA4
S31500002DA080BD000080B548F29030C1F6FF70D0F8C3
S31500002DB088008047BFF34F8F80BD000080B548F282
S31500002DC09030C1F6FF70D0F88C008047BFF34F8F6C
S31500002DD080BD000080B548F29030C1F6FF70D0F893
S31500002DE090008047BFF34F8F80BD000080B548F24A
S31500002DF09030C1F6FF70D0F894008047BFF34F8F34
S31500002E0080BD000080B548F29030C1F6FF70D0F862
S31500002E1098008047BFF34F8F80BD000080B548F211
S31500002E209030C1F6FF70D0F89C008047BFF34F8FFB
S31500002E3080BD000080B548F29030C1F6FF70D0F832
S31500002E40A0008047BFF34F8F80BD000080B548F2D9
S31500002E509030C1F6FF70D0F8A4008047BFF34F8FC3
S31500002E6080BD000080B548F29030C1F6FF70D0F802
S31500002E70A8008047BFF34F8F80BD000080B548F2A1
S31500002E809030C1F6FF70D0F8AC008047BFF34F8F8B
S31500002E9080BD000080B548F29030C1F6FF70D0F8D2
S31500002EA0B0008047BFF34F8F80BD000080B548F269
S31500002EB09030C1F6FF70D0F8B4008047BFF34F8F53
S31500002EC080BD000080B548F29030C1F6FF70D0F8A2
S31500002ED0B8008047BFF34F8F80BD000080B548F231
S31500002EE09030C1F6FF70D0F8BC008047BFF34F8F1B
S31500002EF080BD000080B548F29030C1F6FF70D0F872
S31500002F00C0008047BFF34F8F80BD000080B548F2F8
S31500002F109030C1F6FF70D0F8C4008047BFF34F8FE2
S31500002F2080BD000080B548F29030C1F6FF70D0F841
S31500002F30C8008047BFF34F8F80BD000080B548F2C0
S31500002F409030C1F6FF70D0F8CC008047BFF34F8FAA
S31500002F5080BD000080B548F29030C1F6FF70D0F811
S31500002F60D0008047BFF34F8F80BD000080B548F288
S31500002F709030C1F6FF70D0F8D4008047BFF34F8F72
S31500002F8080BD000080B548F29030C1F6FF70D0F8E1
S31500002F90D8008047BFF34F8F80BD000080B548F250
S31500002FA09030C1F6FF70D0F8DC008047BFF34F8F3A
S31500002FB080BD000080B548F29030C1F6FF70D0F8B1
S31500002FC0E0008047BFF34F8F80BD000080B548F218
S31500002FD09030C1F6FF70D0F8E4008047BFF34F8F02
S31500002FE080BD000080B548F29030C1F6FF70D0F881
S31500002FF0E8008047BFF34F8F80BD000080B548F2E0
S315000030009030C1F6FF70D0F8EC008047BFF34F8FC9
S3150000301080BD000080B548F29030C1F6FF70D0F850
S31500003020F0008047BFF34F8F80BD000080B548F2A7
S315000030309030C1F6FF70D0F8F4008047BFF34F8F91
S3150000304080BD000080B548F29030C1F6FF70D0F820
S31500003050F8008047BFF34F8F80BD000080B548F26F
S315000030609030C1F6FF70D0F8FC008047BFF34F8F59
S3150000307080BD000080B548F29030C1F6FF70D0F8F0
S3150000308000018047BFF34F8F80BD000080B548F236
S315000030909030C1F6FF70D0F804018047BFF34F8F20
S315000030A080BD000080B548F29030C1F6FF70D0F8C0
S315000030B008018047BFF34F8F80BD000080B548F2FE
S315000030C09030C1F6FF70D0F80C018047BFF34F8FE8
S315000030D080BD000080B548F29030C1F6FF70D0F890
S315000030E010018047BFF34F8F80BD000080B548F2C6
S315000030F09030C1F6FF70D0F814018047BFF34F8FB0
S3150000310080BD000080B548F29030C1F6FF70D0F85F
S3150000311018018047BFF34F8F80BD000080B548F28D
S315000031209030C1F6FF70D0F81C018047BFF34F8F77
S3150000313080BD000080B548F29030C1F6FF70D0F82F
S3150000314020018047BFF34F8F80BD000080B548F255
S315000031509030C1F6FF70D0F824018047BFF34F8F3F
S3150000316080BD000080B548F29030C1F6FF70D0F8FF
S3150000317028018047BFF34F8F80BD000080B548F21D
S315000031809030C1F6FF70D0F82C018047BFF34F8F07
S3150000319080BD000080B548F29030C1F6FF70D0F8CF
S315000031A030018047BFF34F8F80BD000080B548F2E5
S315000031B09030C1F6FF70D0F834018047BFF34F8FCF
S315000031C080BD000080B548F29030C1F6FF70D0F89F
S315000031D038018047BFF34F8F80BD000080B548F2AD
S315000031E09030C1F6FF70D0F83C018047BFF34F8F97
S315000031F080BD000080B548F29030C1F6FF70D0F86F
S3150000320040018047BFF34F8F80BD000080B548F274
S315000032109030C1F6FF70D0F844018047BFF34F8F5E
S3150000322080BD000080B548F29030C1F6FF70D0F83E
S3150000323048018047BFF34F8F80BD000080B548F23C
S315000032409030C1F6FF70D0F84C018047BFF34F8F26
S3150000325080BD000080B548F29030C1F6FF70D0F80E
S3150000326050018047BFF34F8F80BD000080B548F204
S315000032709030C1F6FF70D0F854018047BFF34F8FEE
S3150000328080BD000080B548F29030C1F6FF70D0F8DE
S3150000329058018047BFF34F8F80BD000080B548F2CC
S315000032A09030C1F6FF70D0F85C018047BFF34F8FB6
S315000032B080BD000080B548F29030C1F6FF70D0F8AE
S315000032C060018047BFF34F8F80BD000080B548F294
S315000032D09030C1F6FF70D0F864018047BFF34F8F7E
S315000032E080BD000080B548F29030C1F6FF70D0F87E
S315000032F068018047BFF34F8F80BD000080B548F25C
S315000033009030C1F6FF70D0F86C018047BFF34F8F45
S3150000331080BD000080B548F29030C1F6FF70D0F84D
S3150000332070018047BFF34F8F80BD000080B548F223
S315000033309030C1F6FF70D0F874018047BFF34F8F0D
S3150000334080BD000080B548F29030C1F6FF70D0F81D
S3150000335078018047BFF34F8F80BD000080B548F2EB
S315000033609030C1F6FF70D0F87C018047BFF34F8FD5
S3150000337080BD000080B548F29030C1F6FF70D0F8ED
S3150000338080018047BFF34F8F80BD000080B548F2B3
S315000033909030C1F6FF70D0F884018047BFF34F8F9D
S315000033A080BD000080B548F29030C1F6FF70D0F8BD
S315000033B088018047BFF34F8F80BD000080B548F27B
S315000033C09030C1F6FF70D0F88C018047BFF34F8F65
S315000033D080BD000080B548F29030C1F6FF70D0F88D
S315000033E090018047BFF34F8F80BD000080B548F243
S315000033F09030C1F6FF70D0F894018047BFF34F8F2D
S3150000340080BD000080B548F29030C1F6FF70D0F85C
S3150000341098018047BFF34F8F80BD000080B548F20A
S315000034209030C1F6FF70D0F89C018047BFF34F8FF4
S3150000343080BD000080B548F29030C1F6FF70D0F82C
S31500003440A0018047BFF34F8F80BD000080B548F2D2
S315000034509030C1F6FF70D0F8A4018047BFF34F8FBC
S3150000346080BD000080B548F29030C1F6FF70D0F8FC
S31500003470A8018047BFF34F8F80BD000080B548F29A
S315000034809030C1F6FF70D0F8AC018047BFF34F8F84
S3150000349080BD000080B548F29030C1F6FF70D0F8CC
S315000034A0B0018047BFF34F8F80BD000080B548F262
S315000034B09030C1F6FF70D0F8B4018047BFF34F8F4C
S315000034C080BD000080B548F29030C1F6FF70D0F89C
S315000034D0B8018047BFF34F8F80BD000080B548F22A
S315000034E09030C1F6FF70D0F8BC018047BFF34F8F14
S315000034F080BD000080B548F29030C1F6FF70D0F86C
S31500003500C0018047BFF34F8F80BD000080B548F2F1
S315000035109030C1F6FF70D0F8C4018047BFF34F8FDB
S3150000352080BD000080B548F29030C1F6FF70D0F83B
S31500003530C8018047BFF34F8F80BD000080B548F2B9
S315000035409030C1F6FF70D0F8CC018047BFF34F8FA3
S3150000355080BD000080B548F29030C1F6FF70D0F80B
S31500003560D0018047BFF34F8F80BD000080B548F281
S315000035709030C1F6FF70D0F8D4018047BFF34F8F6B
S3150000358080BD000080B548F29030C1F6FF70D0F8DB
S31500003590D8018047BFF34F8F80BD000080B548F249
S315000035A09030C1F6FF70D0F8DC018047BFF34F8F33
S315000035B080BD000080B548F29030C1F6FF70D0F8AB
S315000035C0E0018047BFF34F8F80BD000080B548F211
S315000035D09030C1F6FF70D0F8E4018047BFF34F8FFB
S315000035E080BD000080B548F29030C1F6FF70D0F87B
S315000035F0E8018047BFF34F8F80BD000080B548F2D9
S315000036009030C1F6FF70D0F8EC018047BFF34F8FC2
S3150000361080BD000080B548F29030C1F6FF70D0F84A
S31500003620F0018047BFF34F8F80BD000080B548F2A0
S315000036309030C1F6FF70D0F8F4018047BFF34F8F8A
S3150000364080BD000080B548F29030C1F6FF70D0F81A
S31500003650F8018047BFF34F8F80BD000080B548F268
S315000036609030C1F6FF70D0F8FC018047BFF34F8F52
S3150000367080BD000080B582B041F25C20C4F2050036
S315000036800068019040F68020C4F2A220006801285C
S3150000369008D1FFE79DF80400C00718B1FFE7FEF761
S315000036A0D5F9FFE740F68420C4F2A220006801287D
S315000036B009D1FFE79DF804008007002803D5FFE73E
S315000036C0FEF7C6F9FFE740F68820C4F2A22000689C
S315000036D0012809D1FFE79DF804004007002803D51B
S315000036E0FFE7FEF7B7F9FFE740F68C20C4F2A22009
S315000036F00068012809D1FFE79DF8040000070028AB
S3150000370003D5FFE7FEF7A8F9FFE740F69020C4F2DD
S31500003710A2200068012809D1FFE79DF80400C00631
S31500003720002803D5FFE7FEF799F9FFE740F6942056
S31500003730C4F2A2200068012809D1FFE79DF8040021
S315000037408006002803D5FFE7FEF78AF9FFE740F673
S315000037509820C4F2A2200068012809D1FFE79DF84D
S3150000376004004006002803D5FFE7FEF77BF9FFE7D4
S3150000377040F69C20C4F2A2200068012809D1FFE788
S315000037809DF804000006002803D5FFE7FEF76CF954
S31500003790FFE740F6A020C4F2A2200068012808D165
S315000037A0FFE79DF80500C00718B1FFE7FEF75EF9D1
S315000037B0FFE740F6A420C4F2A2200068012809D140
S315000037C0FFE79DF805008007002803D5FFE7FEF711
S315000037D04FF9FFE740F6A820C4F2A22000680128AE
S315000037E009D1FFE79DF805004007002803D5FFE74C
S315000037F0FEF740F9FFE740F6AC20C4F2A2200068CD
S31500003800012809D1FFE79DF805000007002803D528
S31500003810FFE7FEF731F9FFE740F6B020C4F2A22039
S315000038200068012809D1FFE79DF80500C0060028B9
S3150000383003D5FFE7FEF722F9FFE740F6B420C4F20E
S31500003840A2200068012809D1FFE79DF8050080063F
S31500003850002803D5FFE7FEF713F9FFE740F6B82087
S31500003860C4F2A2200068012809D1FFE79DF80500EF
S315000038704006002803D5FFE7FEF704F9FFE740F608
S31500003880BC20C4F2A2200068012809D1FFE79DF8F8
S3150000389005000006002803D5FFE7FEF7F5F8FFE769
S315000038A0BFF34F8F02B080BD80B584B041F2602077
S315000038B0C4F205000068039040F6B030C4F2A620BA
S315000038C0006801284FD1FFE740F20020C4F2A6208D
S315000038D0006888B9FFE740F20010C4F2A62000682D
S315000038E0012808D1FFE79DF80C00C00718B1FFE7D3
S315000038F0FDF798FFFFE7FFE740F24020C4F2A6205D
S31500003900006888B9FFE740F24010C4F2A6200068BC
S31500003910012808D1FFE79DF80D00C00718B1FFE7A1
S31500003920FDF770FFFFE7FFE743F20400C4F205006E
S31500003930006800F00110029043F20C00C4F205008A
S3150000394001684FF0011088430190029801990842DE
S3150000395008D0FFE79DF80E00C00718B1FFE7FDF796
S3150000396059FFFFE7FFE741F2B030C4F2A620006836
S31500003970012851D1FFE740F20420C4F2A6200068D6
S3150000398090B9FFE740F20410C4F2A62000680128AF
S3150000399009D1FFE79DF80C008007002803D5FFE753
S315000039A0FDF742FFFFE7FFE740F24420C4F2A620FE
S315000039B0006890B9FFE740F24410C4F2A620006800
S315000039C0012809D1FFE79DF80D008007002803D5DF
S315000039D0FFE7FDF719FFFFE7FFE743F20400C4F234
S315000039E00500006800F00210029043F20C00C4F2D9
S315000039F0050001684FF00210884301900298019972
S31500003A00084208D0FFE79DF80E00C00718B1FFE78F
S31500003A10FDF702FFFFE7FFE741F6B030C4F2A6204C
S31500003A200068012851D1FFE740F20820C4F2A62021
S31500003A30006890B9FFE740F20810C4F2A6200068BB
S31500003A40012809D1FFE79DF80C004007002803D59F
S31500003A50FFE7FDF7EBFEFFE7FFE740F24820C4F281
S31500003A60A620006890B9FFE740F24810C4F2A620ED
S31500003A700068012809D1FFE79DF80D0040070028DE
S31500003A8003D5FFE7FDF7C2FEFFE7FFE743F20400B9
S31500003A90C4F20500006800F00410029043F20C0026
S31500003AA0C4F2050001684FF00410884301900298A3
S31500003AB00199084208D0FFE79DF80E00C00718B12B
S31500003AC0FFE7FDF7ABFEFFE7FFE742F2B030C4F2D7
S31500003AD0A6200068012851D1FFE740F20C20C4F26D
S31500003AE0A620006890B9FFE740F20C10C4F2A620A9
S31500003AF00068012809D1FFE79DF80C00000700289F
S31500003B0003D5FFE7FDF794FEFFE7FFE740F24C2001
S31500003B10C4F2A620006890B9FFE740F24C10C4F248
S31500003B20A6200068012809D1FFE79DF80D000007CF
S31500003B30002803D5FFE7FDF76BFEFFE7FFE743F23B
S31500003B400400C4F20500006800F00810029043F279
S31500003B500C00C4F2050001684FF00810884301907C
S31500003B6002980199084208D0FFE79DF80E00C007A9
S31500003B7018B1FFE7FDF754FEFFE7FFE748F6B03060
S31500003B80C4F2A6200068012852D1FFE748F20020BF
S31500003B90C4F2A620006890B9FFE748F20010C4F20C
S31500003BA0A6200068012809D1FFE79DF80C00C00691
S31500003BB0002803D5FFE7FDF74DFEFFE7FFE748F2D4
S31500003BC04020C4F2A620006890B9FFE748F24010F2
S31500003BD0C4F2A6200068012809D1FFE79DF80D0070
S31500003BE0C006002803D5FFE7FDF724FEFFE7FFE741
S31500003BF043F20440C4F20500006800F00110029090
S31500003C0043F20C40C4F2050001684FF001108843EE
S31500003C10019002980199084209D0FFE79DF80E002D
S31500003C208007002803D5FFE7FDF70CFEFFE7FFE757
S31500003C3049F2B030C4F2A6200068012852D1FFE74D
S31500003C4048F20420C4F2A620006890B9FFE748F2C3
S31500003C500410C4F2A6200068012809D1FFE79DF8E8
S31500003C600C008006002803D5FFE7FDF7F5FDFFE70A
S31500003C70FFE748F24420C4F2A620006890B9FFE7A7
S31500003C8040F24410C4F2A6200068012809D1FFE7DB
S31500003C909DF80D008006002803D5FFE7FDF7CCFD53
S31500003CA0FFE7FFE743F20440C4F20500006800F0B6
S31500003CB00210029043F20C40C4F2050001684FF076
S31500003CC002108843019002980199084209D0FFE743
S31500003CD09DF80E008007002803D5FFE7FDF7B4FD29
S31500003CE0FFE7FFE749F6B030C4F2A62000680128D6
S31500003CF052D1FFE748F20820C4F2A620006890B926
S31500003D00FFE748F20810C4F2A6200068012809D18E
S31500003D10FFE79DF80C004006002803D5FFE7FDF7F6
S31500003D209DFDFFE7FFE748F24820C4F2A6200068A1
S31500003D3090B9FFE740F24810C4F2A62000680128B7
S31500003D4009D1FFE79DF80D004006002803D5FFE7DF
S31500003D50FDF774FDFFE7FFE743F20440C4F20500F8
S31500003D60006800F00410029043F20C40C4F2050013
S31500003D7001684FF0041088430190029801990842A7
S31500003D8009D0FFE79DF80E008007002803D5FFE75E
S31500003D90FDF75CFDFFE7FFE74AF2B030C4F2A6206C
S31500003DA00068012852D1FFE748F20C20C4F2A62091
S31500003DB0006890B9FFE748F20C10C4F2A62000682C
S31500003DC0012809D1FFE79DF80C000006002803D55D
S31500003DD0FFE7FDF745FDFFE7FFE748F24C20C4F299
S31500003DE0A620006890B9FFE740F24C10C4F2A62066
S31500003DF00068012809D1FFE79DF80D00000600289C
S31500003E0003D5FFE7FDF71CFDFFE7FFE743F204409C
S31500003E10C4F20500006800F00810029043F20C405E
S31500003E20C4F2050001684FF008108843019002981B
S31500003E300199084209D0FFE79DF80E008007002887
S31500003E4003D5FFE7FDF704FDFFE7FFE748F2003083
S31500003E50C4F220200068012812D1FFE740F210408A
S31500003E60C4F201000068000748B1FFE79DF80E00A4
S31500003E704007002803D5FFE7FDF764FDFFE7FFE7EE
S31500003E8048F20830C4F220200068012812D1FFE76A
S31500003E9048F21420C4F220200068012809D1FFE767
S31500003EA09DF80E000007002803D5FFE7FDF746FD45
S31500003EB0FFE7FFE748F20430C4F22020006801283B
S31500003EC012D1FFE748F21020C4F220200068012832
S31500003ED009D1FFE79DF80E00C006002803D5FFE7CD
S31500003EE0FDF72EFDFFE7FFE70C20C9F6004000684E
S31500003EF00006002809D5FFE79DF80E0040060028B9
S31500003F0003D5FFE702F0DEFBFFE77C20C4F2A42026
S31500003F10006801281CD1FFE742F21800C4F2050030
S31500003F200068029042F20400C4F2050000680190A5
S31500003F30029801990840400648B1FFE79DF80E0037
S31500003F400006002803D5FFE7FDF7F4FBFFE7FFE7D0
S31500003F5048F27C00C4F2A420006801281BD1FFE7C8
S31500003F6042F21840C4F205000068029042F2044092
S31500003F70C4F20500006801900298019908404006C5
S31500003F8040B1FFE79DF80F00C00718B1FFE7FDF746
S31500003F90D3FBFFE7FFE77C20C4F2A52000680128D9
S31500003FA01CD1FFE742F61800C4F205000068029033
S31500003FB042F60400C4F205000068019002980199D7
S31500003FC00840400648B1FFE79DF80F00800700282B
S31500003FD003D5FFE7FDF7B2FBFFE7FFE748F27C00FA
S31500003FE0C4F2A520006801281CD1FFE742F618405C
S31500003FF0C4F205000068029042F60440C4F20500CF
S3150000400000680190029801990840400648B1FFE710
S315000040109DF80F004007002803D5FFE7FDF790FB4A
S31500004020FFE7FFE7BFF34F8F04B080BD80B582B0D6
S3150000403041F26420C4F205000068019040F20820B5
S31500004040C4F248200068012811D1FFE740F2802021
S31500004050C4F248200068012808D1FFE79DF8040053
S31500004060C00718B1FFE702F061FFFFE7FFE740F284
S315000040704820C4F248200068012812D1FFE740F228
S31500004080C020C4F248200068012809D1FFE79DF846
S3150000409004008007002803D5FFE702F049FFFFE789
S315000040A0FFE748F20820C4F248200068012812D130
S315000040B0FFE748F28020C4F248200068012809D1B1
S315000040C0FFE79DF804004007002803D5FFE702F04C
S315000040D031FFFFE7FFE748F24820C4F248200068B6
S315000040E0012812D1FFE748F2C020C4F24820006838
S315000040F0012809D1FFE79DF804000007002803D531
S31500004100FFE702F019FFFFE7FFE744F24000C4F2C1
S3150000411005000078C00790B1FFE744F24100C4F201
S3150000412005000078C00748B1FFE79DF80600800645
S31500004130002803D5FFE7FDF7BFFAFFE7FFE74CF2DC
S315000041400040C4F204000088C004002809D5FFE737
S315000041509DF806004006002803D5FFE702F07CFA2A
S31500004160FFE749F20440C4F20400006810F4403F3F
S3150000417009D0FFE79DF806000006002803D5FFE7F3
S3150000418002F0F0FAFFE7BFF34F8F02B080BD0000E8
S3150000419080B584B041F26820C4F20500006803903F
S315000041A040F68020C4F230200068012811D1FFE7D4
S315000041B040F60060C4F230200068012808D1FFE70D
S315000041C09DF80C00C00718B1FFE703F019F9FFE7E7
S315000041D0FFE740F68420C4F230200068012812D19F
S315000041E0FFE740F60460C4F230200068012809D1D8
S315000041F0FFE79DF80C008007002803D5FFE703F0D2
S3150000420001F9FFE7FFE740F68820C4F23020006896
S31500004210012812D1FFE740F60860C4F2302000689A
S31500004220012809D1FFE79DF80C004007002803D5B7
S31500004230FFE703F0E9F8FFE7FFE740F68C20C4F25A
S3150000424030200068012812D1FFE740F60C60C4F266
S3150000425030200068012809D1FFE79DF80C0000070F
S31500004260002803D5FFE703F0D1F8FFE7FFE740F6A4
S315000042709020C4F230200068012812D1FFE740F6F2
S315000042801060C4F230200068012809D1FFE79DF8CC
S315000042900C00C006002803D5FFE703F0B9F8FFE7D6
S315000042A0FFE740F69420C4F230200068012812D1BE
S315000042B0FFE740F61460C4F230200068012809D1F7
S315000042C0FFE79DF80C008006002803D5FFE703F002
S315000042D0A1F8FFE7FFE740F69820C4F23020006817
S315000042E0012812D1FFE740F61860C4F230200068BA
S315000042F0012809D1FFE79DF80C004006002803D5E8
S31500004300FFE703F08BF8FFE7FFE740F69C20C4F2D7
S3150000431030200068012812D1FFE740F61C60C4F285
S3150000432030200068012809D1FFE79DF80C0000063F
S31500004330002803D5FFE703F073F8FFE7FFE740F631
S31500004340A020C4F230200068012811D1FFE740F612
S315000043502060C4F230200068012808D1FFE79DF8EC
S315000043600D00C00718B1FFE703F056F8FFE7FFE7B7
S3150000437048F25400C4F20100006800F44030C0095D
S31500004380029048F27000C4F20100006800F4C060B8
S31500004390019002980199084209D0FFE79DF80D00A7
S315000043A00007002803D5FFE703F03CF8FFE748F2D3
S315000043B05400C4F20100006800F44020C0090290D5
S315000043C048F27000C4F20100006800F4C050019089
S315000043D002980199084209D0FFE79DF80D00C00632
S315000043E0002803D5FFE703F01FF8FFE748F6802013
S315000043F0C4F230200068012811D1FFE748F60060BA
S31500004400C4F230200068012808D1FFE79DF80E00AD
S31500004410C00718B1FFE703F009F8FFE7FFE748F622
S315000044208420C4F230200068012812D1FFE748F644
S315000044300460C4F230200068012809D1FFE79DF826
S315000044400E008007002803D5FFE702F0F1FFFFE723
S31500004450FFE748F68820C4F230200068012812D110
S31500004460FFE748F60860C4F230200068012809D149
S31500004470FFE79DF80E004007002803D5FFE702F08E
S31500004480D9FFFFE7FFE748F68C20C4F2302000682A
S31500004490012812D1FFE748F60C60C4F2302000680C
S315000044A0012809D1FFE79DF80E000007002803D573
S315000044B0FFE702F0C1FFFFE7FFE748F69020C4F2EE
S315000044C030200068012812D1FFE748F61060C4F2D8
S315000044D030200068012809D1FFE79DF80E00C006CC
S315000044E0002803D5FFE702F0A9FFFFE7FFE748F63C
S315000044F09420C4F230200068012812D1FFE748F664
S315000045001460C4F230200068012809D1FFE79DF845
S315000045100E008006002803D5FFE702F091FFFFE7B3
S31500004520FFE748F69820C4F230200068012812D12F
S31500004530FFE748F61860C4F230200068012809D168
S31500004540FFE79DF80E004006002803D5FFE702F0BE
S315000045507BFFFFE7FFE748F69C20C4F230200068A7
S31500004560012812D1FFE748F61C60C4F2302000682B
S31500004570012809D1FFE79DF80E000006002803D5A3
S31500004580FFE702F063FFFFE7FFE748F6A020C4F26B
S3150000459030200068012811D1FFE748F62060C4F2F8
S315000045A030200068012808D1FFE79DF80F00C007FA
S315000045B018B1FFE702F046FFFFE7FFE748F2544075
S315000045C0C4F20100006800F44030C009029048F2CD
S315000045D07040C4F20100006800F4C06001900298C7
S315000045E00199084209D0FFE79DF80F00000700284F
S315000045F003D5FFE702F02CFFFFE748F25440C4F270
S315000046000100006800F44020C009029048F27040A2
S31500004610C4F20100006800F4C050019002980199AC
S31500004620084209D0FFE79DF80F00C006002803D511
S31500004630FFE702F00FFFFFE7BFF34F8F04B080BD27
S3150000464080B584B041F26C20C4F205000068039086
S3150000465040F68020C4F231200068012811D1FFE71E
S3150000466040F60060C4F231200068012808D1FFE757
S315000046709DF80C00C00718B1FFE702F0EDFEFFE75A
S31500004680FFE740F68420C4F231200068012812D1E9
S31500004690FFE740F60460C4F231200068012809D122
S315000046A0FFE79DF80C008007002803D5FFE702F01E
S315000046B0D5FEFFE7FFE740F68820C4F23120006808
S315000046C0012812D1FFE740F60860C4F231200068E5
S315000046D0012809D1FFE79DF80C004007002803D503
S315000046E0FFE702F0BDFEFFE7FFE740F68C20C4F2CD
S315000046F031200068012812D1FFE740F60C60C4F2B1
S3150000470031200068012809D1FFE79DF80C00000759
S31500004710002803D5FFE702F0A5FEFFE7FFE740F616
S315000047209020C4F231200068012812D1FFE740F63C
S315000047301060C4F231200068012809D1FFE79DF816
S315000047400C00C006002803D5FFE702F08DFEFFE748
S31500004750FFE740F69420C4F231200068012812D108
S31500004760FFE740F61460C4F231200068012809D141
S31500004770FFE79DF80C008006002803D5FFE702F04E
S3150000478075FEFFE7FFE740F69820C4F23120006887
S31500004790012812D1FFE740F61860C4F23120006804
S315000047A0012809D1FFE79DF80C004006002803D533
S315000047B0FFE702F05FFEFFE7FFE740F69C20C4F24A
S315000047C031200068012812D1FFE740F61C60C4F2D0
S315000047D031200068012809D1FFE79DF80C0000068A
S315000047E0002803D5FFE702F047FEFFE7FFE740F6A4
S315000047F0A020C4F231200068012811D1FFE740F65D
S315000048002060C4F231200068012808D1FFE79DF836
S315000048100D00C00718B1FFE702F02AFEFFE7FFE729
S3150000482048F65400C4F20100006800F44030C009A4
S31500004830029048F67000C4F20100006800F4C060FF
S3150000484001900298019908420CD0FFE79DF80D00EF
S3150000485000F008010020B0EBD10F03D0FFE702F013
S315000048600DFEFFE748F65400C4F20100006800F4AC
S315000048704020C009029048F67000C4F201000068AA
S3150000488000F4C05001900298019908420CD0FFE74D
S315000048909DF80D0000F010010020B0EB111F03D0B1
S315000048A0FFE702F0EDFDFFE7BFF34F8F04B080BDD9
S315000048B080B584B041F27C20C4F205000068019006
S315000048C041F23000C4F22A200068012811D1FFE726
S315000048D041F23800C4F22A200068012808D1FFE717
S315000048E09DF80400C00718B1FFE702F0CDFDFFE711
S315000048F0FFE741F23400C4F22A200068012812D1F1
S31500004900FFE741F23C00C4F22A200068012809D1E1
S31500004910FFE79DF804008007002803D5FFE702F0B3
S31500004920B5FDFFE7FFE745F29000C4F201000088FD
S31500004930039045F29C00C4F20100008802909DF8A5
S315000049400C009DF80810084209D0FFE79DF8040006
S315000049504007002803D5FFE702F094FDFFE749F280
S315000049603000C4F22A200068012812D1FFE749F27C
S315000049703800C4F22A200068012809D1FFE79DF813
S3150000498004000007002803D5FFE702F083FDFFE7D8
S31500004990FFE749F23400C4F22A200068012812D148
S315000049A0FFE749F23C00C4F22A200068012809D139
S315000049B0FFE79DF80400C006002803D5FFE702F0D4
S315000049C06BFDFFE7FFE745F29040C4F20100008867
S315000049D0039045F29C40C4F20100008802909DF8C5
S315000049E00C009DF80810084209D0FFE79DF8040066
S315000049F08006002803D5FFE702F04AFDFFE741F2F3
S31500004A003000C4F22B200068012812D1FFE741F2E2
S31500004A103800C4F22B200068012809D1FFE79DF871
S31500004A2004004006002803D5FFE702F039FDFFE742
S31500004A30FFE741F23400C4F22B200068012812D1AE
S31500004A40FFE741F23C00C4F22B200068012809D19F
S31500004A50FFE79DF804000006002803D5FFE702F0F3
S31500004A6021FDFFE7FFE745F69000C4F2010000884C
S31500004A70039045F69C00C4F20100008802909DF860
S31500004A800C009DF80810084208D0FFE79DF80500C5
S31500004A90C00718B1FFE702F001FDFFE749F2300059
S31500004AA0C4F22B200068012812D1FFE749F2380032
S31500004AB0C4F22B200068012809D1FFE79DF8050004
S31500004AC08007002803D5FFE702F0F0FCFFE7FFE7C9
S31500004AD049F23400C4F22B200068012812D1FFE706
S31500004AE049F23C00C4F22B200068012809D1FFE7F7
S31500004AF09DF805004007002803D5FFE702F0D8FC23
S31500004B00FFE7FFE745F69040C4F2010000880390F6
S31500004B1045F69C40C4F20100008802909DF80C0006
S31500004B209DF80810084209D0FFE79DF80500000728
S31500004B30002803D5FFE702F0B7FCFFE741F230009B
S31500004B40C4F22C200068012812D1FFE741F2380098
S31500004B50C4F22C200068012809D1FFE79DF8050062
S31500004B60C006002803D5FFE702F0A6FCFFE7FFE733
S31500004B7041F23400C4F22C200068012812D1FFE76C
S31500004B8041F23C00C4F22C200068012809D1FFE75D
S31500004B909DF805008006002803D5FFE702F08EFC8D
S31500004BA0FFE7FFE746F29000C4F201000088039099
S31500004BB046F29C00C4F20100008802909DF80C00A9
S31500004BC09DF80810084209D0FFE79DF80500400649
S31500004BD0002803D5FFE702F06DFCFFE749F230003D
S31500004BE0C4F22C200068012811D1FFE749F23800F1
S31500004BF0C4F22C200068012808D1FFE79DF80600C2
S31500004C00C00718B1FFE702F05DFCFFE7FFE749F2D6
S31500004C103400C4F22C200068012812D1FFE749F2C3
S31500004C203C00C4F22C200068012809D1FFE79DF85A
S31500004C3006008007002803D5FFE702F045FCFFE7E2
S31500004C40FFE746F29040C4F201000088039046F266
S31500004C509C40C4F20100008802909DF80C009DF86B
S31500004C600810084209D0FFE79DF806004007002813
S31500004C7003D5FFE702F024FCFFE740F20010C4F280
S31500004C808030006801281FD1FFE71820C4F20C000D
S31500004C9000684FF6FB41CFF27C7108400390142068
S31500004CA0C4F20C000068084002900398029908427A
S31500004CB009D0FFE79DF806000007002803D5FFE7A7
S31500004CC002F06EFFFFE7FFE74DF20000C4F20100BD
S31500004CD0006803904DF20C00C4F2010000680290D7
S31500004CE09DF80800800600280FD5FFE79DF80C0008
S31500004CF010F00B0F09D0FFE79DF8060040060028CC
S31500004D0003D5FFE702F024FFFFE702980399084066
S31500004D108006002809D5FFE79DF806000006002852
S31500004D2003D5FFE702F016FFFFE702980399084054
S31500004D300006002808D5FFE79DF80700C00718B150
S31500004D40FFE702F00DFFFFE70298039908404006CF
S31500004D50002809D5FFE79DF807008007002803D53E
S31500004D60FFE702F0FBFEFFE79DF80800800700283A
S31500004D700ED5FFE79DF80D00C00748B1FFE79DF887
S31500004D8007004007002803D5FFE702F0E5FEFFE72E
S31500004D904DF20040C4F20100006803904DF20C4051
S31500004DA0C4F20100006802909DF808008006002801
S31500004DB00FD5FFE79DF80C0010F00B0F09D0FFE7A9
S31500004DC09DF807000007002803D5FFE702F0CAFE9A
S31500004DD0FFE70298039908408006002809D5FFE7F7
S31500004DE09DF80700C006002803D5FFE702F0BCFEC9
S31500004DF0FFE70298039908400006002809D5FFE757
S31500004E009DF807008006002803D5FFE702F0B2FEF2
S31500004E10FFE70298039908404006002809D5FFE7F6
S31500004E209DF807004006002803D5FFE702F0A0FE24
S31500004E30FFE79DF80800800700280ED5FFE79DF8DC
S31500004E400D00C00748B1FFE79DF8070000060028DF
S31500004E5003D5FFE702F08AFEFFE7BFF34F8F04B0EA
S31500004E6080BD000080B584B041F28020C4F2050008
S31500004E700068019041F20000C4F20200006803904D
S31500004E8041F20C00C4F20200006802909DF808008E
S31500004E90800600280ED5FFE79DF80C0010F00B0FDA
S31500004EA008D0FFE79DF80400C00718B1FFE702F03D
S31500004EB063FEFFE70298039908408006002809D59B
S31500004EC0FFE79DF804008007002803D5FFE702F0FE
S31500004ED055FEFFE70298039908400006002809D509
S31500004EE0FFE79DF804004007002803D5FFE702F01E
S31500004EF04BFEFFE70298039908404006002809D5B3
S31500004F00FFE79DF804000007002803D5FFE702F03D
S31500004F1039FEFFE79DF80800800700280ED5FFE759
S31500004F209DF80D00C00748B1FFE79DF80400C006D4
S31500004F30002803D5FFE702F023FEFFE741F2004019
S31500004F40C4F202000068039041F20C40C4F2020071
S31500004F50006802909DF80800800600280FD5FFE73C
S31500004F609DF80C0010F00B0F09D0FFE79DF8040028
S31500004F708006002803D5FFE702F008FEFFE7029847
S31500004F80039908408006002809D5FFE79DF804002C
S31500004F904006002803D5FFE702F0FAFDFFE7029876
S31500004FA0039908400006002809D5FFE79DF804008C
S31500004FB00006002803D5FFE702F0F0FDFFE70298A0
S31500004FC0039908404006002808D5FFE79DF805002C
S31500004FD0C00718B1FFE702F0DFFDFFE79DF8080004
S31500004FE0800700280ED5FFE79DF80D00C00748B1E1
S31500004FF0FFE79DF805008007002803D5FFE702F0CC
S31500005000C9FDFFE74CF20400C4F2010000680390FA
S315000050104CF21400C4F20100006802909DF80D00E5
S31500005020400700280FD5FFE79DF808000006002876
S3150000503009D5FFE79DF805000007002803D5FFE71F
S3150000504001F04AFBFFE79DF80D00800700280FD509
S31500005050FFE79DF808008006002809D5FFE79DF8C0
S315000050600500C006002803D5FFE701F037FBFFE780
S315000050709DF80D00000700280FD5FFE79DF80800F2
S315000050808007002809D4FFE79DF805008006002860
S3150000509003D5FFE701F01EFBFFE79DF80D00C007F3
S315000050A078B1FFE79DF8080010F01D0F09D0FFE763
S315000050B09DF805004006002803D5FFE701F008FB30
S315000050C0FFE74CF20440C4F20100006803904CF282
S315000050D01440C4F20100006802909DF80D004007DC
S315000050E000280ED5FFE79DF808000006002808D521
S315000050F0FFE79DF80600C00718B1FFE701F0F4FAD4
S31500005100FFE79DF80D00800700280FD5FFE79DF803
S3150000511008008006002809D5FFE79DF806008007ED
S31500005120002803D5FFE701F0E1FAFFE79DF80D003F
S31500005130000700280FD5FFE79DF808008007002824
S3150000514009D4FFE79DF806004007002803D5FFE7CE
S3150000515001F0C8FAFFE79DF80D00C00778B1FFE738
S315000051609DF8080010F01D0F09D0FFE79DF8060016
S315000051700007002803D5FFE701F0B2FAFFE7042095
S31500005180C4F20200006803901420C4F20200006812
S3150000519002909DF80D00400700280FD5FFE79DF807
S315000051A008000006002809D5FFE79DF806008006DE
S315000051B0002803D5FFE701F09FFAFFE79DF80D00F1
S315000051C0800700280FD5FFE79DF808008006002815
S315000051D009D5FFE79DF806004006002803D5FFE73E
S315000051E001F08CFAFFE79DF80D00000700280FD5A7
S315000051F0FFE79DF808008007002809D4FFE79DF81F
S3150000520006000006002803D5FFE701F073FAFFE762
S315000052109DF80D00C00770B1FFE79DF8080010F07B
S315000052201D0F08D0FFE79DF80700C00718B1FFE77C
S3150000523001F05EFAFFE740F20440C4F202000068A3
S31500005240039040F21440C4F20200006802909DF8F8
S315000052500D00400700280FD5FFE79DF8080000065F
S31500005260002809D5FFE79DF807004007002803D569
S31500005270FFE701F049FAFFE79DF80D0080070028D7
S315000052800FD5FFE79DF808008006002809D5FFE73F
S315000052909DF807000007002803D5FFE701F036FA5E
S315000052A0FFE79DF80D00000700280FD5FFE79DF8E2
S315000052B008008007002809D4FFE79DF80700C0060C
S315000052C0002803D5FFE701F01DFAFFE79DF80D0062
S315000052D0C00778B1FFE79DF8080010F01D0F09D050
S315000052E0FFE79DF807008006002803D5FFE701F0D9
S315000052F007FAFFE7BFF34F8F04B080BD80B582B0D9
S3150000530041F28420C4F205000068019047F21800BB
S31500005310C4F20100008800909DF80400C00778B12F
S31500005320FFE79DF80000C006002809D5FFE79DF8B5
S3150000533000004006002803D5FFE702F01FF8FFE74C
S315000053409DF80400800700280FD5FFE79DF80000B0
S315000053508006002809D5FFE79DF800000006002812
S3150000536003D5FFE702F00CF8FFE747F21C00C4F292
S315000053700100008800909DF80400400700280FD522
S31500005380FFE79DF80000C006002809D5FFE79DF855
S3150000539000004006002803D5FFE701F0F3FFFFE712
S315000053A09DF80400000700280FD5FFE79DF80000D0
S315000053B08006002809D5FFE79DF8000000060028B2
S315000053C003D5FFE701F0E0FFFFE747F22000C4F254
S315000053D00100008800909DF80400C00600280FD543
S315000053E0FFE79DF80000C006002809D5FFE79DF8F5
S315000053F000004006002803D5FFE701F0C7FFFFE7DE
S315000054009DF80400800600280FD5FFE79DF80000F0
S315000054108006002809D5FFE79DF800000006002851
S3150000542003D5FFE701F0B4FFFFE747F24800C4F2F7
S315000054300100008800909DF80400400600280ED563
S31500005440FFE79DF80100C00748B1FFE79DF801009E
S315000054508007002803D5FFE701F09CFFFFE79DF8D2
S315000054600400000600280FD5FFE79DF8010080061E
S31500005470002809D5FFE79DF801004006002803D55E
S31500005480FFE701F089FFFFE747F2A400C4F201003D
S31500005490008800909DF80500C00770B1FFE79DF8F1
S315000054A00000C00748B9FFE79DF80000C0060028C5
S315000054B003D5FFE701F072FFFFE79DF805008007BF
S315000054C000280ED5FFE79DF800008007002808D4C5
S315000054D0FFE79DF80100C00718B1FFE701F060FF84
S315000054E0FFE79DF80500400700280FD5FFE79DF868
S315000054F000004007002809D4FFE79DF80100C00618
S31500005500002803D5FFE701F04DFFFFE744F618003A
S31500005510C4F20200008800909DF80600C00778B12A
S31500005520FFE79DF80000C006002809D5FFE79DF8B3
S3150000553000004006002803D5FFE701F01FFFFFE744
S315000055409DF80600800700280FD5FFE79DF80000AC
S315000055508006002809D5FFE79DF800000006002810
S3150000556003D5FFE701F00CFFFFE744F61C00C4F289
S315000055700200008800909DF80600400700280FD51D
S31500005580FFE79DF80000C006002809D5FFE79DF853
S3150000559000004006002803D5FFE701F009FFFFE7FA
S315000055A09DF80600000700280FD5FFE79DF80000CC
S315000055B08006002809D5FFE79DF8000000060028B0
S315000055C003D5FFE701F0F6FEFFE744F62000C4F23C
S315000055D00200008800909DF80600C00600280FD53E
S315000055E0FFE79DF80000C006002809D5FFE79DF8F3
S315000055F000004006002803D5FFE701F0DDFEFFE7C7
S315000056009DF80600800600280FD5FFE79DF80000EC
S315000056108006002809D5FFE79DF80000000600284F
S3150000562003D5FFE701F0CAFEFFE744F64800C4F2DF
S315000056300200008800909DF80600400600280ED55E
S31500005640FFE79DF80100C00748B1FFE79DF801009C
S315000056508007002803D5FFE701F0B2FEFFE79DF8BB
S315000056600600000600280FD5FFE79DF8010080061A
S31500005670002809D5FFE79DF801004006002803D55C
S31500005680FFE701F09FFEFFE744F6A400C4F2020024
S31500005690008800909DF80700C00770B1FFE79DF8ED
S315000056A00000C00748B9FFE79DF80000C0060028C3
S315000056B003D5FFE701F088FEFFE79DF807008007A6
S315000056C000280ED5FFE79DF800008007002808D4C3
S315000056D0FFE79DF80100C00718B1FFE701F076FE6D
S315000056E0FFE79DF80700400700280FD5FFE79DF864
S315000056F000004007002809D4FFE79DF80100C00616
S31500005700002803D5FFE701F063FEFFE7BFF34F8FE5
S3150000571002B080BD80B582B041F28820C4F2050097
S315000057200068009044F61840C4F202000088019018
S315000057309DF80000C00778B1FFE79DF80400C00699
S31500005740002809D5FFE79DF804004006002803D588
S31500005750FFE701F03FFEFFE79DF800008007002805
S315000057600FD5FFE79DF804008006002809D5FFE75E
S315000057709DF804000006002803D5FFE701F02CFE83
S31500005780FFE744F61C40C4F20200008801909DF831
S315000057900000400700280FD5FFE79DF80400C0066B
S315000057A0002809D5FFE79DF804004006002803D528
S315000057B0FFE701F013FEFFE79DF800000007002851
S315000057C00FD5FFE79DF804008006002809D5FFE7FE
S315000057D09DF804000006002803D5FFE701F000FE4F
S315000057E0FFE744F62040C4F20200008801909DF8CD
S315000057F00000C00600280FD5FFE79DF80400C0068C
S31500005800002809D5FFE79DF804004006002803D5C7
S31500005810FFE701F0E7FDFFE79DF80000800600289E
S315000058200FD5FFE79DF804008006002809D5FFE79D
S315000058309DF804000006002803D5FFE701F0D4FD1B
S31500005840FFE744F64840C4F20200008801909DF844
S315000058500000400600280ED5FFE79DF80500C007AA
S3150000586048B1FFE79DF805008007002803D5FFE74C
S3150000587001F0BCFDFFE79DF80000000600280FD5EB
S31500005880FFE79DF805008006002809D5FFE79DF88B
S3150000589005004006002803D5FFE701F0A9FDFFE754
S315000058A044F6A440C4F20200008801909DF801006D
S315000058B0C00770B1FFE79DF80400C00748B9FFE7CD
S315000058C09DF80400C006002803D5FFE701F066FD39
S315000058D0FFE79DF80100800700280ED5FFE79DF839
S315000058E004008007002808D4FFE79DF80500C007DC
S315000058F018B1FFE701F080FDFFE79DF801004007C2
S3150000590000280FD5FFE79DF804004007002809D4BA
S31500005910FFE79DF80500C006002803D5FFE701F064
S315000059206DFDFFE7BFF34F8F02B080BD80B584B039
S3150000593041F28C20C4F205000068039047F60C4043
S31500005940C4F20100006800F00F00029047F6144010
S31500005950C4F20100006800F00F000190029801995E
S31500005960084209D0FFE79DF80C004006002803D541
S31500005970FFE7FCF763F8FFE747F62C40C4F20100A7
S31500005980006800F00F00029047F63440C4F20100B0
S31500005990006800F00F00019002980199084209D0B2
S315000059A0FFE79DF80C000006002803D5FFE7FCF78B
S315000059B047F8FFE747F64C40C4F20100006800F0E4
S315000059C00F00029047F65440C4F20100006800F050
S315000059D00F00019002980199084208D0FFE79DF850
S315000059E00D00C00718B1FFE7FCF72CF8FFE747F6F4
S315000059F06C40C4F20100006800F00F00029047F608
S31500005A007440C4F20100006800F00F000190029893
S31500005A100199084209D0FFE79DF80D00800700288C
S31500005A2003D5FFE7FCF710F8FFE70420C4F23C209B
S31500005A300068012810D1FFE78020C4F23C200068EE
S31500005A40012808D1FFE79DF80E00C00718B1FFE74F
S31500005A50FCF7BAFFFFE7FFE70C20C4F23C20006822
S31500005A60012811D1FFE78420C4F23C2000680128F8
S31500005A7009D1FFE79DF80E008007002803D5FFE750
S31500005A80FCF7A0FFFFE7FFE71020C4F23C20006808
S31500005A90012812D1FFE74EF20800C4F201000068A7
S31500005AA0800748B1FFE79DF80E004007002803D5A0
S31500005AB0FFE7FCF785FFFFE7FFE748F20400C4F2C3
S31500005AC03C200068012812D1FFE748F28000C4F2AA
S31500005AD03C200068012809D1FFE79DF80E00000769
S31500005AE0002803D5FFE7FCF775FFFFE7FFE748F25D
S31500005AF00C00C4F23C200068012812D1FFE748F2EE
S31500005B008400C4F23C200068012809D1FFE79DF813
S31500005B100E00C006002803D5FFE7FCF759FFFFE794
S31500005B20FFE748F21000C4F23C200068012812D1B9
S31500005B30FFE74EF20840C4F201000068800748B152
S31500005B40FFE79DF80E008006002803D5FFE7FCF767
S31500005B503DFFFFE7FFE70420C4F244200068012868
S31500005B6011D1FFE78020C4F244200068012809D142
S31500005B70FFE79DF80E004006002803D5FFE7FCF777
S31500005B802FFFFFE7FFE70C20C4F24420006801283E
S31500005B9011D1FFE78420C4F244200068012809D10E
S31500005BA0FFE79DF80E000006002803D5FFE7FCF787
S31500005BB015FFFFE7FFE71020C4F244200068012824
S31500005BC011D1FFE742F20800C4F202000068800724
S31500005BD040B1FFE79DF80F00C00718B1FFE7FCF7DB
S31500005BE0FBFEFFE7FFE748F20400C4F2442000682A
S31500005BF0012812D1FFE748F28000C4F24420006871
S31500005C00012809D1FFE79DF80F008007002803D57A
S31500005C10FFE7FCF7EBFEFFE7FFE748F20C00C4F2F4
S31500005C2044200068012812D1FFE748F28400C4F23C
S31500005C3044200068012809D1FFE79DF80F004007BE
S31500005C40002803D5FFE7FCF7CFFEFFE7FFE748F2A2
S31500005C501000C4F244200068012812D1FFE742F286
S31500005C600840C4F202000068800748B1FFE79DF8CB
S31500005C700F000007002803D5FFE7FCF7B3FEFFE798
S31500005C80FFE7BFF34F8F04B080BD000080B584B03E
S31500005C9041F29020C4F20500006803909820C4F2F7
S31500005CA09C200068012812D1FFE740F29830C4F228
S31500005CB09C200068012809D1FFE79DF80C00C0066A
S31500005CC0002803D5FFE7FCF765FEFFE7FFE79C200A
S31500005CD0C4F29C200068012812D1FFE740F29C30F4
S31500005CE0C4F29C200068012809D1FFE79DF80C004A
S31500005CF08006002803D5FFE7FCF750FEFFE7FFE725
S31500005D008C20C4F29C200068012812D1FFE740F2E3
S31500005D108C30C4F29C200068012809D1FFE79DF869
S31500005D200C004006002803D5FFE7FCF735FEFFE729
S31500005D30FFE74EF20400C4F20400006845F21721A2
S31500005D40C0F2F001084002904EF21C00C4F20400BA
S31500005D5000680840019002980199084209D0FFE7BF
S31500005D609DF80C000006002803D5FFE7FCF710FE9F
S31500005D70FFE748F29800C4F29C200068012811D180
S31500005D80FFE748F29830C4F29C200068012808D149
S31500005D90FFE79DF80D00C00718B1FFE7FCF702FE0C
S31500005DA0FFE7FFE748F29C00C4F29C200068012848
S31500005DB012D1FFE748F29C30C4F29C20006801280B
S31500005DC009D1FFE79DF80D008007002803D5FFE7FE
S31500005DD0FCF7ECFDFFE7FFE748F28C00C4F29C20DD
S31500005DE00068012812D1FFE748F28C30C4F29C20EB
S31500005DF00068012809D1FFE79DF80D00400700283B
S31500005E0003D5FFE7FCF7D0FDFFE7FFE74EF20440BE
S31500005E10C4F20400006845F21721C0F2F001084000
S31500005E2002904EF21C40C4F2040000680840019043
S31500005E3002980199084209D0FFE79DF80D00000776
S31500005E40002803D5FFE7FCF7ABFDFFE79820C4F277
S31500005E509D200068012812D1FFE740F29830C4F275
S31500005E609D200068012809D1FFE79DF80D00C006B6
S31500005E70002803D5FFE7FCF79DFDFFE7FFE79C2021
S31500005E80C4F29D200068012812D1FFE740F29C3041
S31500005E90C4F29D200068012809D1FFE79DF80D0096
S31500005EA08006002803D5FFE7FCF788FDFFE7FFE73C
S31500005EB08C20C4F29D200068012812D1FFE740F231
S31500005EC08C30C4F29D200068012809D1FFE79DF8B7
S31500005ED00D004006002803D5FFE7FCF76DFDFFE740
S31500005EE0FFE74EF60400C4F20400006845F21721ED
S31500005EF0C0F2F001084002904EF61C00C4F2040005
S31500005F0000680840019002980199084209D0FFE70D
S31500005F109DF80D000006002803D5FFE7FCF748FDB5
S31500005F20FFE744F21340C4F20500007800F00300D6
S31500005F30012813D1FFE744F2E100C4F2050000781E
S31500005F408007002809D5FFE79DF80E008007002886
S31500005F5003D5FFE700F05EFBFFE7FFE744F21340DF
S31500005F60C4F20500007800F03000102813D1FFE7D6
S31500005F7044F2E100C4F2050000788006002809D545
S31500005F80FFE79DF80E004007002803D5FFE700F065
S31500005F9043FBFFE7FFE748F20030C4F290200068B9
S31500005FA0012812D1FFE748F28030C4F29020006841
S31500005FB0012809D1FFE79DF80E00C006002803D589
S31500005FC0FFE7FBF7BFFEFFE7FFE748F20430C4F246
S31500005FD090200068012812D1FFE748F28430C4F20D
S31500005FE090200068012809D1FFE79DF80E00800681
S31500005FF0002803D5FFE7FBF7A3FEFFE7FFE748F21C
S315000060000830C4F290200068012812D1FFE748F258
S315000060108830C4F290200068012809D1FFE79DF876
S315000060200E004006002803D5FFE7FCF721F8FFE73E
S31500006030FFE749F20400C4F20400006810F4403F90
S3150000604009D0FFE79DF80E000006002803D5FFE7FC
S3150000605001F0A8FDFFE7BFF34F8F04B080BD00003D
S3150000606080B582B041F29420C4F205000068019028
S3150000607040F6E000C4F280200068012811D1FFE755
S3150000608040F6C000C4F280200068012808D1FFE76E
S315000060909DF80400C00718B1FFE7FAF7F3FBFFE726
S315000060A0FFE740F6E400C4F280200068012812D120
S315000060B0FFE740F6C400C4F280200068012809D139
S315000060C0FFE79DF804008007002803D5FFE7FAF7ED
S315000060D0DBFBFFE7FFE741F22040C4F280200068C7
S315000060E0012811D1FFE7B020C4F204000068C00304
S315000060F048B1FFE79DF804004007002803D5FFE7F5
S31500006100FAF7BEFBFFE7FFE741F22040C4F280202A
S315000061100068012811D1FFE7B020C4F2040000682E
S31500006120C00348B1FFE79DF804000007002803D527
S31500006130FFE7FAF7ABFBFFE7FFE748F6E000C4F23C
S3150000614080200068012812D1FFE748F6C000C4F29B
S3150000615080200068012809D1FFE79DF80400C006E9
S31500006160002803D5FFE7FAF795FBFFE7FFE748F6B8
S31500006170E400C4F280200068012812D1FFE748F647
S31500006180C400C4F280200068012809D1FFE79DF809
S3150000619004008006002803D5FFE7FAF77DFBFFE73A
S315000061A0FFE749F22040C4F280200068012812D19E
S315000061B0FFE740F2B040C4F204000068C00548B1F1
S315000061C0FFE79DF804004006002803D5FFE7FAF72D
S315000061D05FFBFFE7FFE749F22040C4F2802000683A
S315000061E0012812D1FFE740F2B040C4F20400006873
S315000061F0C00548B1FFE79DF804000006002803D556
S31500006200FFE7FAF74BFBFFE7FFE7BFF34F8F02B05D
S3150000621080BD000080B586B041F29820C4F205002A
S31500006220006802909DF808004007002834D5FFE773
S315000062304FF63040C4F206000088ADF812004FF663
S315000062403840C4F206000088ADF810004FF6324020
S31500006250C4F206000088ADF80E004FF63A40C4F2CC
S3150000626006000088ADF80C00BDF81200BDF810104D
S31500006270084040F2F71108420AD1FFE7BDF80E00C8
S31500006280BDF80C10084040F27F11084203D0FFE72A
S3150000629000F01AFAFFE7FFE79DF8080080060028DD
S315000062A030D5FFE73020C4F207000088ADF81200B1
S315000062B03820C4F207000088ADF810003220C4F27E
S315000062C007000088ADF80E003A20C4F207000088E7
S315000062D0ADF80C00BDF81200BDF81010084040F2F1
S315000062E0F71108420AD1FFE7BDF80E00BDF80C1001
S315000062F0084040F27F11084203D0FFE700F0E6F9BC
S31500006300FFE7FFE79DF808004006002840F1878078
S31500006310FFE740F2A540C4F2070000788DF81700A9
S3150000632040F2A440C4F2070000788DF8160040F24F
S31500006330A640C4F2070000788DF8150040F2BF4071
S31500006340C4F2070000788DF814009DF8141001209F
S315000063508906002901905AD4FFE79DF817100120FD
S31500006360C9070029019052D1FFE79DF817009DF853
S3150000637016100140012011F0FE0F019047D1FFE7F2
S315000063809DF81500C00740B1FFE79DF815100120E4
S315000063908907002901903AD4FFE79DF815004007C8
S315000063A0002808D5FFE79DF81510012009070029E8
S315000063B001902CD4FFE79DF81500C006002808D5EB
S315000063C0FFE79DF8151001208906002901901ED4CB
S315000063D0FFE79DF814000007002808D5FFE79DF8A1
S315000063E014100120C9060029019010D4FFE79DF87A
S315000063F01410002049060029009005D5FFE79DF8F6
S315000064001400C0090090FFE700980190FFE701988B
S31500006410C00718B1FFE7FAF7B5FBFFE7FFE7BFF3E1
S315000064204F8F06B080BD000080B545F20000C4F273
S315000064300100402101F0AAF801280BD1FFE745F23F
S315000064400000C4F20100402101F040F8012002F0F2
S315000064503FF8FFE780BD000080B582B001909DF84F
S315000064600400C00718B1FFE7FBF776FAFFE79DF8CF
S3150000647004008007002803D5FFE700F097F8FFE740
S315000064809DF804004007002803D5FFE7FCF742F813
S31500006490FFE79DF804008006002803D5FFE700F01B
S315000064A073F8FFE79DF80400C006002805D5FFE74E
S315000064B04AF2085000F0C2F8FFE79DF804004006D3
S315000064C0002805D5FFE74AF2035000F0B7F8FFE7CA
S315000064D09DF804000006002803D5FFE700F024F924
S315000064E0FFE702B080BD000080B582B001909DF844
S315000064F00400C00718B1FFE7FBF726FAFFE79DF88F
S3150000650004008007002803D5FFE700F045F8FFE701
S315000065109DF804004007002803D5FFE7FBF7F2FFCC
S31500006520FFE79DF804008006002803D5FFE700F08A
S3150000653023F8FFE79DF80400C006002805D5FFE70D
S315000065404AF2085000F06AF8FFE79DF8040040069A
S31500006550002805D5FFE74AF2035000F05FF8FFE791
S315000065609DF804000006002803D5FFE700F0D0F8E8
S31500006570FFE702B080BD00008C21C4F2050149F29C
S31500006580A4600860704700008C21C4F2050149F23E
S31500006590A56008607047000048F21001C4F20401CB
S315000065A00020CAF2A55008607047000048F21001AA
S315000065B0C4F204010120CAF2A55008607047000029
S315000065C080B5FFE744F2FE30C4F20500008880077C
S315000065D0002801D5FFE708E04CF66810C0F200007D
S315000065E040F2AD41FBF7AEF8FFE7FFE744F20241A8
S315000065F0C4F20501087800F0C0000F30087044F2BC
S315000066000F41C4F20501102008701E20FBF7CCF8DC
S31500006610002080BD704700007047000081B0ADF8D3
S315000066200200BDF8022044F2FE31C4F205010888DA
S31500006630904340F42540088001B0704781B0ADF822
S315000066400200BDF8022044F2FE31C4F205010888BA
S315000066501043088001B0704770470000000000003A
S31500006660EFF30980BFF36F8F154B1A681EF0100FFA
S3150000667008BF20ED108A20E9F04F10602DE90900CF
S315000066804FF0500080F31188BFF34F8FBFF36F8F29
S3150000669004F064FC4FF0000080F31188BDE80900A7
S315000066A019680868B0E8F04F1EF0100F08BFB0EC8C
S315000066B0108A80F30988BFF36F8F704700BF00BF51
S315000066C05086FF1F704700007047000070470000AB
S315000066D070470000704700007047000070470000D8
S315000066E070470000704700007047000070470000C8
S315000066F070470000704700007047000070470000B8
S3150000670070470000704700007047000070470000A7
S3150000671040F60401C4F205017620086040F60C013B
S31500006720C4F205010860704740F60401C4F2050191
S315000067307720086040F60C01C4F205010860704736
S31500006740074B19680868B0E8F04F80F30988BFF373
S315000067506F8F4FF0000080F31188704700BF00BFB5
S315000067605086FF1F7047000080B588B007900691DD
S3150000677000208DF8170048F20000C4F204000068FB
S31500006780049048F20400C4F204000068039048F242
S315000067900800C4F204000068029048F20C00C4F23B
S315000067A0040000680190FFE79DF81B00400750B306
S315000067B0FFE7069800F0E060B0F1807F23D0FFE7A6
S315000067C0069800F0E060B0F1007F1CD0FFE7069865
S315000067D000F0E060B0F1407F15D0FFE7069800F0CA
S315000067E0E060B0F1806F0ED0FFE7069800F0E06041
S315000067F0B0F1A06F07D0FFE7069800F0E060B0F1B7
S31500006800C06F01D1FFE708E04CF63400C0F200008B
S3150000681040F2A121FAF796FFFFE7FFE7FFE79DF8B1
S31500006820180010F0700F24D0FFE7069800F07000F3
S3150000683010281ED0FFE7069800F07000202818D018
S31500006840FFE7069800F07000302812D0FFE70698A0
S3150000685000F0700040280CD0FFE7069800F07000AA
S31500006860502806D0FFE7069800F07000602801D196
S31500006870FFE708E04CF63400C0F2000040F2A22127
S31500006880FAF760FFFFE7FFE7FFE79DF81A0040070A
S3150000689050B3FFE7069800F4E020B0F5803F23D020
S315000068A0FFE7069800F4E020B0F5003F1CD0FFE7B4
S315000068B0069800F4E020B0F5403F15D0FFE70698B3
S315000068C000F4E020B0F5802F0ED0FFE7069800F424
S315000068D0E020B0F5A02F07D0FFE7069800F4E020EF
S315000068E0B0F5C02F01D1FFE708E04CF63400C0F246
S315000068F0000040F2A321FAF725FFFFE7FFE7FFE7D5
S315000069009DF81A0010F0700F2AD0FFE7069800F4E1
S31500006910E000B0F5801F23D0FFE7069800F4E00002
S31500006920B0F5001F1CD0FFE7069800F4E000B0F5B4
S31500006930401F15D0FFE7069800F4E000B0F5800F81
S315000069400ED0FFE7069800F4E000B0F5A00F07D0E0
S31500006950FFE7069800F4E000B0F5C00F01D1FFE7AD
S3150000696008E04CF63400C0F200004FF42971FAF743
S31500006970E9FEFFE7FFE7FFE79DF81800400720B3B1
S31500006980FFE7069800F0070001281ED0FFE70698EB
S3150000699000F00700022818D0FFE7069800F007006D
S315000069A0032812D0FFE7069800F0070004280CD051
S315000069B0FFE7069800F00700052806D0FFE70698CF
S315000069C000F00700062801D1FFE708E04CF6340086
S315000069D0C0F2000040F2A521FAF7B4FEFFE7FFE798
S315000069E0FFE79DF81900400750B3FFE7069800F44B
S315000069F0E060B0F5807F23D0FFE7069800F4E06002
S31500006A00B0F5007F1CD0FFE7069800F4E060B0F513
S31500006A10407F15D0FFE7069800F4E060B0F5806F80
S31500006A200ED0FFE7069800F4E060B0F5A06F07D03F
S31500006A30FFE7069800F4E060B0F5C06F01D1FFE70C
S31500006A4008E04CF63400C0F2000040F2A621FAF746
S31500006A5079FEFFE7FFE7FFE79DF8190010F0700FDA
S31500006A602AD0FFE7069800F4E040B0F5805F23D017
S31500006A70FFE7069800F4E040B0F5005F1CD0FFE7A2
S31500006A80069800F4E040B0F5405F15D0FFE70698A1
S31500006A9000F4E040B0F5804F0ED0FFE7069800F412
S31500006AA0E040B0F5A04F07D0FFE7069800F4E040BD
S31500006AB0B0F5C04F01D1FFE708E04CF63400C0F254
S31500006AC0000040F2A721FAF73DFEFFE7FFE7FFE7E8
S31500006AD0079847F27771C0F27771084201D0FFE755
S31500006AE008E04CF63400C0F200004FF42A71FAF7C1
S31500006AF029FEFFE7FFE7FFE744F2FE30C4F2050098
S31500006B000088C00708B1FFE708E04CF63400C0F281
S31500006B10000040F2A921FAF715FEFFE7FFE744F26D
S31500006B202600C4F20500007800F00700052835D1DC
S31500006B30FFE701208DF81700FFE748F21000C4F2C6
S31500006B4004000068C00708B1FFE708E04CF634000F
S31500006B50C0F200004FF42C71FAF7F4FDFFE7FFE7EF
S31500006B6048F20001C4F204014FF6EE20CFF6FF70A2
S31500006B70086048F20401C4F204014FF0FF300860D7
S31500006B8048F20801C4F20401086048F20C01C4F29C
S31500006B90040108601E20FAF707FEFFE744F2200111
S31500006BA0C4F205010868079B9843069A1A401044E8
S31500006BB008601E20FAF7F8FD9DF8170001281CD181
S31500006BC0FFE7049848F20001C4F204010860039844
S31500006BD048F20401C4F204010860029848F2080170
S31500006BE0C4F204010860019848F20C01C4F20401E1
S31500006BF008601E20FAF7D8FDFFE708B080BD000048
S31500006C0080B586B08DF8170000208DF8160048F282
S31500006C100000C4F204000068049048F20400C4F2C4
S31500006C2004000068039048F20800C4F204000068FB
S31500006C30029048F20C00C4F2040000680190FFE7DD
S31500006C409DF81700C8B1FFE79DF81700012814D07A
S31500006C50FFE79DF8170002280FD0FFE79DF8170001
S31500006C6003280AD0FFE79DF81700042805D0FFE7A0
S31500006C709DF81700052801D1FFE708E04CF634001F
S31500006C80C0F2000040F23721FAF75CFDFFE7FFE7AC
S31500006C90FFE744F2FE30C4F205000088C00708B1E1
S31500006CA0FFE708E04CF63400C0F200004FF40E7126
S31500006CB0FAF748FDFFE7FFE744F22600C4F20500B5
S31500006CC0007800F00700052805D0FFE79DF81700BB
S31500006CD0052835D1FFE701208DF81600FFE748F2B9
S31500006CE01000C4F204000068C00708B1FFE708E01E
S31500006CF04CF63400C0F200004FF41071FAF722FD92
S31500006D00FFE7FFE748F20001C4F204014FF6EE2068
S31500006D10CFF6FF70086048F20401C4F204014FF098
S31500006D20FF30086048F20801C4F20401086048F226
S31500006D300C01C4F2040108601E20FAF735FDFFE7D6
S31500006D409DF8170044F22601C4F2050108701E20C2
S31500006D50FAF72AFD9DF8160001281CD1FFE70498D2
S31500006D6048F20001C4F204010860039848F20401E5
S31500006D70C4F204010860029848F20801C4F2040152
S31500006D800860019848F20C01C4F2040108601E2054
S31500006D90FAF70AFDFFE706B080BD000080B582B0B5
S31500006DA04FF0500080F31188BFF36F8FBFF34F8F02
S31500006DB0009005F07DF840B1FFE74EF60451CEF2A3
S31500006DC000014FF080500860FFE700200190019815
S31500006DD080F3118802B080BD86B040F28460C4F2B0
S31500006DE001000068C00750B1FFE748F29C51C1F6A8
S31500006DF0FF7142F20040C0F2F400086009E048F278
S31500006E009C51C1F6FF7142F60050C0F23110086085
S31500006E10FFE744F22600C4F20500007800F0070000
S31500006E208DF817009DF8170001460091052867D8D0
S31500006E300099DFE801F0030E18202A3248F29C5030
S31500006E40C1F6FF70006848F2A051C1F6FF710860F4
S31500006E5057E048F2A051C1F6FF7141F20020C0F29E
S31500006E607A0008604DE048F2A051C1F6FF714FF478
S31500006E700040086045E048F2A051C1F6FF7141F2BA
S31500006E800020C0F27A0008603BE048F2A051C1F64B
S31500006E90FF714FF40040086033E044F20010C4F282
S31500006EA005000168C1F3082104910168090F0391E7
S31500006EB0016801F01F01029100680006002806D44F
S31500006EC0FFE741F20020C0F27A00019006E048F2A6
S31500006ED09C50C1F6FF7000680190FFE70198029987
S31500006EE00131B0FBF1F004990131484303990131B6
S31500006EF0B0FBF1F048F2A051C1F6FF71086000E066
S31500006F00FFE706B07047000080B54EF68851CEF216
S31500006F100001086840F470000860FFF75DFF4EF658
S31500006F200851CEF200010020086080BD70470000C5
S31500006F3070470000704700007047000080B582B0BF
S31500006F4001900091FFE7019844F20001C4F20201AA
S31500006F50884208D0FFE7019844F20041C4F20201DA
S31500006F60884201D1FFE708E04CF69A10C0F2000013
S31500006F7040F26121FAF7E6FBFFE7FFE7FFE700983B
S31500006F8040B1FFE7009840F00110B0F1011F01D1B8
S31500006F90FFE708E04CF69A10C0F2000040F26221CA
S31500006FA0FAF7D0FBFFE7FFE700994FF0011088439F
S31500006FB00199486102B080BD80B584B0039002910A
S31500006FC000208DF80700FFE7039844F20001C4F2A1
S31500006FD00201884208D0FFE7039844F20041C4F258
S31500006FE00201884201D1FFE708E04CF69A10C0F290
S31500006FF0000040F24A21FAF7A5FBFFE7FFE7FFE7AB
S31500007000029840B1FFE7029840F00110B0F1011F6D
S3150000701001D1FFE708E04CF69A10C0F2000040F2FA
S315000070204B21FAF78FFBFFE7FFE7039840690299C8
S31500007030084204D0FFE701208DF80700FFE79DF81E
S31500007040070004B080BD000080B586B005900491AD
S31500007050039200200090039820B9FFE76FF002002A
S315000070600090D1E0FFE7059844F20001C4F2020166
S31500007070884208D0FFE7059844F20041C4F20201B5
S31500007080884201D1FFE707E04CF69A10C0F20000F3
S31500007090C321FAF757FBFFE7FFE7FFE7049820B1A4
S315000070A0FFE70498012801D1FFE707E04CF69A10A4
S315000070B0C0F20000C421FAF745FBFFE7FFE7FFE750
S315000070C00398006890B1FFE703980068B0F5007F69
S315000070D00CD0FFE703980068B0F5807F06D0FFE785
S315000070E003980068B0F5A06F01D1FFE707E04CF602
S315000070F09A10C0F20000C521FAF724FBFFE7FFE76C
S31500007100FFE70398406890B3FFE7039840681028AC
S315000071102DD0FFE703984068202828D0FFE7039882
S315000071204068302823D0FFE70398406840281ED0E7
S31500007130FFE703984068502819D0FFE70398406896
S31500007140602814D0FFE70398406870280FD0FFE747
S315000071500398406880280AD0FFE703984068902883
S3150000716005D0FFE703984068A02801D1FFE707E0B4
S315000071704CF69A10C0F20000C621FAF7E3FAFFE7D0
S31500007180FFE7FFE70398806838B1FFE70398806858
S3150000719048F20201884201D1FFE707E04CF69A1057
S315000071A0C0F20000C721FAF7CDFAFFE7FFE705981E
S315000071B0049900EB8100029002990020086005986E
S315000071C0049900EB810008300190039880890199A9
S315000071D008600598006904990B0148F2F27101FAFA
S315000071E003F29043DDF80CC0DCF80010DCF804E094
S315000071F0DCF808C041EA0E0141EA0C019940114051
S31500007200084405990861FFE7009806B080BD0000B4
S3150000721080B584B0039002918DF80720FFE70398AC
S3150000722044F20001C4F20201884208D0FFE7039845
S3150000723044F20041C4F20201884201D1FFE708E0AE
S315000072404CF69A10C0F200004FF40C71FAF77AFA75
S31500007250FFE7FFE7FFE7029840B1FFE7029840F03B
S315000072600410B0F1041F01D1FFE708E04CF69A10B4
S31500007270C0F2000040F23121FAF764FAFFE7FFE7B7
S31500007280FFE79DF8070028B1FFE79DF807000128F2
S3150000729001D1FFE708E04CF69A10C0F2000040F278
S315000072A03221FAF74FFAFFE7FFE79DF807000128BA
S315000072B006D1FFE7029A039908691043086105E0C1
S315000072C0029A0399086990430861FFE704B080BDFC
S315000072D080B582B001900091FFE7019844F2000169
S315000072E0C4F20201884208D0FFE7019844F2004147
S315000072F0C4F20201884201D1FFE707E04CF69A107A
S31500007300C0F20000F821FAF71DFAFFE7FFE7FFE7F2
S31500007310009820B1FFE70098012801D1FFE707E0B8
S315000073204CF69A10C0F20000F921FAF70BFAFFE7C3
S31500007330FFE700980101012000FA01F201990869AE
S315000073401043086102B080BD82B001900020009019
S31500007350019820B9FFE76FF0020000900BE0019959
S3150000736000200860019948600199886001994FF6EC
S31500007370FF708881FFE7009802B0704770470000F1
S31500007380704700007047000070470000704700001B
S31500007390704700007047000070470000704700000B
S315000073A070470000704700007047000070470000FB
S315000073B070470000704700007047000070470000EB
S315000073C070470000704700007047000070470000DB
S315000073D070470000704700007047000070470000CB
S315000073E070470000704700007047000070470000BB
S315000073F070470000704700007047000070470000AB
S31500007400704700007047000070470000704700009A
S31500007410704700007047000070470000704700008A
S31500007420704700007047000070470000704700007A
S31500007430704700007047000070470000704700006A
S31500007440704700007047000070470000704700005A
S31500007450704700007047000070470000704700004A
S31500007460704700007047000070470000704700003A
S31500007470704700007047000070470000704700002A
S31500007480704700007047000070470000704700001A
S31500007490704700007047000070470000704700000A
S315000074A070470000704700007047000070470000FA
S315000074B070470000704700007047000070470000EA
S315000074C070470000704700007047000080B582B02A
S315000074D001900091FFE7019845F20001C4F2010115
S315000074E0884228D0FFE7019845F20041C4F2010125
S315000074F0884220D0FFE7019845F60001C4F2010159
S31500007500884218D0FFE7019845F60041C4F2010110
S31500007510884210D0FFE7019846F20001C4F201014B
S31500007520884208D0FFE7019846F20041C4F2010103
S3150000753088420CD1FFE7009848B1FFE70098C021C8
S31500007540C0F2FF010843884201D1FFE708E04CF68C
S31500007550CD10C0F2000040F21441FAF7F3F8FFE74D
S31500007560FFE7019890F8810000F03F00009AC021E3
S3150000757091430844019981F881009DF8020080F04A
S31500007580FF000199A1F89C0002B080BD80B584B0CF
S315000075900390029100208DF80300FFE7039845F25F
S315000075A00001C4F20101884228D0FFE7039845F2A2
S315000075B00041C4F20101884220D0FFE7039845F656
S315000075C00001C4F20101884218D0FFE7039845F68E
S315000075D00041C4F20101884210D0FFE7039846F249
S315000075E00001C4F20101884208D0FFE7039846F281
S315000075F00041C4F2010188420CD1FFE7029848B16C
S31500007600FFE70298C021C0F2FF010843884201D17A
S31500007610FFE708E04CF6CD10C0F2000040F2FB3167
S31500007620FAF790F8FFE7FFE7029800F0C0008DF840
S315000076300700BDF80A00ADF80400039890F8810031
S315000076409DF8071008408DF807000398B0F89C00D5
S31500007650BDF804100840ADF804009DF8070020B9F5
S31500007660FFE7BDF8040020B1FFE701208DF8030015
S31500007670FFE79DF8030004B080BD000080B584B02C
S31500007680039002916FF002000190FFE7039845F224
S315000076900001C4F20101884228D0FFE7039845F2B1
S315000076A00041C4F20101884220D0FFE7039845F665
S315000076B00001C4F20101884218D0FFE7039845F69D
S315000076C00041C4F20101884210D0FFE7039846F258
S315000076D00001C4F20101884208D0FFE7039846F290
S315000076E00041C4F20101884201D1FFE708E04CF6EF
S315000076F0CD10C0F200004FF48B71FAF723F8FFE7C4
S31500007700FFE70298002800F0DC80FFE7FFE7029819
S31500007710007828B1FFE702980078012801D1FFE739
S3150000772008E04CF6CD10C0F200004FF48C71FAF769
S3150000773009F8FFE7FFE702980078002876D1FFE70F
S31500007740FFE70298807828B1FFE70298807804283E
S3150000775001D1FFE708E04CF6CD10C0F2000040F280
S315000077601B11F9F7EFFFFFE7FFE7FFE70298C07885
S3150000777028B1FFE70298C078022801D1FFE708E0A8
S315000077804CF6CD10C0F200004FF48E71F9F7DAFF17
S31500007790FFE7FFE7FFE70298407890B3FFE702981C
S315000077A0407810282DD0FFE702984078202828D06E
S315000077B0FFE702984078302823D0FFE70298407808
S315000077C040281ED0FFE702984078502819D0FFE7DE
S315000077D002984078602814D0FFE702984078702815
S315000077E00FD0FFE70298407880280AD0FFE702987A
S315000077F04078902805D0FFE702984078A02801D16C
S31500007800FFE708E04CF6CD10C0F2000040F21D1173
S31500007810F9F798FFFFE7FFE7029A51789078D27858
S3150000782010430843039981F8800042E0FFE702987D
S31500007830808840B1FFE70298808841F6FF710843CF
S31500007840884204D0FFE70298808808B9FFE708E07D
S315000078504CF6CD10C0F200004FF49271F9F772FFAA
S31500007860FFE7FFE7FFE70298C08840B1FFE702980D
S31500007870C08841F6FF710843884204D0FFE70298AA
S31500007880C08808B9FFE708E04CF6CD10C0F200004A
S315000078904FF49371F9F756FFFFE7FFE702988088E8
S315000078A00399A1F888000298C0880399A1F88C0072
S315000078B0FFE703980299896800F09CF80020019080
S315000078C0FFE7019804B080BD80B586B005900491AD
S315000078D08DF80F20FFE7059845F20001C4F201017B
S315000078E0884228D0FFE7059845F20041C4F201011D
S315000078F0884220D0FFE7059845F60001C4F2010151
S31500007900884218D0FFE7059845F60041C4F2010108
S31500007910884210D0FFE7059846F20001C4F2010143
S31500007920884208D0FFE7059846F20041C4F20101FB
S3150000793088420CD1FFE7049848B1FFE7049830214C
S31500007940C0F2FF010843884201D1FFE708E04CF688
S31500007950CD10C0F2000040F22941F9F7F3FEFFE72F
S31500007960FFE7FFE79DF80F0028B1FFE79DF80F003E
S31500007970012801D1FFE708E04CF6CD10C0F2000067
S3150000798040F22A41F9F7DEFEFFE7FFE7049800F030
S3150000799030000290BDF8120001909DF80F000128FA
S315000079A011D1FFE70298059991F88120104340F024
S315000079B0C00081F88100019A0599B1F89000104342
S315000079C0A1F8900013E0059890F88100029A42F021
S315000079D0C001884391430844059981F88100019AC2
S315000079E00599B1F890009043A1F89000FFE706B022
S315000079F080BD000080B582B001900091FFE701983C
S31500007A0045F20001C4F20101884228D0FFE701983F
S31500007A1045F20041C4F20101884220D0FFE70198F7
S31500007A2045F60001C4F20101884218D0FFE701982B
S31500007A3045F60041C4F20101884210D0FFE70198E3
S31500007A4046F20001C4F20101884208D0FFE701981E
S31500007A5046F20041C4F20101884201D1FFE708E085
S31500007A604CF6CD10C0F200004FF45171F9F76AFEE2
S31500007A70FFE7FFE700980199888002B080BD00000B
S31500007A8080B582B00190FFE7019845F20001C4F28B
S31500007A900101884228D0FFE7019845F20041C4F26F
S31500007AA00101884220D0FFE7019845F60001C4F2A3
S31500007AB00101884218D0FFE7019845F60041C4F25B
S31500007AC00101884210D0FFE7019846F20001C4F296
S31500007AD00101884208D0FFE7019846F20041C4F24E
S31500007AE00101884201D1FFE708E04CF6CD10C0F253
S31500007AF0000040F25641F9F725FEFFE7FFE701993E
S31500007B0091F8800040F0010081F8800002B080BD4D
S31500007B1082B001906FF0020000900198A0B1FFE7DB
S31500007B200199002008700199487001998870019A9E
S31500007B300221D170019988800199C880019A4FF677
S31500007B40FF7191600090FFE7009802B07047000057
S31500007B507047000070470000704700007047000043
S31500007B607047000070470000704700007047000033
S31500007B707047000070470000704700007047000023
S31500007B807047000070470000704700007047000013
S31500007B907047000070470000704700007047000003
S31500007BA0704700007047000080B582B001904CF627
S31500007BB01300C0F2000000784CF61201C0F200017A
S31500007BC009780843FAF7C4FE02B080BD80B582B0DA
S31500007BD0FFE700F021FC002845D0FFE70DF1060085
S31500007BE00DF1070100F01EFC9DF80700082838D1AA
S31500007BF0FFE79DF80600012808D1FFE74CF61300C1
S31500007C00C0F200000078FAF7A3FE29E09DF806000E
S31500007C10022808D1FFE74CF61200C0F200000078F7
S31500007C20FAF796FE1BE09DF80600032808D1FFE749
S31500007C304CF61100C0F200000078FAF789FE0DE05C
S31500007C409DF80600042808D1FFE74CF61000C0F2A4
S31500007C5000000078FAF77CFEFFE7FFE7FFE7FFE7A3
S31500007C6000E0FFE7FFE70A20FAF71AFEB1E7000097
S31500007C7081B0ADF80200BDF9020000280ED4FFE77E
S31500007C80BDF9021001F01F02012090404A094EF290
S31500007C908021CEF2000141F82200FFE701B07047D3
S31500007CA081B0ADF80200BDF9020000280ED4FFE74E
S31500007CB0BDF9021001F01F02012090404A094EF260
S31500007CC08021CEF2000141F82200FFE701B07047A3
S31500007CD081B0ADF80200BDF9020000280ED4FFE71E
S31500007CE0BDF9021001F01F02012090404A094EF230
S31500007CF08021CEF2000141F82200FFE701B0704773
S31500007D0081B0ADF80200BDF9020000280ED4FFE7ED
S31500007D10BDF9021001F01F02012090404A094EF2FF
S31500007D200011CEF2000141F82200FFE701B07047D2
S31500007D3081B0ADF80200BDF9020000280ED4FFE7BD
S31500007D40BDF9021001F01F02012090404A094EF2CF
S31500007D500011CEF2000141F82200FFE701B07047A2
S31500007D6081B0ADF80200BDF9020000280ED4FFE78D
S31500007D70BDF9021001F01F02012090404A094EF29F
S31500007D800011CEF2000141F82200FFE701B0704772
S31500007D9082B0ADF806000091BDF9060000280AD4AD
S31500007DA0FFE700980001BDF906104EF20042CEF240
S31500007DB0000288540BE000980001BDF8061001F09F
S31500007DC00F014EF61452CEF200028854FFE702B0BD
S31500007DD07047000082B0ADF806000091BDF90600BC
S31500007DE000280AD4FFE700980001BDF906104EF2FC
S31500007DF00042CEF2000288540BE000980001BDF864
S31500007E00061001F00F014EF61452CEF2000288540D
S31500007E10FFE702B07047000082B0ADF8060000919F
S31500007E20BDF9060000280AD4FFE700980001BDF955
S31500007E3006104EF20042CEF2000288540BE0009883
S31500007E400001BDF8061001F00F014EF61452CEF2F5
S31500007E5000028854FFE702B07047000080B584B086
S31500007E60029048F28430C1F6FF7001680191006803
S31500007E7018B9FFE70020039015E0FFE70198C06AF4
S31500007E800299F8F795FB18B9FFE7019803900AE005
S31500007E900198406A18B9FFE70020039003E00198B3
S31500007EA0406A0190EAE7039804B080BD80B548F2C5
S31500007EB04830C1F6FF70006850B1FFE748F248301D
S31500007EC0C1F6FF7000684FF0FF3103F00DFDFFE7CC
S31500007ED080BD000080B584B003900120029003F0BD
S31500007EE0DDFF0190FFE702F0A5FB00F031F902F09B
S31500007EF0CDFBFFE701A8012103F028FFFFE7F2E72A
S31500007F0080B586B0DDF820C004900391ADF80A2054
S31500007F1001933420F8F784FA0090009818B9FFE727
S31500007F200020059056E048F29450C1F6FF700068B4
S31500007F30804748F28830C1F6FF70006858B1FFE705
S31500007F40009948F28830C1F6FF70026851620068F5
S31500007F5000998862FFE748F28430C1F6FF70006836
S31500007F6038B9FFE7009848F28431C1F6FF7108601E
S31500007F70FFE7009848F28831C1F6FF710860009962
S31500007F80002081F830000199009AD1620099486278
S31500007F90009948600399009A1160009988610499D4
S31500007FA0009AD161BDF80A10009A1184009989607F
S31500007FB00899009AD160009A916811610099486108
S31500007FC048F29450C1F6FF70406880470098806878
S31500007FD00590FFE7059806B080BD000080B588B023
S31500007FE00790069148F27E30C1F6FF70007838B9E6
S31500007FF0FFE748F29450C1F6FF7000688047FFE73C
S315000080000798B8B9FFE70698FFF728FF0590059887
S3150000801078B9FFE748F27E30C1F6FF70007838B9CC
S31500008020FFE748F29450C1F6FF7040688047FFE7CB
S315000080308CE002E007980590FFE70598406828B1B4
S31500008040FFE70598416810308847FFE7059848F232
S315000080508431C1F6FF710968884227D1FFE748F2EB
S315000080608430C1F6FF700068406A40B9FFE700201F
S31500008070049048F28831C1F6FF7108600AE048F2C0
S315000080808430C1F6FF700068406A049004990020AD
S315000080908862FFE748F28430C1F6FF7002900068FC
S315000080A0F8F782F902990498086041E0059848F2C9
S315000080B08831C1F6FF710968884227D1FFE748F287
S315000080C08830C1F6FF700068806A40B9FFE700207B
S315000080D0049048F28431C1F6FF7108600AE048F264
S315000080E08830C1F6FF700068806A04900499002009
S315000080F04862FFE748F28830C1F6FF7001900068D9
S31500008100F8F752F901990498086010E00598806A1A
S3150000811004900598406A03900598406A049948625D
S315000081200498039988620598F8F73EF9FFE7FFE798
S3150000813048F27E30C1F6FF70007838B9FFE748F2A2
S315000081409450C1F6FF7040688047FFE708B080BDD5
S3150000815080B584B048F28430C1F6FF7000680290A2
S315000081600020019048F2FC60C1F6FF70006808B973
S31500008170FFE784E048F2F861C1F6FF7108680390F2
S315000081800020086048F2FC61C1F6FF71086048F201
S315000081908430C1F6FF70006808B9FFE76FE048F267
S315000081A09450C1F6FF700068804748F27E31C1F6F0
S315000081B0FF7101200870FFE7039A0299886910444D
S315000081C0886102998869C969884201D2FFE738E067
S315000081D002998869CA69801A8861029890F8300005
S315000081E001280DD0FFE70299012081F8300002989E
S315000081F050F8081B88470299002081F83000FFE7F5
S315000082000298B0F9200008B9FFE71AE00299088C35
S31500008210013808840298B0F9200008B1FFE710E0A1
S315000082200298406A28B9FFE702980021FFF7D6FEB8
S3150000823018E00298406A019002980021FFF7CEFEEE
S31500008240FFE7019828B1FFE701980290002001900E
S31500008250B2E70298406A08B9FFE703E00298406A6D
S315000082600290A9E748F29450C1F6FF704068804733
S3150000827048F27E31C1F6FF7100200870FFE704B0B6
S3150000828080BD000081B00090009908684A6848F2F5
S315000082909451C1F6FF714A60086001B07047000052
S315000082A081B00090009A48F2F861C1F6FF71086843
S315000082B010440860009A48F2A451C1F6FF7108689C
S315000082C01044086048F2FC61C1F6FF7101200860A5
S315000082D0009A48F24C31C1F6FF710868801A0860AE
S315000082E001B0704781B08DF802008DF801109DF83D
S315000082F0010048B1FFE79DF80100012804D0FFE71F
S3150000830000208DF803003FE000208DF80000FFE715
S315000083109DF80000032833DCFFE79DF8001048F2C3
S315000083206500C1F6FF70405CFF2822D1FFE79DF88B
S3150000833002009DF8002048F26501C1F6FF718854DD
S315000083409DF801009DF8002048F27A31C1F6FF71D0
S3150000835088549DF80100B0FA80F040099DF800208D
S3150000836048F27631C1F6FF71885401208DF803007A
S315000083700AE0FFE79DF8000001308DF80000C7E72E
S3150000838000208DF80300FFE79DF8030001B0704759
S3150000839081B00090009848F2DC01C1F6FF710860D8
S315000083A048F26501C1F6FF714FF0FF30086048F2F0
S315000083B08C31C1F6FF710020086048F27F31C1F6AA
S315000083C0FF71086048F26431C1F6FF71087048F227
S315000083D05F31C1F6FF71087048F25E31C1F6FF7178
S315000083E0087048F26401C1F6FF710870087840F021
S315000083F001000870087840F002000870087840F024
S3150000840004000870087840F008000870087840F00A
S315000084101000087001B0704748F25E30C1F6FF7078
S315000084200078704782B00190009148F25E30C1F644
S31500008430FF70007878B9FFE7019820B1FFE701994E
S31500008440FF200870FFE7009820B1FFE700990020A1
S315000084500870FFE739E0019868B1FFE748F25F303E
S31500008460C1F6FF70017848F25A30C1F6FF70405CE1
S3150000847001990870FFE7009868B1FFE748F25F309E
S31500008480C1F6FF70017848F26030C1F6FF70405CBB
S3150000849000990870FFE748F25F30C1F6FF70017877
S315000084A0013101700078042807D1FFE748F25F31F7
S315000084B0C1F6FF7100200870FFE748F25E31C1F691
S315000084C0FF71087801380870FFE702B070470000B6
S315000084D080B584B08DF80F0048F2DC00C1F6FF705D
S315000084E0006808B9FFE77BE248F25131C1F6FF7137
S315000084F000200870FFE748F25130C1F6FF7000789F
S31500008500032800F36D82FFE748F25130C1F6FF7091
S31500008510017848F26500C1F6FF70405CFF2801D182
S31500008520FFE755E248F2DC00C1F6FF70016848F249
S315000085305130C1F6FF70027848F26500C1F6FF704F
S31500008540805C8847002842D0FFE748F25130C1F6E8
S31500008550FF70037848F27232C1F6FF720021D154DF
S31500008560017848F26530C1F6FF70405C13280FDCD5
S31500008570FFE79DF80F3048F25130C1F6FF700278E0
S3150000858048F26531C1F6FF71885C184488541DE0D5
S3150000859048F25130C1F6FF70017848F27630C1F6E4
S315000085A0FF70405C88B9FFE748F25031C1F6FF71B1
S315000085B00120087048F25131C1F6FF710A7848F27D
S315000085C07631C1F6FF718854FFE7FFE743E048F2D2
S315000085D05130C1F6FF70037848F26532C1F6FF727A
S315000085E00021D154017848F27230C1F6FF70405C28
S315000085F013280FDCFFE79DF80F3048F25130C1F623
S31500008600FF70027848F27231C1F6FF71885C184437
S3150000861088541FE048F25130C1F6FF70017848F2E5
S315000086207630C1F6FF70405C012812D1FFE748F2B0
S315000086305031C1F6FF710120087048F25130C1F681
S31500008640FF70027848F27631C1F6FF710020885437
S31500008650FFE7FFE7FFE748F25130C1F6FF70027807
S3150000866048F27630C1F6FF70805C48F27A31C1F686
S31500008670FF71895C884240F0C780FFE748F25030BE
S31500008680C1F6FF700078012840F08180FFE748F2CC
S315000086905031C1F6FF710020087048F25130C1F622
S315000086A0FF70017848F26500C1F6FF70405C012159
S315000086B000F098F948F26400C1F6FF7000784007B0
S315000086C0002814D5FFE748F25130C1F6FF70037851
S315000086D048F28C32C1F6FF720121D154027848F279
S315000086E06A31C1F6FF71002021F81200FFE748F257
S315000086F06400C1F6FF700078C006002846D5FFE783
S3150000870048F25130C1F6FF70017848F27F30C1F669
S31500008710FF70405CA0B9FFE748F25130C1F6FF7028
S31500008720037848F27F32C1F6FF720121D1540278F4
S3150000873048F25231C1F6FF71002021F8120024E000
S3150000874048F25130C1F6FF70017848F27F30C1F629
S31500008750FF70405C012817D1FFE748F25130C1F69F
S31500008760FF700290017848F26500C1F6FF70405C28
S31500008770102100F037F90298027848F27F31C1F6ED
S31500008780FF7102208854FFE7FFE7FFE7FFE748F2A3
S315000087905130C1F6FF70017848F28C30C1F6FF7097
S315000087A0405C01282FD1FFE79DF80FC048F25131F8
S315000087B0C1F6FF710B7848F26A30C1F6FF7030F8E7
S315000087C01320624420F81320097830F81100B0F520
S315000087D07A7F17DBFFE748F25130C1F6FF70019050
S315000087E0017848F26500C1F6FF70405C042100F094
S315000087F0F9F80198027848F28C31C1F6FF71002031
S315000088008854FFE7FFE784E048F25030C1F6FF7076
S31500008810007801287CD1FFE748F25031C1F6FF719C
S315000088200020087048F25130C1F6FF70017848F216
S315000088308C30C1F6FF70405C012823D1FFE748F277
S315000088405130C1F6FF70027848F28C31C1F6FF71E3
S315000088500020885448F26400C1F6FF700078C00614
S3150000886000280ED4FFE748F25130C1F6FF700178B8
S3150000887048F26500C1F6FF70405C082100F0B2F8CE
S31500008880FFE7FFE748F26400C1F6FF700078400793
S31500008890002818D4FFE748F26400C1F6FF7000789C
S315000088A0C00600280ED4FFE748F25130C1F6FF702B
S315000088B0017848F26500C1F6FF70405C082100F0BF
S315000088C091F8FFE7FFE748F25130C1F6FF700090DC
S315000088D0017848F26500C1F6FF70405C022100F0A5
S315000088E081F80098017848F27F30C1F6FF70405C4D
S315000088F002280CD1FFE748F25130C1F6FF7002782A
S3150000890048F27F31C1F6FF7100208854FFE7FFE788
S31500008910FFE748F25130C1F6FF70017848F27F3028
S31500008920C1F6FF70405C012851D1FFE79DF80FC0EA
S3150000893048F25131C1F6FF710B7848F25230C1F658
S31500008940FF7030F81320624420F81320097830F8BD
S315000089501100B0F5967F39DBFFE748F25130C1F6DA
S31500008960FF70017848F28C30C1F6FF70405C08BB9E
S31500008970FFE748F25130C1F6FF70027848F27630D0
S31500008980C1F6FF70805C48F27A31C1F6FF71895CEE
S3150000899088420ED0FFE748F25130C1F6FF700178E9
S315000089A048F26500C1F6FF70405C082100F01AF835
S315000089B0FFE7FFE748F25130C1F6FF70027848F250
S315000089C07F31C1F6FF7100208854FFE7FFE7FFE71C
S315000089D048F25131C1F6FF710878013008708AE516
S315000089E004B080BD81B08DF803008DF8021048F206
S315000089F06400C1F6FF7000789DF80210084201D1AC
S31500008A00FFE730E09DF8021048F26430C1F6FF70CF
S31500008A10037848F26032C1F6FF72D1549DF8031014
S31500008A2003785A1C027048F25A32C1F6FF72D154CA
S31500008A300078042807D1FFE748F26431C1F6FF71D8
S31500008A4000200870FFE748F25E30C1F6FF7000783C
S31500008A50032808DCFFE748F25E31C1F6FF710878AB
S31500008A6001300870FFE701B07047000080B58AB09A
S31500008A700820049001210291F9F786F807A80090D2
S31500008A80FFF746F8009900208DF81C00102201928D
S31500008A908DF81D208DF81E0002208DF81F004CF267
S31500008AA04F30099045F20040C4F201000390FEF7F2
S31500008AB0E5FD0199029A0398FEF706FF049840F235
S31500008AC00311ADF81410ADF8160040F6A100C0F27F
S31500008AD00000069005A8F9F78BFFBDF91600FFF711
S31500008AE0C7F8BDF916000F21FFF752F9BDF91600B8
S31500008AF0FFF706F90AB080BD80B58CB0022002905F
S31500008B0001210491F9F740F80498F8F767F808A8E6
S31500008B100190FEF719FC019A049902984FF48073AC
S31500008B2008930023059309930A93ADF82C0044F2A9
S31500008B300040C4F202000390FEF786FA0320F8F71D
S31500008B4007FE0398049A4FF48021FEF761FB05980F
S31500008B504321ADF81810ADF81A0041F2F960C0F2E1
S31500008B600000079006A8F9F743FFBDF91A00FFF7C2
S31500008B7097F8BDF91A000F21FFF72CF9BDF91A0075
S31500008B80FFF7D6F80CB080BD80B58AB0042001216D
S31500008B900491F8F7F9FF07A80190FEF7B9FF0199CC
S31500008BA000208DF81C00102202928DF81D208DF8F1
S31500008BB01E0002208DF81F004CF24F30099045F23E
S31500008BC00000C4F201000390FEF758FD0299049AD2
S31500008BD00398FEF779FE04984FF48071ADF81410EF
S31500008BE0ADF8160046F22940C0F20000069005A82E
S31500008BF0F9F7FEFEBDF91600FFF76AF8BDF9160093
S31500008C000F21FFF709F9BDF91600FFF7A9F80AB019
S31500008C1080BD000080B582B0019001984FF47A7152
S31500008C20484344F6D351C1F26201A0FB011080090A
S31500008C3001F060FE02B080BD82B00090009820B9BD
S31500008C40FFE700208DF8070003E000208DF80700FD
S31500008C50FFE79DF8070002B07047000080B503F0FB
S31500008C601DF980BD80B582B00190FF200090FDF710
S31500008C70F3FB0198C1680120884701980069804785
S31500008C800198406980470198806980470198806A09
S31500008C9080470198406C80470198C06C80470198D6
S31500008CA0806D80470198C06D80470198016E002055
S31500008CB088470098FDF718FC02B080BD7047000099
S31500008CC0704700007047000080B500F0C5F880BD11
S31500008CD080B500F0E1F880BD7047000080B582B035
S31500008CE00190F7F709FE019818B9FFE7F7F79EFE1E
S31500008CF0FFE702B080BD000080B5FFF7FDFEFFF77D
S31500008D0043FFFFF7B3FE80BD7047000084B00290BA
S31500008D1001910092029818B9FFE70020039002E043
S31500008D2000200390FFE7039804B0704780B582B037
S31500008D30019000F075F801F02BFB01F08FFB01F0BC
S31500008D409DFB01F073FB02B080BD000081B0009076
S31500008D50009808B9FFE7FFE701B0704782B00190BD
S31500008D600091019808B9FFE7FFE702B070470000DD
S31500008D7082B001908DF80310019808B9FFE7FFE76C
S31500008D8002B0704782B001908DED000A019808B9D3
S31500008D90FFE7FFE702B0704782B0019000910198AB
S31500008DA008B9FFE7FFE702B07047000081B0009006
S31500008DB0009808B9FFE7FFE701B0704781B000905F
S31500008DC0009808B9FFE7FFE701B0704780B582B0A9
S31500008DD08DF807009DF807008DF806009DF806003F
S31500008DE000F086F802B080BD80B582B08DF807002D
S31500008DF09DF807008DF806009DF8060000F0A4F81F
S31500008E0002B080BD80B582B08DF807009DF80700DE
S31500008E108DF806009DF8060000F0C2F802B080BD8D
S31500008E2080B582B04AF21D30C0F20000FFF7B0FAFA
S31500008E30012000210191FFF755FA01990220FFF761
S31500008E4051FA01990320FFF74DFA01990420FFF723
S31500008E5049FA02B080BD000080B588B003A8019031
S31500008E60F9F7A6FC019A022000908021F9F7C2F9D1
S31500008E70019A00984021F9F7BDF9019A0320029062
S31500008E804FF40041F9F7B6F9019A02984FF4804180
S31500008E90F9F7B0F908B080BD80B586B001A8F9F73A
S31500008EA087FC0220ADF8060000208DF80300FFE7DE
S31500008EB09DF80300032815D8FFE79DF803204CF61C
S31500008EC01400C0F2000000EB820110F8220049886D
S31500008ED001AAF9F78FF9FFE79DF8030001308DF835
S31500008EE00300E5E70F2000F02FF806B080BD000074
S31500008EF080B582B08DF8070000208DF80600FFE7E8
S31500008F009DF8060003281DD8FFE79DF807009DF889
S31500008F100610C840C00770B1FFE79DF806204CF662
S31500008F201400C0F2000000EB820110F8220049880C
S31500008F30F9F762FCFFE7FFE79DF8060001308DF8C0
S31500008F400600DDE702B080BD80B582B08DF807006F
S31500008F5000208DF80600FFE79DF8060003281DD8BF
S31500008F60FFE79DF807009DF80610C840C00770B1DE
S31500008F70FFE79DF806204CF61400C0F2000000EB57
S31500008F80820110F822004988F9F720FBFFE7FFE786
S31500008F909DF8060001308DF80600DDE702B080BDC1
S31500008FA080B582B08DF8070000208DF80600FFE737
S31500008FB09DF8060003281DD8FFE79DF807009DF8D9
S31500008FC00610C840C00770B1FFE79DF806204CF6B2
S31500008FD01400C0F2000000EB820110F8220049885C
S31500008FE0F9F748FBFFE7FFE79DF8060001308DF82B
S31500008FF00600DDE702B080BD80B586B00020039094
S315000090000590F9F79DFCF9F769FC039A684602603A
S3150000901047F6A931C0F200014CF61223C0F2000354
S315000090204FF47A70FEF76CFF039B48F2D401C1F649
S31500009030FF710860012004904CF60E00C0F200009B
S3150000904002884CF60C00C0F20000007848F2D80CFA
S31500009050C1F6FF7C6946C1F804C0086047F6CD300A
S31500009060C0F200004CF61821C0F2000102F0AEFD7D
S3150000907004900498012802D0FFE7FFE7FEE701F01D
S3150000908031FEFFE7FEE7000080B586B0059004914B
S315000090904CF6E420C1F6FF700068029048F250607A
S315000090A0C1F6FF700068043001F0F0F988B9FFE7F7
S315000090B048F25060C1F6FF700068C16A012000FAEC
S315000090C001F24CF22031C1F6FF7108689043086046
S315000090D000E0FFE70598013018BBFFE7049800B3EE
S315000090E0FFE74CF6BC21C1F6FF7148680190019A72
S315000090F048F25060C1F6FF7003689A60019A926860
S315000091000368DA6002680432019B9B685A60026851
S315000091100432019B9A60006841610868013008606A
S315000091203DE00298059908440390039848F250617F
S31500009130C1F6FF71096848600398029988420ED209
S31500009140FFE748F26060C1F6FF70006848F25061C0
S31500009150C1F6FF710968043101F00EFA1EE048F20B
S315000091605860C1F6FF70006848F25061C1F6FF71A1
S315000091700968043101F000FA03984CF64821C1F65B
S31500009180FF710968884207D2FFE703984CF6482129
S31500009190C1F6FF71086000E0FFE7FFE7FFE706B0F2
S315000091A080BD000080B582B0019001F043FA4CF218
S315000091B01031C1F6FF7108680130086048F250604E
S315000091C0C1F6FF70006898B9FFE7019848F2506150
S315000091D0C1F6FF7108604CF21030C1F6FF700068EE
S315000091E0012803D1FFE700F03BFB00E0FFE71CE0AE
S315000091F04CF6B020C1F6FF700068A0B9FFE748F250
S315000092005060C1F6FF700068C06A0199C96A884259
S3150000921007D8FFE7019848F25061C1F6FF71086070
S3150000922000E0FFE700E0FFE7FFE74CF21C30C1F685
S31500009230FF70016801310160006801998864019836
S31500009240C16A012000FA01F24CF22031C1F6FF7129
S315000092500868104308600198C06A00EB800048F275
S315000092606861C1F6FF7101EB8000406800900098CC
S31500009270019A906000988068019AD0600198043045
S31500009280009A9268506001980430009A9060019AA2
S31500009290D06A00EB800001EB800050610198C06A43
S315000092A000EB800251F82200013041F8220001F063
S315000092B0EDF94CF6B020C1F6FF700068C8B1FFE7C3
S315000092C048F25060C1F6FF700068C06A0199C96A29
S315000092D088420CD2FFE74EF60451CEF200014FF061
S315000092E080500860BFF34F8FBFF36F8F00E0FFE73A
S315000092F000E0FFE702B080BD80B584B001F09AF9C6
S315000093004CF6E820C1F6FF700068002840D1FFE760
S315000093104CF6EC10C1F6FF70029001F00DF94CF618
S315000093200020C1F6FF70039001F006F90299039838
S3150000933048F25462C1F6FF72116048F26461C1F6E8
S31500009340FF71086069460020086048F2A852C1F61D
S31500009350FF7248F2F853C1F6FF730520102101F0A1
S31500009360B3FF01464CF6E820C1F6FF7001600068C5
S3150000937060B1FFE74CF6E820C1F6FF7000684CF6D6
S315000093800521C0F2000101F027FA00E0FFE700E046
S31500009390FFE701F07BF904B080BD000080B582B024
S315000093A0FFE74CF21430C1F6FF70006808B3FFE720
S315000093B001F040F94CF6D020C1F6FF70C068C068D5
S315000093C001900198043001F061F84CF21031C1F6B9
S315000093D0FF710868013808604CF21431C1F6FF715C
S315000093E008680138086001F051F9019800F08CF81E
S315000093F0D7E702B080BD000080B582B00190009131
S315000094000198006CB8B1FFE70199C8680A6C10446E
S31500009410C86001988168C068884204D3FFE7019953
S315000094200868C86000E0FFE70098019AD168126CEE
S31500009430F7F725F8FFE702B080BD000080B586B0DB
S31500009440059004910392002002900598806B01908C
S315000094500598006C78B9FFE70598006848B9FFE7FA
S315000094600598806802F054FE0290059900208860F5
S3150000947000E0FFE741E00398B8B9FFE7059A0499D1
S315000094805068126CF6F7FBFF059948680A6C1044A1
S315000094904860059948688968884204D3FFE70599BA
S315000094A00868486000E0FFE726E0059A0499D0685E
S315000094B0126CF6F7E4FF0599C8680A6C801AC86052
S315000094C005980168C068884206D2FFE70599886852
S315000094D00A6C801AC86000E0FFE70398022809D1E9
S315000094E0FFE7019820B1FFE701980138019000E0FD
S315000094F0FFE700E0FFE7FFE7FFE701980130059986
S315000095008863029806B080BD80B582B0009000984E
S3150000951090F8610040B9FFE70098006B01F0DCF8B5
S31500009520009801F0D9F81CE0009890F86100012835
S3150000953004D1FFE7009801F0CFF811E0009890F809
S31500009540610002280BD0FFE74FF0500080F311882E
S31500009550BFF36F8FBFF34F8F0190FFE7FEE7FFE783
S31500009560FFE702B080BD000082B001900198406A1A
S3150000957038B1FFE70198006B0068C0F10700009062
S3150000958002E000200090FFE7009802B0704700005C
S3150000959082B0019048F25460C1F6FF70006800681E
S315000095A0B0FA80F04009019908600198006848B94E
S315000095B0FFE748F25460C1F6FF700068C0680068B3
S315000095C0009002E000200090FFE7009802B070478C
S315000095D084B04FF47050009048F20070C1F6FF70EE
S315000095E001909DF80400400788B1FFE70198073015
S315000095F00190019820F007000190019A48F200714D
S31500009600C1F6FF710098891A08440090FFE7019897
S31500009610029002994CF6B420C1F6FF700160002159
S3150000962041600298009A1044019001980838019010
S31500009630019820F007000190019A48F25C60C1F69B
S31500009640FF7002600268516002681160029903911E
S315000096500199039A891A5160006803990860039872
S3150000966040684CF64421C1F6FF71086003984068D3
S315000096704CF63C21C1F6FF71086004B0704700004B
S3150000968080B582B00190FFE7FFF788FE48F2686078
S31500009690C1F6FF70006802280CD3FFE74EF60451AE
S315000096A0CEF200014FF080500860BFF34F8FBFF33A
S315000096B06F8F00E0FFE7E7E780B582B00190019881
S315000096C068B1FFE701980023836001980360019861
S315000096D0C360019819461A4601F0DEFE00E0FFE776
S315000096E002B080BD80B584B0DDF818C00390029149
S315000096F001928DF80330029818B9FFE706980060CA
S3150000970003E0019806990860FFE703980699C86385
S315000097100298069908640698012101F039FE9DF821
S315000097200300069981F8500006990020886404B069
S3150000973080BD000080B588B0DDF834C0DDF830C0EB
S31500009740DDF82CC0DDF828C0059004910392029341
S315000097500C98006B03998900A522F6F7D5FE0C98A4
S31500009760006B039900EB810004380190019820F00A
S31500009770070001909DF80400400758B1FFE74FF03D
S31500009780500080F31188BFF36F8FBFF34F8F0790A0
S31500009790FFE7FEE701980C9948640498F8B1FFE7E3
S315000097A000200090FFE700980F2813D8FFE70498E1
S315000097B0009A805C0C99114481F834000498009951
S315000097C0405C08B9FFE705E0FFE7FFE700980130D6
S315000097D00090E8E70C99002081F8430000E0FFE7DD
S315000097E00A9807280BD3FFE74FF0500080F3118843
S315000097F0BFF36F8FBFF34F8F0690FFE7FEE70A9820
S31500009800072803D3FFE706200A9000E0FFE70A983F
S315000098100C99C8620A980C9908650C98043000F0F7
S31500009820A3FE0C98183000F09FFE0C9800610A9871
S31500009830C0F107000C9988610C984062019805995F
S31500009840029A00F03BFD0C9908600B9820B1FFE7E7
S315000098500C980B99086000E0FFE708B080BD000097
S3150000986080B584B000200390FFE70398062810D83F
S31500009870FFE7039800EB800148F26860C1F6FF70CD
S3150000988000EB810000F058FEFFE7039801300390DB
S31500009890EBE74CF61420C1F6FF70019000F04CFE89
S315000098A04CF62820C1F6FF70029000F045FE4CF6FB
S315000098B05C20C1F6FF7000F03FFE4CF6D020C1F6EA
S315000098C0FF7000F039FE4CF6BC20C1F6FF7000F0C8
S315000098D033FE0199029848F25862C1F6FF72116090
S315000098E048F26061C1F6FF71086004B080BD0000F7
S315000098F083B002904CF6B420C1F6FF700190FFE7EA
S31500009900019800680299884205D2FFE7FFE70198AF
S3150000991000680190F4E70198009000980199496861
S3150000992008440299884209D1FFE7029842680199E2
S315000099304868104448600198029000E0FFE70298EA
S31500009940009000980299496808440199096888427C
S3150000995020D1FFE70198006848F25C61C1F6FF710B
S31500009960096888420DD0FFE70198006842680299AD
S3150000997048681044486001980068006802990860C9
S3150000998007E048F25C60C1F6FF7000680299086063
S31500009990FFE704E00198006802990860FFE7019874
S315000099A00299884204D0FFE702980199086000E016
S315000099B0FFE703B07047000080B586B005900491BC
S315000099C00392029300200190049805994860059837
S315000099D0006104980399884216D8FFE70398029914
S315000099E0401A05998969884203D3FFE7012001904F
S315000099F009E048F26460C1F6FF7000680599043119
S31500009A0000F0BAFDFFE717E003980299884208D2F2
S31500009A10FFE704980299884203D3FFE701200190EB
S31500009A2009E048F25460C1F6FF70006805990431F8
S31500009A3000F0A2FDFFE7FFE7019806B080BD000039
S31500009A4080B582B0019000F0F5FD0198806B18B9E1
S31500009A50FFE70120009002E000200090FFE700F001
S31500009A6015FE009802B080BD80B582B0019000F06E
S31500009A70E1FD0198806B0199C96B884203D1FFE72C
S31500009A800120009002E000200090FFE700F0FEFDBC
S31500009A90009802B080BD000080B588B0049004989C
S31500009AA0806C039000200290039858B9FFE74FF0AE
S31500009AB0500080F31188BFF36F8FBFF34F8F07906D
S31500009AC0FFE7FEE70398806B0399C96B88420BD3C7
S31500009AD0FFE74FF0500080F31188BFF36F8FBFF39D
S31500009AE04F8F0690FFE7FEE70398806B0399C96BDB
S31500009AF0884243D2FFE7039890F845008DF80700A7
S31500009B00039804A90022FFF799FC02909DF907002B
S31500009B10013088B9FFE70398406A58B1FFE7039818
S31500009B20243002F03FFC18B1FFE70120029000E06C
S31500009B30FFE700E0FFE720E000F0CCFC00909DF995
S31500009B4007000099884217D2FFE79DF907007F2892
S31500009B500BD1FFE74FF0500080F31188BFF36F8FF2
S31500009B60BFF34F8F0590FFE7FEE79DF80700013032
S31500009B70039981F84500FFE7FFE700E0FFE7029859
S31500009B8008B080BD08480068006880F308884FF078
S31500009B90000080F3148862B661B6BFF34F8FBFF33F
S31500009BA06F8F00DF00BF000008ED00E080B584B0D5
S31500009BB00390029148F25460C1F6FF700068C068D5
S31500009BC0C06801900198043000F060FC019890F89C
S31500009BD028004007002806D5FFE701980399029A56
S31500009BE000F01CF907E0019991F8280000F0FE004A
S31500009BF081F82800FFE70198016A884704B080BD14
S31500009C0080B58CB0FFE74CF6E820C1F6FF7000681F
S31500009C1006A9002201F07AFD002800F0AF80FFE7D8
S31500009C200698B0F1FF3F17DCFFE706A80430029064
S31500009C30029858B9FFE74FF0500080F31188BFF340
S31500009C406F8FBFF34F8F0B90FFE7FEE702990A680D
S31500009C5048688968904700E0FFE70698002800F109
S31500009C608C80FFE7089805900598406928B1FFE7C2
S31500009C700598043000F00AFC00E0FFE704A800F0B5
S31500009C8005F903900698013801460191082800F26B
S31500009C9072800199DFE801F00505323A5B0505326D
S31500009CA03A00059991F8280040F0010081F8280053
S31500009CB00598079B81691944039AFFF77DFED8B181
S31500009CC0FFE7059890F828004007002808D5FFE729
S31500009CD00598079982691144039A00F09FF807E0F6
S31500009CE0059991F8280000F0FE0081F82800FFE7AA
S31500009CF00598016A884700E0FFE73DE0059991F87D
S31500009D00280000F0FE0081F8280035E0059991F85A
S31500009D10280040F0010081F828000798059988611D
S31500009D200598806958B9FFE74FF0500080F3118815
S31500009D30BFF36F8FBFF34F8F0A90FFE7FEE70598DB
S31500009D40039B816919441A46FFF736FE14E005980D
S31500009D5090F828008007002804D4FFE7059800F053
S31500009D60BBFC07E0059991F8280000F0FE0081F899
S31500009D702800FFE700E0FFE7FFE744E70CB080BDFF
S31500009D8080B584B00390029101F0E0F8684600F0D7
S31500009D907DF801900098D8BBFFE7029860B9FFE70D
S31500009DA003980199884207D8FFE702F0C1FB0398A0
S31500009DB00199FFF7FBFE2AE0029858B1FFE748F247
S31500009DC06460C1F6FF7000680068B0FA80F0400970
S31500009DD00290FFE74CF6E820C1F6FF700068039991
S31500009DE0019A891A029A00F053FD02F0A1FB60B9AC
S31500009DF0FFE74EF60451CEF200014FF080500860A6
S31500009E00BFF34F8FBFF36F8F00E0FFE7FFE702E07E
S31500009E1002F08EFBFFE704B080BD000080B584B081
S31500009E20039002910192FFE70398029B816919440E
S31500009E30019AFFF7C1FD48B1FFE7039881690298CF
S31500009E40084402900398016A8847EDE704B080BD94
S31500009E5048F25860C1F6FF700068006840B9FFE735
S31500009E604CF64821C1F6FF714FF0FF3008600CE058
S31500009E7048F25860C1F6FF700068C06800684CF68A
S31500009E804821C1F6FF710860FFE7704780B582B0D0
S31500009E90019002F003F80090009848F24C61C1F678
S31500009EA0FF710968884206D2FFE700F011F80199B0
S31500009EB00120086003E0019900200860FFE7009890
S31500009EC048F24C61C1F6FF710860009802B080BD8F
S31500009ED080B582B0FFE748F25460C1F6FF700068B3
S31500009EE0006870B1FFE748F25460C1F6FF70006881
S31500009EF0C0680068019001984FF0FF31FFF756FEE9
S31500009F00E9E748F25462C1F6FF721068009048F221
S31500009F106461C1F6FF71086810600098086002B0BD
S31500009F2080BD000083B00020009048F26C00C1F6AE
S31500009F30FF700068013058B1FFE74FF0500080F322
S31500009F401188BFF36F8FBFF34F8F0290FFE7FEE7D5
S31500009F504FF0500080F31188BFF36F8FBFF34F8F20
S31500009F600190FFE7009808B9FFE7FBE703B07047E9
S31500009F7084B002900020019002980090029858B98F
S31500009F80FFE74FF0500080F31188BFF36F8FBFF3E8
S31500009F904F8F0390FFE7FEE7009840694CF6BC211F
S31500009FA0C1F6FF71884214D1FFE70098806A4CF62B
S31500009FB05C21C1F6FF71884209D0FFE70098806AEC
S31500009FC018B9FFE70120019000E0FFE700E0FFE796
S31500009FD000E0FFE7019804B07047000080B584B048
S31500009FE00390FFE701A8FFF7D3FA029002980199C0
S31500009FF0FFF7C6FEFFF704FEF4E7000080B582B067
S3150000A000019000F017FB019890F845008DF80300C9
S3150000A010FFE79DF90300012825DBFFE70198806C27
S3150000A02050B1FFE70198FFF737FD18B1FFE700F0E1
S3150000A030ABFC00E0FFE710E00198406A58B1FFE78B
S3150000A0400198243002F0AEF918B1FFE700F09CFC4D
S3150000A05000E0FFE700E006E0FFE79DF803000138B7
S3150000A0608DF80300D5E70199FF2081F8450000F03F
S3150000A0700DFB00F0DFFA019890F844008DF802001D
S3150000A080FFE79DF90200012816DBFFE7019800694A
S3150000A09080B1FFE70198103002F084F918B1FFE7AC
S3150000A0A000F072FC00E0FFE79DF8020001388DF831
S3150000A0B0020000E000E0E4E70199FF2081F8440097
S3150000A0C000F0E4FA02B080BD80B58AB007900020A7
S3150000A0D0039000F03BFF48F25C60C1F6FF70006839
S3150000A0E018B9FFE7FFF774FA00E0FFE70798A8B191
S3150000A0F0FFE7079800F00700C0F1100002900798EC
S3150000A1000299C943884205D8FFE70299079808448F
S3150000A110079002E000200790FFE700E0FFE79DF8C8
S3150000A1201F000006002800F19D80FFE70798002821
S3150000A13000F09680FFE707984CF63C21C1F6FF71C8
S3150000A1400968884200F28C80FFE74CF6B420C1F61D
S3150000A150FF70059000680690FFE706984168079A29
S3150000A16000209142019007D2FFE706980068002878
S3150000A17018BF01200190FFE70198C00730B1FFE743
S3150000A18006980590069800680690E6E7069848F255
S3150000A1905C61C1F6FF71096888425FD0FFE70598E8
S3150000A1A000680830039006980068059908600698CC
S3150000A1B040680799401A112821D3FFE706980799A6
S3150000A1C0084404909DF81000400758B1FFE74FF08F
S3150000A1D0500080F31188BFF36F8FBFF34F8F099044
S3150000A1E0FFE7FEE7069840680799401A0499486019
S3150000A1F00798069948600498FFF77AFB00E0FFE7A6
S3150000A200069842684CF63C20C1F6FF700168891A30
S3150000A210016000684CF64421C1F6FF710968884266
S3150000A2200BD2FFE74CF63C20C1F6FF7000684CF6F7
S3150000A2304421C1F6FF71086000E0FFE7069948680F
S3150000A24040F0004048600699002008604CF6502116
S3150000A250C1F6FF7108680130086000E0FFE700E022
S3150000A260FFE700E0FFE702F063F99DF80C00400706
S3150000A27058B1FFE74FF0500080F31188BFF36F8F9E
S3150000A280BFF34F8F0890FFE7FEE703980AB080BD43
S3150000A29048F25060C1F6FF70006848B1FFE748F227
S3150000A2A05060C1F6FF700168486D01304865FFE7F0
S3150000A2B048F25060C1F6FF700068704783B00290A4
S3150000A2C00191009202980438029002994FF0807032
S3150000A2D00860029804380290019820F00100029963
S3150000A2E00860029804380290029949F62570C0F277
S3150000A2F000000860029814380290009802990860DD
S3150000A30002980438029002996FF0020008600298E1
S3150000A31020380290029803B07047000080B582B0E2
S3150000A3208DF8070001208DF806009DF8070001381A
S3150000A33001460091032822D80099DFE801F00209BE
S3150000A340101802208021F8F7EDF88DF806001AE0C3
S3150000A35002204021F8F7E6F88DF8060013E0032006
S3150000A3604FF40041F8F7DEF88DF806000BE0032005
S3150000A3704FF48041F8F7D6F88DF8060003E0052083
S3150000A3808DF80600FFE79DF8060002B080BD0000CC
S3150000A39080B586B0012000F031FF48F24831C1F6A1
S3150000A3A0FF71086048F2E420C1F6FF7069468860D4
S3150000A3B048F2E000C1F6FF7048600620086047F6E4
S3150000A3C0D560C0F200004CF62401C0F200018022E4
S3150000A3D0002301F04FFC014648F2E020C1F6FF7071
S3150000A3E00160006800F0F4FC4CF60401C0F20001C4
S3150000A3F0086849680591049004A8FDF743FF06B074
S3150000A40080BD000080B548F24830C1F6FF70006894
S3150000A41058B1FFE748F24830C1F6FF7000680023E4
S3150000A42019461A4601F038F8FFE780BD80B545F2B7
S3150000A4300040C4F20100FDF723FB48F2E020C1F61C
S3150000A440FF70006840B1FFE748F2E020C1F6FF70F8
S3150000A450006800F0C3FBFFE780BD000080B582B056
S3150000A46044F20040C4F2020001210191FCF730FFE2
S3150000A4700198F7F76DF902B080BD000080B545F28E
S3150000A4800000C4F20100FDF7FBFA80BD82B0019026
S3150000A4900198006900900198416880688860019978
S3150000A4A0486889684860009840680199884205D1E3
S3150000A4B0FFE7019880680099486000E0FFE701998E
S3150000A4C00020086100990868013808600098006853
S3150000A4D002B070474CF21030C1F6FF70006870474A
S3150000A4E083B002900191009202994CF22450C1F679
S3150000A4F0FF70086001994CF22430C1F6FF700860C5
S3150000A50000998020086003B07047000083B0029075
S3150000A5100191009202994CF68810C1F6FF7008600E
S3150000A52001994CF28850C1F6FF70086000994FF40B
S3150000A5308070086003B0704781B00090009901F107
S3150000A5400800486000994FF0FF308860009901F1DB
S3150000A5500800C860009901F1080008610099002010
S3150000A560086001B07047000081B00090009900209B
S3150000A570086101B07047000084B003900291029810
S3150000A580006800900098013020B9FFE70398006941
S3150000A590019010E0039808300190FFE701984068A9
S3150000A5A000680099884205D8FFE7FFE701984068F0
S3150000A5B00190F3E7FFE70198406802994860029826
S3150000A5C041688860019802998860029801994860FC
S3150000A5D0039802990861039908680130086004B07D
S3150000A5E07047000083B00290019102984068009085
S3150000A5F000980199486000988068019988600198E0
S3150000A60000998968486001980099886002980199C4
S3150000A6100861029908680130086003B070470000BD
S3150000A620DFF80C00016841F470010160704700001A
S3150000A63088ED00E082B04FF0500080F31188BFF340
S3150000A6406F8FBFF34F8F019048F26C00C1F6FF7019
S3150000A6500168013101600068012814D1FFE74EF658
S3150000A6600450CEF200000068000658B1FFE74FF034
S3150000A670500080F31188BFF36F8FBFF34F8F0090A8
S3150000A680FFE7FEE7FFE702B07047000082B048F23E
S3150000A6906C00C1F6FF70006858B9FFE74FF0500034
S3150000A6A080F31188BFF36F8FBFF34F8F0090FFE7E2
S3150000A6B0FEE748F26C00C1F6FF70016801390160DF
S3150000A6C0006830B9FFE700200190019880F31188F7
S3150000A6D0FFE702B07047000080B586B0039003988C
S3150000A6E002900398002852D0FFE70298083802909B
S3150000A6F0029801900198C1790020B0EBD11F0BD1CF
S3150000A700FFE74FF0500080F31188BFF36F8FBFF360
S3150000A7104F8F0590FFE7FEE70198006858B1FFE705
S3150000A7204FF0500080F31188BFF36F8FBFF34F8F48
S3150000A7300490FFE7FEE70198C1790020B0EBD11F36
S3150000A74023D0FFE701980068E8B9FFE70199486858
S3150000A75020F00040486000F0F9FB019842684CF692
S3150000A7603C21C1F6FF710868104408600198FFF7A4
S3150000A770BFF84CF65421C1F6FF7108680130086035
S3150000A78001F0D6FE00E0FFE700E0FFE7FFE706B0D6
S3150000A79080BD00004EF21001CEF2000100200860DC
S3150000A7A04EF21802CEF20002106048F2A050C1F636
S3150000A7B0FF70006844F6D352C1F26202A0FB0202A7
S3150000A7C04FF0FF3000EB92104EF21402CEF2000270
S3150000A7D0106007200860704785B003900291002042
S3150000A7E00090039858B9FFE74FF0500080F31188A6
S3150000A7F0BFF36F8FBFF34F8F0490FFE7FEE702981A
S3150000A800C8B3FFE700200190FFE70198072831D879
S3150000A810FFE70398019A4CF67021C1F6FF7101EB30
S3150000A820C2014968884209D1FFE701994CF67020B8
S3150000A830C1F6FF7000EBC10000901BE0009890B9D4
S3150000A840FFE701994CF67020C1F6FF7050F8310011
S3150000A85048B9FFE701994CF67020C1F6FF7000EB8E
S3150000A860C100009000E0FFE7FFE7FFE70198013035
S3150000A8700190CAE7FFE7009838B1FFE70298009910
S3150000A8800860039800994860FFE705B0704700002C
S3150000A89080B584B003900291019203980090FFF76F
S3150000A8A0C9FE009890F94400013028B9FFE70099E5
S3150000A8B0002081F84400FFE7009890F94500013038
S3150000A8C028B9FFE70099002081F84500FFE7FFF768
S3150000A8D0DDFE0098806B38B9FFE7009824300299B6
S3150000A8E0019A00F07BF800E0FFE70098FFF786FB8F
S3150000A8F004B080BD80B584B002900020019002981B
S3150000A900E0B1FFE74CF21830C1F6FF70006858B1AD
S3150000A910FFE74FF0500080F31188BFF36F8FBFF34E
S3150000A9204F8F0390FFE7FEE700F010FB029800212F
S3150000A930FEF7AAFB01F0FCFD019000E0FFE701989D
S3150000A94060B9FFE74EF60451CEF200014FF0805099
S3150000A9500860BFF34F8FBFF36F8F00E0FFE704B0CF
S3150000A96080BD000081B000904CF64C20C1F6FF700F
S3150000A9700068009908604CF6E420C1F6FF70006894
S3150000A9800099486001B070474CF6F021C1F6FF719E
S3150000A990012008607047000080B584B002900191E4
S3150000A9A0029858B9FFE74FF0500080F31188BFF3C3
S3150000A9B06F8FBFF34F8F0390FFE7FEE7029848F2D1
S3150000A9C05061C1F6FF7109681831FFF7D5FD01988E
S3150000A9D00121FEF759FB04B080BD000080B586B0AA
S3150000A9E0049003910292049858B9FFE74FF0500083
S3150000A9F080F31188BFF36F8FBFF34F8F0590FFE78A
S3150000AA00FEE7049840680190019848F25061C1F64B
S3150000AA10FF710A68D061019880680A681062086848
S3150000AA201830019A9268506008681830019A906050
S3150000AA3004980968886204990868013008600298D9
S3150000AA4020B1FFE74FF0FF300390FFE7039802992C
S3150000AA50FEF71AFB06B080BD80B58AB00790069156
S3150000AA6007980590012002900798002800F0B28010
S3150000AA70FFE70598406D58B9FFE74FF0500080F3A7
S3150000AA801188BFF36F8FBFF34F8F0990FFE7FEE783
S3150000AA900598006D0699884203D2FFE70698039051
S3150000AAA003E00598006D0390FFE70598C06A0399D7
S3150000AAB0884200F08D80FFE70598406D012840F040
S3150000AAC08580FFE7059848F25061C1F6FF71096875
S3150000AAD088420BD1FFE74FF0500080F31188BFF397
S3150000AAE06F8FBFF34F8F0890FFE7FEE70598C06AA8
S3150000AAF0049003980599C8620598C07E0006002850
S3150000AB0006D4FFE70398C0F107000599886100E0C5
S3150000AB10FFE705984069049901EB810248F26861F4
S3150000AB20C1F6FF7101EB820188424DD1FFE705981E
S3150000AB300430FFF7ABFC68B9FFE70598C16A01204E
S3150000AB4000FA01F24CF22031C1F6FF710868904319
S3150000AB50086000E0FFE70598C16A012000FA01F2EB
S3150000AB604CF22031C1F6FF71086810430860059861
S3150000AB70C06A00EB800048F26861C1F6FF7101EB24
S3150000AB808000406801900198059A9060019880685D
S3150000AB90059AD06005980430019A9268506005982D
S3150000ABA00430019A9060059AD06A00EB800001EBB0
S3150000ABB0800050610598C06A00EB800251F82200BF
S3150000ABC0013041F8220000E0FFE700E0FFE700E087
S3150000ABD0FFE700E0FFE70AB080BD000080B584B063
S3150000ABE0029002980190029858B9FFE74FF0500082
S3150000ABF080F31188BFF36F8FBFF34F8F0390FFE78A
S3150000AC00FEE7019848F25061C1F6FF710968884273
S3150000AC1065D0FFE70198002861D0FFE7FFF70AFD3E
S3150000AC200198FFF7A5F9002855D0FFE701980430F1
S3150000AC30FFF72CFC0198C16A012000FA01F24CF2E0
S3150000AC402031C1F6FF710868104308600198C06A98
S3150000AC5000EB800048F26861C1F6FF7101EB8000ED
S3150000AC60406800900098019A906000988068019A68
S3150000AC70D06001980430009A9268506001980430C0
S3150000AC80009A9060019AD06A00EB800001EB800088
S3150000AC9050610198C06A00EB800251F82200013031
S3150000ACA041F822000198C06A48F25061C1F6FF716E
S3150000ACB00968C96A88420CD3FFE74EF60451CEF202
S3150000ACC000014FF080500860BFF34F8FBFF36F8FC6
S3150000ACD000E0FFE700E0FFE7FFF7D8FC00E0FFE752
S3150000ACE004B080BD80B58AB0002003900690059020
S3150000ACF006A805A904AAFFF7F3FB039B049A059986
S3150000AD00DDF818C06846C0F808C04160036049F223
S3150000AD108160C0F200004CF60021C0F2000100F094
S3150000AD20A9FF01464CF64020C1F6FF70016000689D
S3150000AD3018B1FFE70120079002E000200790FFE727
S3150000AD400798012804D1FFE701F004FD079000E011
S3150000AD50FFE70798012824D1FFE74FF0500080F362
S3150000AD601188BFF36F8FBFF34F8F09904CF64821C0
S3150000AD70C1F6FF714FF0FF3008604CF6B021C1F606
S3150000AD80FF71012008604CF6E421C1F6FF71002036
S3150000AD90086048F2D001C1F6FF71086000F070F952
S3150000ADA00FE00798013058B9FFE74FF0500080F3E5
S3150000ADB01188BFF36F8FBFF34F8F0890FFE7FEE751
S3150000ADC0FFE74CF62820C0F2000000680AB080BDFC
S3150000ADD080B586B00490FFF72DFC049838B9FFE7DC
S3150000ADE048F25060C1F6FF700068019002E00498D6
S3150000ADF00190FFE70198039003980430FFF746FBA4
S3150000AE00D0B9FFE70398C06A00EB800148F268609A
S3150000AE10C1F6FF7050F8210068B9FFE70398C16AD0
S3150000AE20012000FA01F24CF22031C1F6FF710868E8
S3150000AE3090430860FFE700E0FFE70398806A28B1C7
S3150000AE40FFE703981830FFF721FB00E0FFE70398C0
S3150000AE50011D4CF6BC20C1F6FF70FFF7C3FB0020B6
S3150000AE600290FFE70298002814DCFFE70398029996
S3150000AE70084490F86000012807D1FFE7039802997B
S3150000AE800144002081F86000FFE7FFE702980130E7
S3150000AE900290E7E7FFF7FAFB4CF6B020C1F6FF7029
S3150000AEA0006838B1FFE7FFF7C5FBFEF7D1FFFFF7F4
S3150000AEB0EDFB00E0FFE7039848F25061C1F6FF7131
S3150000AEC0096888423ED1FFE74CF6B020C1F6FF7014
S3150000AED00068F0B1FFE74CF21830C1F6FF70006869
S3150000AEE058B1FFE74FF0500080F31188BFF36F8F22
S3150000AEF0BFF34F8F0590FFE7FEE74EF60451CEF203
S3150000AF0000014FF080500860BFF34F8FBFF36F8F83
S3150000AF1017E04CF6BC20C1F6FF7000684CF2103109
S3150000AF20C1F6FF710968884207D1FFE748F2506110
S3150000AF30C1F6FF710020086002E000F00FF8FFE79D
S3150000AF40FFE700E0FFE706B080BD00004CF21831D5
S3150000AF50C1F6FF71086801300860704785B04CF291
S3150000AF601830C1F6FF70006838B1FFE74CF6F021E3
S3150000AF70C1F6FF71012008607FE04CF6F021C1F6B2
S3150000AF80FF710020086048F2D000C1F6FF7001682A
S3150000AF904CF20C30C1F6FF70016000684CF20831CB
S3150000AFA0C1F6FF710968884214D9FFE74CF20C30EC
S3150000AFB0C1F6FF7000684CF20831C1F6FF710968EE
S3150000AFC0421A48F25060C1F6FF700168886D10445D
S3150000AFD0886500E0FFE74CF20C30C1F6FF700068B0
S3150000AFE04CF20831C1F6FF7108604CF22030C1F610
S3150000AFF0FF70006804900498B0FA80F08DF80F0096
S3150000B0009DF80F00C0F11F000190019800EB800130
S3150000B01048F26860C1F6FF7050F8210058B9FFE7A2
S3150000B0204FF0500080F31188BFF36F8FBFF34F8F3F
S3150000B0300290FFE7FEE7019800EB800148F26860A6
S3150000B040C1F6FF7000EB81000090009948684068E7
S3150000B0504860009948680831884205D1FFE70099A1
S3150000B060486840684860FFE700984068C06848F252
S3150000B0705061C1F6FF710860FFE705B07047000038
S3150000B08080B588B04EF60050CEF2000000684CF253
S3150000B0907121C4F20F1188420BD1FFE74FF0500027
S3150000B0A080F31188BFF36F8FBFF34F8F0790FFE7D1
S3150000B0B0FEE74EF60050CEF2000000684CF270211A
S3150000B0C0C4F20F1188420BD1FFE74FF0500080F316
S3150000B0D01188BFF36F8FBFF34F8F0690FFE7FEE730
S3150000B0E04EF20040CEF20000029001780391FF215B
S3150000B0F0017000788DF807009DF8070000F05000F9
S3150000B1004CF20031C1F6FF7108704CF20431C1F601
S3150000B110FF7107200860FFE79DF80700000600287A
S3150000B1200DD5FFE74CF20431C1F6FF71086801380E
S3150000B13008609DF8070040008DF80700ECE74CF228
S3150000B1400430C1F6FF70006803280BD0FFE74FF00C
S3150000B150500080F31188BFF36F8FBFF34F8F0590B8
S3150000B160FFE7FEE74CF20430C1F6FF7000680328E3
S3150000B1700BD0FFE74FF0500080F31188BFF36F8FBD
S3150000B180BFF34F8F0490FFE7FEE74CF20431C1F6A0
S3150000B190FF71086800020860086800F4E060086053
S3150000B1A003984EF20041CEF2000108704EF620518F
S3150000B1B0CEF20001086840F470000860086840F0AC
S3150000B1C070400860FFF7E6FA48F26C01C1F6FF71BD
S3150000B1D0002000900860FFF723FA4EF63471CEF295
S3150000B1E00001086840F040400860FEF7CBFCFFF71E
S3150000B1F0B5FEFEF797FE009808B080BD80B584B016
S3150000B2008DF80F0001200190002100919DF80F207C
S3150000B21000F008F802900298FEF74EFA029804B081
S3150000B22080BD000080B588B0069005918DF813208A
S3150000B230002003900698A0B3FFE706994FF0FF3071
S3150000B240B0FBF1F0059988422BD3FFE706980599E4
S3150000B250484310F1550F24D8FFE70698059948434F
S3150000B260029002985430FEF72FFF03900398B0B176
S3150000B270FFE703980190019854300190039900204C
S3150000B28081F8460006980599019A9DF81330DDF875
S3150000B2900CC0EE46CEF800C0FEF724FA00E0FFE749
S3150000B2A00EE0039858B9FFE74FF0500080F311887D
S3150000B2B0BFF36F8FBFF34F8F0790FFE7FEE7FFE700
S3150000B2C0039808B080BD000080B58CB084460E9807
S3150000B2D0CDF820C00791069205938DF81300002043
S3150000B2E00390059858B9FFE74FF0500080F3118896
S3150000B2F0BFF36F8FBFF34F8F0B90FFE7FEE7089802
S3150000B300A0B3FFE7059888B3FFE7069818B1FFE7F3
S3150000B310079858B3FFE7069818B9FFE7079828BBC0
S3150000B320FFE754200290029854280BD0FFE74FF015
S3150000B330500080F31188BFF36F8FBFF34F8F0A90D1
S3150000B340FFE7FEE70298059803900399012081F82C
S3150000B350460008980799069A9DF81330DDF80CC048
S3150000B360EE46CEF800C0FEF7BDF90EE0039858B9D8
S3150000B370FFE74FF0500080F31188BFF36F8FBFF3E4
S3150000B3804F8F0990FFE7FEE7FFE703980CB080BDFB
S3150000B39080B586B003900291012001900398009039
S3150000B3A0009858B9FFE74FF0500080F31188BFF3BB
S3150000B3B06F8FBFF34F8F0590FFE7FEE700980028D9
S3150000B3C056D0FFE70098C06B002851D0FFE70098E1
S3150000B3D0C26B016C4FF0FF30B0FBF2F0884247D3EE
S3150000B3E0FFE7FFF727F900990B68C86B0A6C00FBAB
S3150000B3F002308860009900208863009908684860D8
S3150000B40000990B68C86B0A6C013800FB0230C860F3
S3150000B4100099FF2081F84400009981F845000298C0
S3150000B420D0B9FFE700980069A0B1FFE70098103097
S3150000B43000F0B8FF60B1FFE74EF60451CEF200010E
S3150000B4404FF080500860BFF34F8FBFF36F8F00E05F
S3150000B450FFE700E0FFE708E000981030FFF76CF820
S3150000B46000982430FFF768F8FFE7FFF70FF902E0CE
S3150000B47000200190FFE7019858B9FFE74FF0500010
S3150000B48080F31188BFF36F8FBFF34F8F0490FFE7F0
S3150000B490FEE7019806B080BD80B592B00C900B9186
S3150000B4A00A920993002008900C980490049858B9C1
S3150000B4B0FFE74FF0500080F31188BFF36F8FBFF3A3
S3150000B4C04F8F1190FFE7FEE70B990020029039B9E4
S3150000B4D0FFE70498006C002818BF01200290FFE7E0
S3150000B4E00298C00758B1FFE74FF0500080F311886B
S3150000B4F0BFF36F8FBFF34F8F1090FFE7FEE70999F9
S3150000B50000200229019007D1FFE70498C06B01389B
S3150000B51018BF01200190FFE70198C00758B1FFE767
S3150000B5204FF0500080F31188BFF36F8FBFF34F8F3A
S3150000B5300F90FFE7FEE700F095FC01460020009023
S3150000B54031B9FFE70A98002818BF01200090FFE7ED
S3150000B5500098C00758B1FFE74FF0500080F31188FC
S3150000B560BFF36F8FBFF34F8F0E90FFE7FEE7FFE746
S3150000B570FFF760F80498806B0499C96B884204D37E
S3150000B580FFE70998022858D1FFE70498806B0390DB
S3150000B59004980B99099AFDF751FF07900498806C5F
S3150000B5A0E0B1FFE70998022804D1FFE7039808B144
S3150000B5B0FFE712E00498FEF76FFA60B1FFE74EF678
S3150000B5C00451CEF200014FF080500860BFF34F8F58
S3150000B5D0BFF36F8F00E0FFE7FFE729E00498406ABA
S3150000B5E0A0B1FFE70498243000F0DCFE60B1FFE76D
S3150000B5F04EF60451CEF200014FF080500860BFF3C2
S3150000B6004F8FBFF36F8F00E0FFE710E0079860B140
S3150000B610FFE74EF60451CEF200014FF0805008606D
S3150000B620BFF34F8FBFF36F8F00E0FFE7FFE7FFE742
S3150000B630FFF72CF801200D9065E00A9828B9FFE77E
S3150000B640FFF724F800200D905DE0089830B9FFE779
S3150000B65005A8FFF787F90120089000E0FFE7FFE75C
S3150000B660FFE7FFF713F8FFF771FCFEF7E3FF049817
S3150000B67090F94400013028B9FFE70499002081F8C9
S3150000B6804400FFE7049890F94500013028B9FFE728
S3150000B6900499002081F84500FFE7FEF7F7FF05A8AB
S3150000B6A00AA900F029FA28BBFFE70498FEF7DCF99F
S3150000B6B0C8B1FFE7049810300A99FFF76DF90498AE
S3150000B6C0FEF79CFC00F034FF60B9FFE74EF604512C
S3150000B6D0CEF200014FF080500860BFF34F8FBFF3EA
S3150000B6E06F8FFFE705E00498FEF788FC00F020FF67
S3150000B6F0FFE707E00498FEF781FC00F019FF002041
S3150000B7000D9000E034E70D9812B080BD80B58EB084
S3150000B71009900891079200200690099803900398D3
S3150000B72058B9FFE74FF0500080F31188BFF36F8FD1
S3150000B730BFF34F8F0D90FFE7FEE7089900200190B9
S3150000B74039B9FFE70398006C002818BF0120019063
S3150000B750FFE70198C00758B1FFE74FF0500080F3AC
S3150000B7601188BFF36F8FBFF34F8F0C90FFE7FEE793
S3150000B77000F078FB01460020009031B9FFE70798FA
S3150000B780002818BF01200090FFE70098C00758B1B5
S3150000B790FFE74FF0500080F31188BFF36F8FBFF3C0
S3150000B7A04F8F0B90FFE7FEE7FFE7FEF743FF039897
S3150000B7B0806B0290029830B3FFE703980899FDF773
S3150000B7C01BFE029801380399886303980069A0B1AB
S3150000B7D0FFE70398103000F0E5FD60B1FFE74EF695
S3150000B7E00451CEF200014FF080500860BFF34F8F36
S3150000B7F0BFF36F8F00E0FFE700E0FFE7FEF746FFCD
S3150000B80001200A906DE0079828B9FFE7FEF73EFF92
S3150000B81000200A9065E0069830B9FFE704A8FFF714
S3150000B820A1F80120069000E0FFE7FFE7FFE7FEF73B
S3150000B8302DFFFFF78BFBFEF7FDFE039890F9440002
S3150000B840013028B9FFE70399002081F84400FFE79B
S3150000B850039890F94500013028B9FFE703990020C5
S3150000B86081F84500FFE7FEF711FF04A807A900F0DD
S3150000B87043F930BBFFE70398FEF7E2F8D0B1FFE7E4
S3150000B880039824300799FFF787F80398FEF7B6FB6D
S3150000B89000F04EFE60B9FFE74EF60451CEF200010D
S3150000B8A04FF080500860BFF34F8FBFF36F8F00E0FB
S3150000B8B0FFE705E00398FEF7A1FB00F039FEFFE77E
S3150000B8C00EE00398FEF79AFB00F032FE0398FEF7AF
S3150000B8D0B7F818B1FFE700200A9002E0FFE7FFE79C
S3150000B8E063E70A980EB080BD80B58EB009900891C6
S3150000B8F000200790099904910390049858B9FFE72E
S3150000B9004FF0500080F31188BFF36F8FBFF34F8F56
S3150000B9100D90FFE7FEE70498006C58B1FFE74FF083
S3150000B920500080F31188BFF36F8FBFF34F8F0C90D9
S3150000B930FFE7FEE700F096FA01460020009031B9D5
S3150000B940FFE70898002818BF01200090FFE700983D
S3150000B950C00758B1FFE74FF0500080F31188BFF3DE
S3150000B9606F8FBFF34F8F0B90FFE7FEE7FFE7FEF702
S3150000B97061FE0498806B0290029860B3FFE702981C
S3150000B9800138049988630498006828B9FFE7FEF730
S3150000B9907FFC0499886000E0FFE704980069A0B185
S3150000B9A0FFE70498103000F0FDFC60B1FFE74EF6AB
S3150000B9B00451CEF200014FF080500860BFF34F8F64
S3150000B9C0BFF36F8F00E0FFE700E0FFE7FEF75EFEE4
S3150000B9D001200A908DE0089828B9FFE7FEF756FE89
S3150000B9E000200A9085E0079830B9FFE705A8FEF722
S3150000B9F0B9FF0120079000E0FFE7FFE7FFE7FEF74A
S3150000BA0045FEFFF7A3FAFEF715FE049890F94400E9
S3150000BA10013028B9FFE70499002081F84400FFE7C8
S3150000BA20049890F94500013028B9FFE704990020F1
S3150000BA3081F84500FFE7FEF729FE05A808A900F0F2
S3150000BA405BF8A8BBFFE70498FDF7FAFF48B3FFE7EA
S3150000BA500498006850B9FFE7FEF7ECFD049880688B
S3150000BA6000F0F2FB0390FEF711FE00E0FFE70498FA
S3150000BA7024300899FEF790FF0498FEF7BFFA00F00D
S3150000BA8057FD60B9FFE74EF60451CEF200014FF0C4
S3150000BA9080500860BFF34F8FBFF36F8F00E0FFE762
S3150000BAA005E00498FEF7AAFA00F042FDFFE71FE062
S3150000BAB00498FEF7A3FA00F03BFD0498FDF7C0FFDB
S3150000BAC0A0B1FFE7039870B1FFE7FEF7B3FD049856
S3150000BAD0FDF74AFD0190049880680199FEF7BCFFC6
S3150000BAE0FEF7D4FDFFE700200A9002E0FFE7FFE73C
S3150000BAF03DE70A980EB080BD80B588B005900491E8
S3150000BB00059858B9FFE74FF0500080F31188BFF34E
S3150000BB106F8FBFF34F8F0790FFE7FEE7049858B982
S3150000BB20FFE74FF0500080F31188BFF36F8FBFF32C
S3150000BB304F8F0690FFE7FEE7FEF77CFD4CF6E4200C
S3150000BB40C1F6FF7000680290029805994968401A8C
S3150000BB50019004980068013018B9FFE700200390AF
S3150000BB602EE04CF64C20C1F6FF7000680599096876
S3150000BB7088420CD0FFE7029805994968884206D3A7
S3150000BB80FFE70120039004990020086017E0019860
S3150000BB900499096888420BD2FFE7019A049908685C
S3150000BBA0801A08600598FEF7DDFE0020039005E088
S3150000BBB004990020086001200390FFE7FFE7FFE7F4
S3150000BBC0FEF764FD039808B080BD000070B58CB028
S3150000BBD0DDF844C0DDF840C00B900A91ADF8262090
S3150000BBE00893BDF826008000FEF76EFA05900598CA
S3150000BBF0A0B1FFE76420FEF767FA0790079840B107
S3150000BC00FFE707986421F4F787FC0598079908630E
S3150000BC1003E00598FEF760FDFFE702E000200790CD
S3150000BC20FFE70798F0B1FFE70798002680F8616004
S3150000BC300B980A99BDF82620089BDDF840C0119C98
S3150000BC40079DEE46CEF80C60CEF80850CEF80440BC
S3150000BC50CEF800C0FDF76EFD0798FDF7A3FA0120A8
S3150000BC60069003E04FF0FF300690FFE706980CB011
S3150000BC7070BD0000B0B58EB0DDF850C0DDF84CC028
S3150000BC80DDF848C00A90099108920793139858B9AD
S3150000BC90FFE74FF0500080F31188BFF36F8FBFF3BB
S3150000BCA04F8F0D90FFE7FEE7149858B9FFE74FF066
S3150000BCB0500080F31188BFF36F8FBFF34F8F0C9046
S3150000BCC0FFE7FEE764200490049864280BD0FFE7A2
S3150000BCD04FF0500080F31188BFF36F8FBFF34F8F83
S3150000BCE00B90FFE7FEE70498149840B3FFE713981C
S3150000BCF028B3FFE71498069006986421F4F70CFC25
S3150000BD001398069908630699022081F861000A983B
S3150000BD100999089A079BDDF848C0069CEE4600255F
S3150000BD20CEF80C50CEF8084005ACCEF80440CEF85C
S3150000BD3000C0FDF7FFFC0698FDF734FA02E000208C
S3150000BD400590FFE705980EB0B0BD000080B58AB03B
S3150000BD500690059100200290069858B9FFE74FF02B
S3150000BD60500080F31188BFF36F8FBFF34F8F099098
S3150000BD70FFE7FEE7059858B9FFE74FF0500080F35C
S3150000BD801188BFF36F8FBFF34F8F0890FFE7FEE771
S3150000BD904CF21830C1F6FF70006858B1FFE74FF05B
S3150000BDA0500080F31188BFF36F8FBFF34F8F07905A
S3150000BDB0FFE7FEE7FFF7CAF84CF6E420C1F6FF708E
S3150000BDC00068019006980068059908440490019857
S3150000BDD006990968884210D2FFE70498069909680F
S3150000BDE0884208D2FFE704980199884203D9FFE701
S3150000BDF00120029000E0FFE70FE004980699096829
S3150000BE00884205D3FFE704980199884203D9FFE7E2
S3150000BE100120029000E0FFE7FFE70498069908601A
S3150000BE20029838B1FFE704980199401A0021FDF7FE
S3150000BE302BF900E0FFE700F07BFB0390039860B965
S3150000BE40FFE74EF60451CEF200014FF08050086035
S3150000BE50BFF34F8FBFF36F8F00E0FFE702980AB082
S3150000BE6080BD000081B04CF6B020C1F6FF700068BE
S3150000BE7018B9FFE7012000900DE04CF21830C1F62A
S3150000BE80FF70006818B9FFE70220009002E000206A
S3150000BE900090FFE7FFE7009801B0704781B04CF6CD
S3150000BEA0E420C1F6FF7000680090009801B070476A
S3150000BEB080B58AB0002006904CF21830C1F6FF70AB
S3150000BEC00068002840F01981FFE74CF6E421C1F62E
S3150000BED0FF7108680130059005980860059858BB01
S3150000BEE0FFE748F25860C1F6FF700068006858B175
S3150000BEF0FFE74FF0500080F31188BFF36F8FBFF359
S3150000BF004F8F0990FFE7FEE748F25862C1F6FF72CD
S3150000BF101068049048F26061C1F6FF71086810600D
S3150000BF20049808604CF64C21C1F6FF710868013090
S3150000BF300860FDF78DFF00E0FFE705984CF6482105
S3150000BF40C1F6FF7109688842C0F0B680FFE7FFE7D7
S3150000BF5048F25860C1F6FF700068006840B9FFE714
S3150000BF604CF64821C1F6FF714FF0FF300860A2E0A1
S3150000BF7048F25860C1F6FF700068C068C068089053
S3150000BF8008984068079005980799884207D2FFE706
S3150000BF9007984CF64821C1F6FF7108608BE0FFE771
S3150000BFA008984069039008988168C0688860089975
S3150000BFB08868C968486003984068089904318842CF
S3150000BFC005D1FFE70898C06803994860FFE708991C
S3150000BFD00020486103990868013808600898806A5B
S3150000BFE0F8B1FFE70898806A02900898C169006A6C
S3150000BFF088600899C869096A486002984068089983
S3150000C0001831884205D1FFE70898006A029948600E
S3150000C010FFE70899002088620299086801380860DD
S3150000C02000E0FFE70898C16A012000FA01F24CF22D
S3150000C0302031C1F6FF710868104308600898C06A8D
S3150000C04000EB800048F26861C1F6FF7101EB8000E9
S3150000C050406801900198089A906001988068089A53
S3150000C060D06008980430019A9268506008980430AD
S3150000C070019A9060089AD06A00EB800001EB80007C
S3150000C08050610898C06A00EB800251F82200013026
S3150000C09041F822000898C06A48F25061C1F6FF7163
S3150000C0A00968C96A884203D9FFE70120069000E0C3
S3150000C0B0FFE7FFE74CE7FFE748F25060C1F6FF7085
S3150000C0C00068C06A00EB800148F26860C1F6FF7044
S3150000C0D050F82100022803D3FFE70120069000E074
S3150000C0E0FFE74CF6F020C1F6FF70006818B1FFE7D5
S3150000C0F00120069000E0FFE707E04CF65821C1F664
S3150000C100FF71086801300860FFE706980AB080BD35
S3150000C11080B586B0039003980290002001900398A2
S3150000C120002800F08D80FFE7029848F25061C1F6C2
S3150000C130FF71096888420BD0FFE74FF0500080F38B
S3150000C1401188BFF36F8FBFF34F8F0590FFE7FEE7B0
S3150000C1500298406D58B9FFE74FF0500080F3118800
S3150000C160BFF36F8FBFF34F8F0490FFE7FEE702998F
S3150000C170486D013848650299C86A096D88425DD0E4
S3150000C180FFE70298406D002856D1FFE70298043079
S3150000C190FEF77CF968B9FFE70298C16A012000FA48
S3150000C1A001F24CF22031C1F6FF7108689043086035
S3150000C1B000E0FFE70299086DC8620299C86AC0F1FB
S3150000C1C0070088610298C16A012000FA01F34CF267
S3150000C1D02032C1F6FF721168194311600299C96ACB
S3150000C1E001EB810148F26862C1F6FF7202EB810140
S3150000C1F0496800910099029B996000998968029BA1
S3150000C200D96002990431009B9B68596002990431F8
S3150000C210009B9960029BD96A01EB810102EB8101C7
S3150000C22059610299C96A01EB810352F82310013161
S3150000C23042F82310019000E0FFE700E0FFE700E08E
S3150000C240FFE7019806B080BD80B584B003900398DF
S3150000C2500290002001900398002800F09F80FFE7DD
S3150000C2600298C06A48F25061C1F6FF710968C96A4E
S3150000C270884280F08280FFE70298C07E0006002890
S3150000C2800BD4FFE748F25060C1F6FF700068C06A41
S3150000C290C0F107000299886100E0FFE7029948694A
S3150000C2A0C96A01EB810248F26861C1F6FF7101EBD0
S3150000C2B08201884255D1FFE702980430FEF7E6F87E
S3150000C2C068B9FFE70298C16A012000FA01F24CF250
S3150000C2D02031C1F6FF7108689043086000E0FFE76F
S3150000C2E048F25060C1F6FF700068C06A0299C862E1
S3150000C2F00298C16A012000FA01F24CF22031C1F61F
S3150000C300FF710868104308600298C06A00EB80005D
S3150000C31048F26861C1F6FF7101EB80004068009049
S3150000C3200098029A906000988068029AD0600298FD
S3150000C3300430009A9268506002980430009A906027
S3150000C340029AD06A00EB800001EB800050610298EF
S3150000C350C06A00EB800251F82200013041F8220049
S3150000C36008E048F25060C1F6FF700068C06A0299A2
S3150000C370C862FFE7012001900FE00298006D48F2C5
S3150000C3805061C1F6FF710968C96A884203D2FFE7A6
S3150000C3900120019000E0FFE7FFE700E0FFE70198DA
S3150000C3A004B080BD88B006900698C068C068059045
S3150000C3B0059858B9FFE74FF0500080F31188BFF396
S3150000C3C06F8FBFF34F8F0790FFE7FEE70598806AF0
S3150000C3D003900598C169006A88600599C869096A69
S3150000C3E048600398406805991831884205D1FFE7EF
S3150000C3F00598006A03994860FFE70599002088625E
S3150000C40003990868013808604CF21830C1F6FF70CD
S3150000C4100068002857D1FFE7059840690290059803
S3150000C4208168C068886005998868C968486002980C
S3150000C430406805990431884205D1FFE70598C06830
S3150000C44002994860FFE7059900204861029908684B
S3150000C450013808600598C16A012000FA01F24CF221
S3150000C4602031C1F6FF710868104308600598C06A5C
S3150000C47000EB800048F26861C1F6FF7101EB8000B5
S3150000C480406801900198059A906001988068059A25
S3150000C490D06005980430019A92685060059804307F
S3150000C4A0019A9060059AD06A00EB800001EB80004B
S3150000C4B050610598C06A00EB800251F822000130F5
S3150000C4C041F822001BE04CF65C21C1F6FF7148687A
S3150000C4D000900098059AD06100988068059A1062CD
S3150000C4E005981830009A9268506005981830009A9E
S3150000C4F0906005988162086801300860FFE705983A
S3150000C500C06A48F25061C1F6FF710968C96A88427B
S3150000C51008D9FFE7012004904CF6F021C1F6FF711F
S3150000C520086002E000200490FFE7049808B0704716
S3150000C53080B588B00020069005904CF21830C1F600
S3150000C540FF70006858B9FFE74FF0500080F311887C
S3150000C550BFF36F8FBFF34F8F0790FFE7FEE7FEF73E
S3150000C56069F84CF21830C1F6FF70016801390160B4
S3150000C5700068002840F0E780FFE74CF21030C1F673
S3150000C580FF700068002800F0DD80FFE7FFE74CF64B
S3150000C5905C20C1F6FF700068002800F09080FFE77D
S3150000C5A04CF65C20C1F6FF70C068C068069006981D
S3150000C5B0806A04900698C169006A88600699C8690D
S3150000C5C0096A48600498406806991831884205D17E
S3150000C5D0FFE70698006A04994860FFE7069900207D
S3150000C5E088620499086801380860069840690390D3
S3150000C5F006988168C068886006998868C968486036
S3150000C6000398406806990431884205D1FFE70698E9
S3150000C610C06803994860FFE70699002048610399BE
S3150000C6200868013808600698C16A012000FA01F21C
S3150000C6304CF22031C1F6FF71086810430860069875
S3150000C640C06A00EB800048F26861C1F6FF7101EB39
S3150000C6508000406802900298069A9060029880686E
S3150000C660069AD06006980430029A9268506006983E
S3150000C6700430029A9060069AD06A00EB800001EBC3
S3150000C680800050610698C06A00EB800251F82200D3
S3150000C690013041F822000698C06A48F25061C1F69E
S3150000C6A0FF710968C96A884207D3FFE74CF6F02193
S3150000C6B0C1F6FF710120086000E0FFE767E7069812
S3150000C6C018B1FFE7FDF7C4FBFFE74CF65820C1F6AB
S3150000C6D0FF70006801900198E0B1FFE7FFE7FFF700
S3150000C6E0E7FB38B1FFE74CF6F021C1F6FF710120F8
S3150000C6F0086000E0FFE7019801380190FFE7019824
S3150000C7000028ECD1FFE74CF65821C1F6FF71002056
S3150000C710086000E0FFE74CF6F020C1F6FF70006805
S3150000C72070B1FFE7012005904EF60451CEF20001EC
S3150000C7304FF080500860BFF34F8FBFF36F8F00E05C
S3150000C740FFE7FFE700E0FFE7FDF7A0FF059808B069
S3150000C75080BD000080B58AB000200890FCF7CCFDB3
S3150000C7604CF6E820C1F6FF70006858B3FFE70020DA
S3150000C77004900790069007A806A905AAFDF7C6FE2D
S3150000C780049B059A0698DDF81CC06946C1F808C0E6
S3150000C79048600620086049F6DD70C0F200004CF6DD
S3150000C7A00A21C0F20001FFF765FA01464CF6EC20BB
S3150000C7B0C1F6FF700160006818B1FFE7012008901C
S3150000C7C0FFE700E0FFE7089858B9FFE74FF0500091
S3150000C7D080F31188BFF36F8FBFF34F8F0990FFE788
S3150000C7E0FEE708980AB080BDF1EE100A4FF6FF7119
S3150000C7F0C0F2C03120EA010040F04070E1EE100ABC
S3150000C80070470000AD7E000005A400000100800016
S3150000C810080402010100002001000080030000025C
S3150000C82003000004426561745461736B48616E6471
S3150000C8306C6572002E2F2E2E2F44726976657273E8
S3150000C8402F48433332463436305F44726976657218
S3150000C8502F736F757263652F686333325F6C6C5F1D
S3150000C860636C6B2E63002E2F2E2E2F447269766515
S3150000C87072732F48433332463436305F44726976DA
S3150000C88065722F736F757263652F686333325F6CE1
S3150000C8906C5F65666D2E63002E2F2E2E2F447269F7
S3150000C8A0766572732F48433332463436305F4472AE
S3150000C8B0697665722F736F757263652F686333329D
S3150000C8C05F6C6C5F6663672E63002E2F2E2E2F44DF
S3150000C8D07269766572732F48433332463436305F59
S3150000C8E04472697665722F736F757263652F68631C
S3150000C8F033325F6C6C5F66636D2E63002E2F2E2EB7
S3150000C9002F447269766572732F4843333246343644
S3150000C910305F4472697665722F736F757263652F27
S3150000C920686333325F6C6C5F6770696F2E63002ECD
S3150000C9302F2E2E2F447269766572732F4843333239
S3150000C940463436305F4472697665722F736F75723E
S3150000C95063652F686333325F6C6C5F696E746572F2
S3150000C96072757074732E63002E2F2E2E2F447269EB
S3150000C970766572732F48433332463436305F4472DD
S3150000C980697665722F736F757263652F68633332CC
S3150000C9905F6C6C5F7077632E63002E2F2E2E2F44F4
S3150000C9A07269766572732F48433332463436305F88
S3150000C9B04472697665722F736F757263652F68634B
S3150000C9C033325F6C6C5F746D72302E63002E2F2EC7
S3150000C9D02E2F447269766572732F4843333246347C
S3150000C9E036305F4472697665722F736F7572636550
S3150000C9F02F686333325F6C6C5F746D72612E6300F7
S3150000CA0049444C4500546D725100546D7220537662
S3150000CA1063005461736B31004170705461736B43F2
S3150000CA2072656174650000000600000050CA0000CF
S3150000CA300080FF1F70000000BC020000C0CA00009A
S3150000CA407080FF1F888A0000D802000000000000E6
S3150000CA50658C0000158C00005D8C0000DD8C0000EC
S3150000CA60F98C0000C58C0000D18C0000058E0000FA
S3150000CA70E98D0000CD8D0000D98C0000AD8D000041
S3150000CA80BD8D0000858D0000998D0000718D000020
S3150000CA90398C0000BD8C00004D8D0000098D000012
S3150000CAA05D8D00000D8D0000C18C0000C98C00005A
S3150000CAB02D8D0000FFFF000000000000AAAAAAAA10
S7050000028177
