:020000040000FA
:10000000881900203D0300007503000077030000FD
:10001000790300007B0300007D0300000000000066
:10002000000000000000000000000000C1560000B9
:10003000810300000000000011560000E956000096
:100040000130000015300000293000003D30000074
:100050005130000065300000793000008D30000024
:10006000A1300000B5300000C9300000DD300000D4
:10007000F130000005310000193100002D31000081
:100080004131000055310000693100007D31000030
:1000900091310000A5310000B9310000CD310000E0
:1000A000E1310000F5310000093200001D3200008E
:1000B0003132000045320000593200006D3200003C
:1000C0008132000099320000B1320000C9320000D4
:1000D000E1320000F9320000113300002933000042
:1000E00041330000593300007133000089330000B0
:1000F000A1330000B9330000D1330000E933000020
:10010000013400001934000031340000493400008B
:10011000613400007934000091340000A9340000FB
:10012000C1340000D9340000F1340000093500006A
:1001300021350000393500005135000069350000D7
:100140008135000099350000B1350000C935000047
:10015000E1350000F93500001136000029360000B5
:100160004136000059360000713600008936000023
:10017000A1360000B9360000D1360000E936000093
:1001800001370000193700003137000049370000FF
:10019000613700007937000091370000A93700006F
:1001A000C1370000D9370000F137000009380000DE
:1001B000213800003938000051380000693800004B
:1001C0008138000099380000B1380000C9380000BB
:1001D000E1380000F9380000113900002939000029
:1001E0004139000059390000713900008939000097
:1001F000A1390000B9390000D1390000E939000007
:10020000013A0000193A0000313A0000493A000072
:10021000613A0000793A0000913A0000A93A0000E2
:10022000C13A0000D93A0000F13A0000093B000051
:10023000213B0000393B0000513B0000693B0000BE
:10024000813B00009D3C0000C54000009D41000036
:10025000ED430000870300008703000087030000D0
:100260002145000025480000E54A0000514D0000EE
:10027000914E000045500000595200009553000077
:1002800000F002F800F04BF80AA090E8000C82445D
:100290008344AAF10107DA4501D100F040F8AFF23A
:1002A000090EBAE80F0013F0010F18BFFB1A43F054
:1002B00001031847C0E30000E0E30000103A24BF48
:1002C00078C878C1FAD8520724BF30C830C144BFBB
:1002D00004680C60704700000023002400250026FD
:1002E000103A28BF78C1FBD8520728BF30C148BF99
:1002F0000B607047752900F08B81632900F08F83B4
:10030000002070471FB50DF02EFF9DE8030000F0A0
:10031000EDFA1FBD10B5002000F03EFC10BD00F04E
:1003200080FC1146FFF7EEFF09F0B6FF00F09EFCDF
:1003300003B4FFF7EFFF03BC00F0B8FA15484FF025
:100340001F01016014484FF07701016013484FF01E
:100350007701016012484FF4885101600E484FF058
:10036000760101600D484FF0760101600D4880472D
:100370000D480047FEE7FEE7FEE7FEE7FEE7FEE783
:10038000FEE7FEE7FEE7FEE708480949094A0A4B8F
:100390007047000010080540040805400C0805409F
:1003A00000080540B95700008102000088D9FF1FEE
:1003B0008819002088F9FF1F88F9FF1F10B5002059
:1003C00000F050FBFFF7A6FFBDE81040012000F051
:1003D0006DBA0B460146184600F02DBB02F0FF0334
:1003E00043EA032242EA024200F0D7B902F0FF03D7
:1003F00043EA032242EA024200F0F1B97047704733
:10040000BFFFDFFFFFFEFFFFFFFFFFFFFFFFFFFF5D
:10041000FFFFFFFFFFFFFFFFFFFFFFFFFFFFFFFFEC
:1004200070B5064600F048FA056806F10B0020F0AA
:100430000704B4429CBF002070BD2B466A68BAB165
:100440001068A04210D304F1080188423CBF5068F4
:10045000586007D35168101941601168091B016089
:1004600058601460101D70BD13465268002AE7D111
:100470002146284600F026FA0028DED170BD70B56E
:100480000446051F00F018FA0068002C14BF4468E9
:1004900070BD002C18BFAC423CBF20466468F8D346
:1004A00001680A18AA4218BF456003D12A680546A8
:1004B0001144016028684119A1421CBF6C6070BDE5
:1004C0006168696021680844286070BD53EA020CC5
:1004D00000F069802DE9F04B4FF00006002B1FBFA4
:1004E000B3FA83F503FA05F424FA05F65E4012BF69
:1004F0001643B2FA82F502FA05F4C5F120051EBFD3
:1005000022FA05FC44EA0C04203556EA044C4FEA72
:10051000144418BF641C4FF000084FF000099042CB
:1005200071EB030C39D3002919BFB1FA81F701FA35
:1005300007F6B0FA80F700FA07F6C7F120071EBFEA
:1005400020FA07FC46EA0C062037B6FBF4FCA7EBC2
:100550000507103F07F01F0BCBF120062CFA06F61B
:100560000CFA0BFB44BFB3460026202FA4BF5E4607
:100570004FF0000B5BEA060C08BF4FF0010B19EBC4
:100580000B0948EB0608ABFB027C06FB02CC0BFB1D
:1005900003CCC01B71EB0C01C1E70B460246414680
:1005A0004846BDE8F08B13B5084318BF4FF0FF3045
:1005B0000146AFF30080BDE81C40704770B50C46A3
:1005C0000546012A05D02878800600D5EA6900236F
:1005D00002E0012305E05B1C934202D2E05C0028AC
:1005E000F9D1A869E618C01AA861286A18442862D7
:1005F0002846AFF3008004E0D5E9012114F8010B8F
:100600009047B442F8D32846AFF3008070BD000095
:100610002DE9F0410646002410687529314616A5DB
:1006200010D0AFF30080002802DA404213A507E0A3
:1006300031688A0701D512A502E0490704D511A542
:10064000012401E0AFF3008000210A2206F1240713
:1006500009E0B0FBF2FCB0FBF2F302FB1C0030300F
:1006600078541846491C0028F3D123462A463046C0
:10067000BDE8F04100F070B9000000002D0000005E
:100680002B00000020000000032A40F2308010F010
:10069000030C00F0158011F8013BBCF1020F62441D
:1006A00098BF11F801CB00F8013B38BF11F8013BAE
:1006B000A2F1040298BF00F801CB38BF00F8013B5B
:1006C00011F0030300F0D581083AC0F0088051F81A
:1006D000043B083A51F804CBA0E80810F5E7121DD6
:1006E0005CBF51F8043B40F8043BAFF30080D207F5
:1006F00024BF11F8013B11F801CB48BF11F8012BC1
:1007000024BF00F8013B00F801CB48BF00F8012BE3
:100710007047431A28BF9A427FF6B6AF104411447F
:10072000032A40F2268010F0030F1EBF11F8013D8E
:10073000521E00F8013D10F0030F7FF4F6AF11F0E8
:10074000030300F0DB81083AC0F00B8051F8043D50
:10075000083A51F804CD40F8043D40F804CDFFF7C5
:10076000F3BF121D5CBF51F8043D40F8043DAFF3E8
:100770000080D20724BF11F8013D11F801CD48BF18
:1007800011F8012C24BF00F8013D00F801CD48BF4D
:1007900000F8012C70474FF000020429C0F01280CD
:1007A00010F0030C00F01B80CCF1040CBCF1020F24
:1007B00018BF00F8012BA8BF20F8022BA1EB0C01F9
:1007C00000F00DB85FEAC17C24BF00F8012B00F8EF
:1007D000012B48BF00F8012B70474FF0000200B515
:1007E000134694469646203922BFA0E80C50A0E854
:1007F0000C50B1F12001BFF4F7AF090728BFA0E802
:100800000C5048BF0CC05DF804EB890028BF40F8CD
:10081000042B08BF704748BF20F8022B11F0804F0F
:1008200018BF00F8012B704730B44FF0013C50F86E
:10083000042B51F8043BCCFA52F4D51A20D1FCB960
:1008400050F8042B51F8043BCCFA52F4D51A17D1C6
:10085000B4B950F8042B51F8043BCCFA52F4D51A31
:100860000ED16CB950F8042B51F8043BCCFA52F479
:10087000D51A05D1002CDAD030BC4FF000007047FB
:1008800029BAB1FA81F111F01801D1F120008440A8
:10089000F2D1CA40CB4012F0FF0213F0FF0330BC8C
:1008A000D01A704770477047704700000149182000
:1008B000ABBEFEE726000200004870475880FF1FCD
:1008C0007047704738B504460A4600206946AFF3C2
:1008D0000080002808BF38BD02460099204600F07D
:1008E00041F9012038BD012000F094B9F8B5AFF30B
:1008F0000080054600200C46102000BF0646A819BF
:10090000A0420DD9324669460020AFF300800700AF
:1009100008BF00F07FF90098A04218BF0546C4192F
:10092000FFF7CAFF05600746F01D20F007004619D3
:10093000284600F00AF8B44208BFF8BDA21B3146B1
:100940003868BDE8F84000F00DB900210160C0E949
:1009500001107047102070472DE9F0470D46994669
:100960009246044600F124080168880604D5E0692F
:1009700021F01001216000E00120A84201DD471BA9
:1009800000E00027A1697A1902EB0900081AA061AA
:100990002078C00602D42046AFF30080002608E08D
:1009A000D4E901211AF806009047206A401C761C01
:1009B00020624E45F4DB2078C0060AD52046AFF30E
:1009C000008006E0D4E9012130209047206A401CD5
:1009D0002062381EA7F10107F4DC07E0D4E9012109
:1009E00018F805009047206A401C2062281EA5F1D7
:1009F0000105F3DC2046AFF300802078000602D525
:100A00000220BDE8F0870120FBE710B5436913B170
:100A1000AFF3008001E0FFF7D1FD012010BD127897
:100A200000F124010A7000224A700122EDE71168EA
:100A30004FF0FF32E9E72DE9F041074615460E4633
:100A40001020FFF7EDFC04000AD06760C4E90265DE
:100A500000F084F80168216004600020BDE8F081A6
:100A60000120FBE710B500F0BDF8BDE8104000F034
:100A7000B4B810B5203AC0F00B80B1E81850A0E827
:100A80001850B1E81850A0E81850203ABFF4F5AF5C
:100A90005FEA027C24BFB1E81850A0E8185044BFB8
:100AA00018C918C0BDE810405FEA827C24BF51F825
:100AB000043B40F8043B08BF7047D20728BF31F819
:100AC000023B48BF11F8012B28BF20F8023B48BF6A
:100AD00000F8012B7047431A28BF9A427FF6C9AF2E
:100AE0001044114410F0030F1EBF11F8013D521EB7
:100AF00000F8013D10F0030F7FF4F6AF103AC0F09C
:100B00000A8010B531E9185020E91850103ABFF4A6
:100B1000F9AFBDE81040530724BF31E9081020E9C0
:100B2000081044BF51F8043D40F8043D12F0030F93
:100B300008BF7047D20728BF31F8023D48BF11F8FF
:100B4000012C28BF20F8023D48BF00F8012C704757
:100B5000004870475080FF1F7047000000487047F2
:100B60008880FF1F034640688C46002818BF8842D3
:100B70003CBF03464068F8D318681844884207D041
:100B80000CF1030020F00700001D411A521A014623
:100B9000081D0A60FFF773BC2DE9F0410646FFF718
:100BA000DDFF8046454613E016B1E068B0420ED145
:100BB00020682860D4E90101D8F8007088472046F1
:100BC000FFF75DFCD8F80000B842EBD100E0254605
:100BD0002C68002CE8D1BDE8F081002801D0FFF797
:100BE00065BE704710B5002102A000F048F8012052
:100BF00010BD0000534947414252543A2041626EB1
:100C00006F726D616C207465726D696E6174696F6D
:100C10006E00000010B500F04BF8BDE81040FFF783
:100C2000DCBF7546FFF794FFAE46050069465346A4
:100C300020F00700854618B020B5FFF7A5FBBDE8FA
:100C400020404FF000064FF000074FF000084FF033
:100C5000000BAC46ACE8C009ACE8C009ACE8C00980
:100C6000ACE8C00921F007018D46704710B5044675
:100C7000AFF300802046BDE81040FFF759BB70B5C8
:100C800005460C460A2000E06D1C00F039F835B12D
:100C900028780028F8D102E0641C00F031F814B183
:100CA00020780028F8D1BDE870400A2000F028B86C
:100CB00010B5012805D0002103A0FFF7E0FF0120B7
:100CC00010BD09A1F8E7000053494752544D454D66
:100CD0003A204F7574206F662068656170206D65DD
:100CE0006D6F7279000000003A2048656170206DD8
:100CF000656D6F727920636F7272757074656400D0
:100D000008B569468DF800000320ABBE08BD0000A1
:100D100070470000704700007047000070470000F7
:100D200070470000704700007047000070470000E7
:100D3000B0B504464FF2FC70CBF6FE702044682834
:100D40000D4607D814F0030004D1206865F30800AD
:100D50002060B0BD4EF24C40C0F200008F2100F088
:100D60004FFD206865F308002060B0BD10B545F266
:100D70000044C4F201042046402105F05BF801283C
:100D800018BF10BD2046402105F006F8EFF311848E
:100D90004FF0500080F31188BFF36F8FBFF34F8F78
:100DA000012008F069FD84F3118810BDF0B585B00D
:100DB000052003210122052601F0F6FA03AC2046A6
:100DC00000F0ECFC01AD284600F0A4FA47F2777081
:100DD00042F21021C0F27770C0F2110100F0A8FABF
:100DE0004FF440500027ADF80C0020468DF80E70EF
:100DF0008DF8106000F0F2FB43F20010C1F2101009
:100E0000029028468DF8047000F052F9202000F07E
:100E100031F80128FAD1502001F07CF94FF440401C
:100E200001F008FF04F0CAFB052000F079FB012067
:100E300001F048F9002001F045F9012001F020F906
:100E400005B0F0BD80B549F2D400C1F6FF7001686D
:100E500041F40061016000BF0120022101F090FD1A
:100E60000028F9D00220BDE8804001F0F5B900006B
:100E70007047000010B5044610B114F0960007D07A
:100E80004EF27C40C0F2000040F28B5100F0B8FC02
:100E900044F23C00C4F205000078204018BF012055
:100EA00010BD0000B0B50446022807D34EF27C40C6
:100EB000C0F2000040F2D92100F0A2FC44F2260565
:100EC000C4F20505B5F8D803C00707D14EF27C403F
:100ED000C0F2000040F2DA2100F092FC14B10020D0
:100EE0000DE000BF287800F00700022806D16FF05F
:100EF0000504A02000F0B4FC2046B0BD012044F25F
:100F00002741C4F2050100240870A02000F0A8FCCD
:100F10002046B0BDB0B584B00446022807D34EF2D7
:100F20007C40C0F2000040F2E54100F069FC44F270
:100F30003C05C4F20505B5F8C203C00707D14EF25F
:100F40007C40C0F2000040F2E64100F059FC9CB346
:100F5000D5F8C400000639D4002001900198B0F5FE
:100F6000805F61D8287800076AD401980130019029
:100F70000198B0F5805F57D82878000760D40198B1
:100F8000013001900198B0F5805F4DD828780007B6
:100F900056D40198013001900198B0F5805F43D894
:100FA000287800074CD40198013001900198B0F5E1
:100FB000805FD7D938E000BF15F8160C00F00700A5
:100FC000052837D16FF0050004B0B0BD00200290B5
:100FD0000298B0F5805F27D82878C00730D10298F2
:100FE000013002900298B0F5805F1DD82878C007C4
:100FF00026D10298013002900298B0F5805F13D894
:101000002878C0071CD10298013002900298B0F5F0
:10101000805F09D82878C00712D102980130029069
:101020000298B0F5805FD7D96FF0070058B104B0CF
:10103000B0BD00BF012005F8120C002004B0B0BD07
:1010400000200028F3D1002005F8120C039003982B
:10105000B0F5805F27D828788006EED40398013059
:1010600003900398B0F5805F1DD828788006E4D4FB
:101070000398013003900398B0F5805F13D8287867
:101080008006DAD40398013003900398B0F5805FAE
:1010900009D828788006D0D40398013003900398AB
:1010A000B0F5805FD7D96FF0070004B0B0BD000085
:1010B0002DE9F041002800F001810446007900F09C
:1010C0001800182807D14EF27C40C0F2000040F210
:1010D000B94100F095FB254635F8050FA97840EA9F
:1010E000014001466FF35F211339B1F5E67F0BD95B
:1010F0004EF27C40C0F2000040F2BA4100F080FBAA
:10110000A878298841EA00400021B1EB105F0BD19B
:101110004EF27C40C0F2000040F2BB4100F070FB98
:10112000A878298841EA004094F9041049F2D802CD
:10113000C1F6FF72B1F1FF3F01F01F01126801F12A
:101140000101C4BF41F20022C0F27A02B2FBF1F108
:1011500043F20163A1F574226FF35F20A2F51072D0
:10116000C0F26E1301309A4201FB00F607D34EF233
:101170007C40C0F200004FF4986100F041FB4EF259
:101180000040CFF2B11041F601413044C0F64E614B
:10119000884207D34EF27C40C0F2000040F2C141C9
:1011A00000F02EFBA8780122010402EB115141F658
:1011B0004068B6FBF1F1CFF61B784EF24107C0F65E
:1011C00006374144B9427DD2298841EA004010F4F3
:1011D000702F00F0878010F4704F0BD14EF27C40DE
:1011E000C0F2000040F2C44100F00AFBA878298850
:1011F00041EA0040C0F303310131B6FBF1F1414453
:10120000B9420BD34EF27C40C0F2000040F2C5411F
:1012100000F0F6FAA878298841EA0040C0F30340BC
:101220000130B6FBF0F04044B84207D34EF27C40A8
:10123000C0F2000040F2C64100F0E2FA2078022835
:1012400007D34EF27C40C0F200004FF4996100F0E9
:10125000D7FA44F20015C4F20505B5F8FE02C0073E
:1012600007D14EF27C40C0F2000040F2C94100F0CC
:10127000C7FA28682179C90961F3C7102860606836
:101280002860207800283FD0B5F8FE02C00707D1BB
:101290004EF27C40C0F2000040F2E64100F0B0FAAD
:1012A00015F8DA0C00F0070005280FBF6FF00500F5
:1012B000012005F8D60C0020BDE8F0816FF0020097
:1012C000BDE8F0814EF27C40C0F2000040F2C24125
:1012D00000F096FAA878298841EA004010F4702FAF
:1012E0007FF479AF4EF27C40C0F2000040F2C3417F
:1012F00000F086FAA878298841EA004010F4704F7F
:101300007FF478AF6AE700BF0120BDE8F041FFF746
:1013100001BE0000002804BF6FF00200704741F2D8
:101320000031C1F2101141600121017000207047AD
:10133000F0B585B048F20006C4F2040632680C46E7
:101340000492726805460392B1680291F06804F055
:10135000E061B1F1E06F01906AD004F07000702894
:1013600072D004F4E020B0F5E02F7BD004F4E0006C
:10137000B0F5E00F00F0848004F00700072800F0CB
:101380008C8004F4E060B0F5E06F00F0948004F429
:10139000E040B0F5E04F00F09C8047F27770C0F27B
:1013A0007770054200F0A48044F2FE30C4F20500DC
:1013B0000088C00707D14EF27C40C0F2000040F226
:1013C000A92100F01DFA44F22007C4F20507B879FC
:1013D00000F00700052840F095803069C00707D16C
:1013E0004EF27C40C0F200004FF42C7100F008FA7D
:1013F0004FF6EE20CFF6FF7030604FF0FF30706098
:10140000B060F0601E2000F02BFA386804EA050195
:10141000A843084438601E2000F022FA0498306087
:10142000039870600298B0600198F06070E000BFAF
:101430004EF27C40C0F2000040F2A12100F0E0F941
:1014400004F0700070288CD14EF27C40C0F2000095
:1014500040F2A22100F0D4F904F4E020B0F5E02F2E
:101460007FF484AF4EF27C40C0F2000040F2A32132
:1014700000F0C6F904F4E000B0F5E00F7FF47CAFB3
:101480004EF27C40C0F200004FF4297100F0B8F930
:1014900004F0070007287FF474AF4EF27C40C0F2DE
:1014A000000040F2A52100F0ABF904F4E060B0F5D3
:1014B000E06F7FF46CAF4EF27C40C0F2000040F26F
:1014C000A62100F09DF904F4E040B0F5E04F7FF470
:1014D00064AF4EF27C40C0F2000040F2A72100F061
:1014E0008FF947F27770C0F2777005427FF45CAFF6
:1014F0004EF27C40C0F200004FF42A7100F080F9F7
:1015000052E700BF386804EA0501A8430844386080
:101510001E2000F0A5F905B0BDE8F04004F0FCB8CD
:1015200070B584B048F20005C4F204052968044689
:1015300003916968062C0291A9680191E8680090FE
:1015400007D34EF27C40C0F2000040F2372100F099
:1015500057F944F22606C4F20506B6F8D803C007C8
:1015600007D14EF27C40C0F200004FF40E7100F043
:1015700047F93078052C05D000F00700052801D088
:10158000347023E02869C00707D14EF27C40C0F2D6
:1015900000004FF4107100F033F94FF6EE20CFF653
:1015A000FF7028604FF0FF306860A860E8601E2080
:1015B00000F056F91E20347000F052F903982860AC
:1015C000029868600198A8600098E8601E2000F00A
:1015D00047F904B0BDE8704004F09EB8B0B582B0E1
:1015E00000285FD004460078022807D34EF27C40E2
:1015F000C0F200004FF45F7100F002F96078010161
:1016000041EA1010C0B2042850D2A07840F0400047
:10161000402858D1E07840F08000802860D12079BF
:101620000138092807D34EF27C40C0F200004FF485
:10163000607100F0E5F844F23C05C4F20505B5F828
:10164000C203C00707D14EF27C40C0F2000040F256
:10165000813100F0D5F8207985F866006178E2786C
:10166000A378114344F210421943C4F205022078D2
:101670001170B5F8C213002801F001003ED038B94E
:101680004EF27C40C0F2000040F29D3100F0B8F80C
:1016900015F8160C00F0070003286DD16FF0050057
:1016A00002B0B0BD6FF0020002B0B0BD4EF27C409F
:1016B000C0F2000040F27D3100F0A2F8A07840F0C6
:1016C00040004028A6D04EF27C40C0F2000040F21C
:1016D0007E3100F095F8E07840F0800080289ED0C0
:1016E0004EF27C40C0F2000040F27F3100F088F8FA
:1016F00020790138092896D29DE700BF38B94EF20B
:101700007C40C0F2000040F29D3100F079F80020EA
:1017100005F80A0C01900198B0F5805F27D8287869
:10172000000735D40198013001900198B0F5805F31
:101730001DD8287800072BD401980130019001981A
:10174000B0F5805F13D82878000721D401980130C4
:1017500001900198B0F5805F09D82878000717D468
:101760000198013001900198B0F5805FD7D96FF0F2
:10177000070002B0B0BD00BFD5F8C400000604D415
:1017800015F8120C00283FF489AF012005F80A0C67
:10179000002002B0B0BD000070470000002804BF68
:1017A0006FF00200704701460120088000204FF4CE
:1017B000B0628870A1F803207047000010B544F2B1
:1017C0000044C4F2020420464FF4803104F082F851
:1017D000012818BF10BD20464FF4803104F04CF8AA
:1017E00048F23C50C1F6FF7001680131016010BD44
:1017F000704700007047000070470000704700000D
:10180000FEE7000083B0029049F2DC00C1F6FF70F1
:10181000006844F22001C4F205010968C1F30261C5
:10182000C84041F26F71084441F6F111C0F276519F
:10183000A0FB0101C8090090FFE70298411E029138
:1018400060B1FFE700980190FFE70198411E019108
:1018500010B1FFE7F9E700BFEFE700BF03B0704743
:1018600083B0029049F2DC00C1F6FF70006844F2D8
:101870002001C4F205010968C1F30261C84048F6BD
:101880007F51C0F25B01084449F68171C1F25E618B
:10189000A0FB0101C80C0090FFE70298411E0291D5
:1018A00060B1FFE700980190FFE70198411E0191A8
:1018B00010B1FFE7F9E700BFEFE700BF03B07047E3
:1018C000704700007047000070470000704700003C
:1018D000704700007047000070470000704700002C
:1018E000704700007047000070470000704700001C
:1018F000704700007047000070470000704700000C
:1019000070470000704700007047000070470000FB
:1019100070470000704700007047000070470000EB
:1019200070B5154643F20042044640F48060C4F2AC
:10193000050290420E4649D1042E51D2022D07D302
:101940004EF2AC40C0F2000040F27D11FFF758FFAC
:1019500048F24051C1F6FF71087800281CBF4FF0D3
:10196000FF3070BD01200870E36900FA06FC6FEAE1
:101970000C0E13EA0E0F18D0E069002E18BF10F0FD
:10198000010039D1E069012E18BF10F0020051D1D9
:10199000E069022E18BF10F004006BD1E069032E3D
:1019A00018BF10F0080040F08980E0690CF00F03C8
:1019B0000EEA000202F00F02012D08BF40EA030206
:1019C0000020E26100220A7070BD00BF4EF2AC4000
:1019D000C0F2000040F27B11FFF712FF042EADD3DE
:1019E0004EF2AC40C0F200004FF4BE71FFF708FFAA
:1019F000022DADD3A4E700BFA06CA36E1B0C0A2B75
:101A0000C0D8000C8342BDD2002344F6FD70E269C9
:101A1000D207B7D0E269D2071CBFE2695FEAC2729F
:101A2000B0D0834203F10303F1D96FF00700002225
:101A30000A7070BDD4F88800D4F8A820130C0A2BC3
:101A4000A6D8000C8342A3D2002344F6FD70E269BD
:101A500092079DD5E269920744BFE2695FEA82720C
:101A600096D5834203F10303F1D96FF007000022FA
:101A70000A7070BDD4F8C800D4F8E820130C0A2B03
:101A80003FF68CAF000C8342BFF488AF002344F6CE
:101A9000FD70E26952077FF581AFE269520744BFEA
:101AA000E2695FEA42727FF579AF834203F1030393
:101AB000EFD96FF0070000220A7070BDD4F808015A
:101AC000D4F82821130C0A2B3FF66FAF000C834289
:101AD000BFF46BAF002344F6FD70E26912077FF597
:101AE00064AFE269120744BFE2695FEA02727FF500
:101AF0005CAF834203F10303EFD96FF007000022CC
:101B00000A7070BDB0B543F20042044640F48060F4
:101B1000C4F2050290420D4602D155B90EE000BF55
:101B20004EF2AC40C0F200004FF4B271FFF768FE15
:101B300025B125F00F1008B9A561B0BD4EF2AC403B
:101B4000C0F2000040F26511FFF75AFEA561B0BD7A
:101B5000B0B543F20042044640F48060C4F205028E
:101B600090420D4604D1022D0BD22560B0BD00BFBE
:101B70004EF2AC40C0F20000FB21FFF741FE022D07
:101B8000F3D34EF2AC40C0F20000FC21FFF738FE68
:101B90002560B0BDB0B543F20042044640F4806019
:101BA000C4F2050290420D4606D1042D0ED204EB7C
:101BB0008510806E000CB0BD4EF2AC40C0F200004B
:101BC00040F27251FFF71CFE042DF0D34EF2AC40F0
:101BD000C0F2000040F27351FFF712FE04EB8510D3
:101BE000806E000CB0BD000070B5144643F2004298
:101BF000054640F48060C4F2050290420E460FD1C3
:101C0000042E17D204B3E068002844D0B0F5007F5A
:101C10001ED0B0F5807F1ED12079C0071BD12AE0ED
:101C20004EF2AC40C0F200004FF46B71FFF7E8FDDC
:101C3000042EE7D34EF2AC40C0F2000040F2AD31CA
:101C4000FFF7DEFD002CDED16FF0020070BD00BF9B
:101C50002079800714D04EF2AC40C0F2000040F270
:101C6000B231FFF7CDFDE068A8B1B0F5007F07D035
:101C7000B0F5807F07D1207AC00704D10BE000BF08
:101C8000207A800707D04EF2AC40C0F2000040F24C
:101C9000B331FFF7B5FDA069032807D34EF2AC407E
:101CA000C0F200004FF46D71FFF7AAFDE06908284B
:101CB0002ED8012101FA00F040F21111084227D07C
:101CC0002069B0F5806F2FD8206840F48050B0F5BF
:101CD000805F37D1606805EB86110864A0684864AE
:101CE000D4E904026FF39F2040EA02408864C86D83
:101CF0002368E668D4E9065433432B4341F20F329C
:101D0000234390431A401044C865002070BD00BFB3
:101D10004EF2AC40C0F2000040F2B531FFF770FD6A
:101D20002069B0F5806FCFD94EF2AC40C0F2000010
:101D300040F2B631FFF764FD206840F48050B0F502
:101D4000805FC7D04EF2AC40C0F2000040F2B73125
:101D5000FFF756FDBEE7000070B5144643F200429F
:101D6000054640F48060C4F2050290420E465FD101
:101D7000042E07D34EF2AC40C0F2000040F2062120
:101D8000FFF73EFD05F14000B101445005F160024E
:101D90005358A34202D1002070BD00BF002344501D
:101DA0005658A642F7D044505658A642F3D0445055
:101DB0005658A642EFD044505658A642EBD0445055
:101DC0005658A642E7D044505658A642E3D0445055
:101DD0005658A642DFD044505658A642DBD0445055
:101DE0005658A642D7D044505658A642D3D0445055
:101DF0005658A642CFD044505658A642CBD0445055
:101E00005658A642C7D044505658A642C3D0445054
:101E10005658A642BFD044505658A642BBD01E09C1
:101E2000FE2E11D8445056581133A642B7D1B2E70E
:101E30004EF2AC40C0F2000040F20521FFF7E0FC9A
:101E4000042E97D29EE700BF6FF0070070BD000020
:101E500070B5144643F20042054640F48060C4F277
:101E6000050290420E4640F0AD80042E07D34EF29C
:101E7000AC40C0F2000040F24121FFF7C1FC05F187
:101E80004800B1014258C2EA0442425005F16802DA
:101E90005358B4EB134F01D1002070BD230400262A
:101EA0004558ADB21D4345505558B4EB154FF3D0CE
:101EB0004558ADB21D4345505558B4EB154FEBD0C6
:101EC0004558ADB21D4345505558B4EB154FE3D0BE
:101ED0004558ADB21D4345505558B4EB154FDBD0B6
:101EE0004558ADB21D4345505558B4EB154FD3D0AE
:101EF0004558ADB21D4345505558B4EB154FCBD0A6
:101F00004558ADB21D4345505558B4EB154FC3D09D
:101F10004558ADB21D4345505558B4EB154FBBD095
:101F20004558ADB21D4345505558B4EB154FB3D08D
:101F30004558ADB21D4345505558B4EB154FABD085
:101F40004558ADB21D4345505558B4EB154FA3D07D
:101F50004558ADB21D4345505558B4EB154F9BD075
:101F60004558ADB21D4345505558B4EB154F93D06D
:101F70004558ADB21D4345505558B4EB154F3FF48D
:101F80008BAF4558ADB21D4345505558B4EB154F76
:101F90003FF482AF4558ADB21D4345505558B4EBA0
:101FA000154F3FF479AF3509FE2D17D84558113636
:101FB000ADB21D4345505558B4EB154F7FF470AF8B
:101FC0006AE700BF4EF2AC40C0F200004FF410715F
:101FD000FFF716FC042EBFF44AAF50E76FF007007E
:101FE00070BD0000002804BF6FF00200704701467A
:101FF00000200122C1E90000C1E90200C1E904207A
:10200000C1E906007047000070B5164643F2004271
:10201000044640F48060C4F2050290420D4601D1AE
:102020004DB913E04EF2AC40C0F2000040F2411155
:10203000FFF7E6FB55B125F00F1038B9022E0FD28D
:10204000D6B12069A843206170BD00BF4EF2AC40FC
:10205000C0F200004FF4A171FFF7D2FB022EEFD3C4
:102060004EF2AC40C0F2000040F24311FFF7C8FB53
:102070002069A843206170BD20692843206170BD9C
:1020800010B50446022807D34EF2DC40C0F200002F
:1020900040F27111FFF7B4FB40F20040C4F20100BE
:1020A0000068012807D04EF2DC40C0F200004FF477
:1020B000B971FFF7A5FB48F24010C4F2202004607C
:1020C00010BD000010B50446022807D34EF2DC40D4
:1020D000C0F2000040F26311FFF792FB40F20040B3
:1020E000C4F201000068012807D04EF2DC40C0F2C3
:1020F00000004FF4B271FFF783FB48F26010C4F2A6
:102100002020046010BD00007047000070470000F0
:1021100070470000F0B581B040F20847C4F20107F3
:1021200057F8081C0446012907D04EF2DC40C0F2E3
:10213000000040F24F11FFF763FBF12C07D34EF282
:10214000DC40C0F200004FF4A871FFF759FB39687A
:10215000220962F30711396049F2DC01C1F6FF710F
:1021600044F22000096841F25972C4F205000023CC
:10217000CDF2B7123D6805F0F005A54240D00568E4
:10218000C5F3026521FA05F5A5FB0256B3EB963FB0
:1021900031D23E6806F0F006A64231D0066801331F
:1021A000C6F3026621FA06F6A6FB0265B3EB953F7D
:1021B00021D23E6806F0F006A64221D0066801331F
:1021C000C6F3026621FA06F6A6FB0265B3EB953F5D
:1021D00011D23E6806F0F006A64211D00668C6F39A
:1021E000026621FA06F6A6FB02655E1CB6EB953F79
:1021F00003F10203BED36FF0070001B0F0BD00BFD2
:10220000002001B0F0BD00007047000070470000E2
:1022100070470000704700007047000070470000E2
:1022200070470000704700007047000070470000D2
:1022300070470000704700007047000070470000C2
:1022400070470000704700007047000070470000B2
:10225000704700007047000010B5044601384FF683
:10226000FF71884207D34EF26D50C0F2000040F279
:102270000F21FFF7C5FA41F25800C4F205000460CF
:1022800010BD000070B504460D4628B143F6EE209F
:10229000C7F20C00204006D04EF20C50C0F20000F5
:1022A0007121FFF7ADFA022D06D34EF20C50C0F2A9
:1022B00000007221FFF7A4FA48F20006C4F20406F7
:1022C0003069C00706D14EF20C50C0F200007321F5
:1022D000FFF796FA3068012D14BF2043A043306009
:1022E00070BD000070B504460D4688B140F28620EE
:1022F000CFF2F00020400BD148F20406022DC4F2C8
:10230000040612D2012D17D13068A043306070BD91
:102310004EF20C50C0F200008421FFF771FA48F22F
:102320000406022DC4F20406ECD34EF20C50C0F2A7
:1023300000008521FFF764FA30682043306070BDEB
:1023400070B504460D4688B147F60000CFF6F87028
:1023500020400BD148F20806022DC4F2040612D226
:10236000012D17D13068A043306070BD4EF20C5083
:10237000C0F200009621FFF743FA48F20806022D4A
:10238000C4F20406ECD34EF20C50C0F200009721C8
:10239000FFF736FA30682043306070BD70470000A8
:1023A0007047000070470000F0B581B043F6044765
:1023B000C4F20507154637F8082C0C46D107064627
:1023C00000F0B080062E80F0B880002C00F0C080B5
:1023D000B001391F012D04F0010240F0C3801AB191
:1023E000425A42F400424252022CC0F04981A107F5
:1023F00003D5C15B41F40041C153042CC0F04081BE
:10240000610704D539188A8842F400428A80082C72
:10241000C0F03681210704D539180A8942F40042F8
:102420000A81102CC0F02C81E10604D539188A8964
:1024300042F400428A81202CC0F02281A10604D5FA
:1024400039180A8A42F400420A82402CC0F01881EE
:10245000610604D539188A8A42F400428A82802CA7
:10246000C0F00E81210604D539180A8B42F40042CF
:102470000A83B4F5807FC0F00381E10504D53918E3
:102480008A8B42F400428A83B4F5007FC0F0F88062
:10249000A10504D539180A8C42F400420A84B4F527
:1024A000806FC0F0ED80610504D539188A8C42F444
:1024B00000428A84B4F5006FC0F0E280210504D5A3
:1024C00039180A8D42F400420A85B4F5805FC0F0E5
:1024D000D780E10404D539188A8D42F400428A85F8
:1024E000B4F5005FC0F0CC80A10404D539180A8E81
:1024F00042F400420A86B4F5804FC0F0C180610406
:1025000004D539188A8E42F400428A8621B2B1F18C
:10251000FF3F00F3B5803844018F41F4004101874B
:10252000AEE000BF4EF23C50C0F2000040F281210C
:10253000FFF766F9062EFFF448AF4EF23C50C0F2AA
:10254000000040F28221FFF75BF9002C7FF440AFDE
:102550004EF23C50C0F2000040F28321FFF750F9E8
:1025600036E700BF1AB10A5A6FF3DF320A52022C63
:10257000C0F08680A10703D5C15B6FF3DF31C15383
:10258000042C7DD3610704D539188A886FF3DF32B4
:102590008A80082C74D3210704D539180A896FF36F
:1025A000DF320A81102C6BD3E10604D539188A89F1
:1025B0006FF3DF328A81202C62D3A10604D539184B
:1025C0000A8A6FF3DF320A82402C59D3610604D5A0
:1025D00039188A8A6FF3DF328A82802C50D3210621
:1025E00004D539180A8B6FF3DF320A83B4F5807F84
:1025F00046D3E10504D539188A8B6FF3DF328A831D
:10260000B4F5007F3CD3A10504D539180A8C6FF3CB
:10261000DF320A84B4F5806F32D3610504D53918EE
:102620008A8C6FF3DF328A84B4F5006F28D32105DA
:1026300004D539180A8D6FF3DF320A85B4F5805F4F
:102640001ED3E10404D539188A8D6FF3DF328A85F1
:10265000B4F5005F14D3A10404D539180A8E6FF3C2
:10266000DF320A86B4F5804F0AD3610404D53918E5
:102670008A8E6FF3DF328A8621B2B1F1FF3F01DD2E
:1026800001B0F0BD3844018F6FF3DF31018701B035
:10269000F0BD0000F0B581B0002A00F0D58043F60F
:1026A000FC37C4F205070646388814460D46C007B5
:1026B00000F0CE80062E80F0D680002D00F0DE8067
:1026C0002088022880F0E680608840F0020002281E
:1026D00040F0EE80A08840F00400042840F0F6802E
:1026E000E088002818BF102840F0FA80208940F4C4
:1026F0008040B0F5804F40F0FF80608940F040009E
:10270000402840F00781A08940F40070B0F5007FB8
:1027100040F00F81E08940F48050B0F5805F40F0D8
:102720001781208A40F40040B0F5004F40F01F812F
:1027300007EB861000F110010C2242F6885C4DF286
:10274000772700BFE80718D020886688E3883043E1
:10275000A688304318436389A6891843E389304328
:1027600026891843238A304331F80C6C184306EA53
:102770000C033840184421F80C0C022D60D3A80734
:1027800018D520886388E6881843A388184363898E
:102790003043A6891843E389304326891843238AA6
:1027A000304331F8086C184306EA0C0338401844EB
:1027B00021F8080C042D43D3680718D520886388B6
:1027C000E6881843A388184363893043A6891843D1
:1027D000E389304326891843238A304331F8046C57
:1027E000184306EA0C033840184421F8040C082D5D
:1027F00026D3280716D520886388E6881843A3883F
:10280000184363893043A6891843E38930432689F6
:102810001843238A30430E88184306EA0C033840D5
:1028200018440880102D4FF0000007D32D09002A0E
:10283000A2F1040201F110017FF484AF01B0F0BDF8
:10284000002001B0F0BD00BF6FF0020001B0F0BD8C
:102850004EF23C50C0F200004FF48071FEF7D0FF02
:10286000062EFFF42AAF4EF23C50C0F2000040F2B8
:102870000111FEF7C5FF002D7FF422AF4EF23C5050
:10288000C0F200004FF48171FEF7BAFF20880228E1
:10289000FFF41AAF4EF23C50C0F2000040F20311B8
:1028A000FEF7AEFF608840F0020002283FF412AF4E
:1028B0004EF23C50C0F200004FF48271FEF7A0FFD0
:1028C000A08840F0040004283FF40AAF4EF23C50C8
:1028D000C0F2000040F20511FEF792FF00E700BFD2
:1028E00020283FF403AF4EF23C50C0F200004FF4FA
:1028F0008371FEF785FFF9E64EF23C50C0F200000E
:1029000040F20711FEF77CFF608940F0400040284C
:102910003FF4F9AE4EF23C50C0F200004FF4847127
:10292000FEF76EFFA08940F40070B0F5007F3FF421
:10293000F1AE4EF23C50C0F2000040F20911FEF739
:102940005FFFE08940F48050B0F5805F3FF4E9AE6E
:102950004EF23C50C0F200004FF48571FEF750FF7C
:10296000208A40F40040B0F5004F3FF4E1AE4EF253
:102970003C50C0F2000040F20B11FEF741FFD7E6D9
:10298000B0B5054606280C4607D34EF23C50C0F2BF
:1029900000004FF4FF71FEF733FF3CB94EF23C509C
:1029A000C0F2000040F2FF11FEF72AFF43F60001DB
:1029B0002801C4F20501085A204018BF0120B0BD0B
:1029C000B0B5054606280C4607D34EF23C50C0F27F
:1029D000000040F24A21FEF713FF3CB94EF23C5092
:1029E000C0F2000040F24B21FEF70AFF43F60A0155
:1029F0002801C4F205010A5A22430A52B0BD000060
:102A0000F0B581B01546064606280C4604D26CB1D6
:102A1000102D15D220E000BF4EF23C50C0F2000055
:102A20004FF4BE71FEF7ECFE002CF1D14EF23C509B
:102A3000C0F2000040F27D11FEF7E2FE102D0BD334
:102A4000A5F120001C2807D34EF23C50C0F2000034
:102A50004FF4BF71FEF7D4FE43F6FC37C4F205070E
:102A60003888C0070AD0E0074FEA861105F03F001A
:102A700012D1022C18D201B0F0BD00BF4EF23C5072
:102A8000C0F2000040F27F11FEF7BAFEE0074FEA05
:102A9000861105F03F00ECD07A18D38823F03F036D
:102AA0000344D380022CE6D3A20705D57A185389B4
:102AB00023F03F0303445381042CDCD3620705D584
:102AC0007A18D38923F03F030344D381082CD2D34F
:102AD000220705D57A18538A23F03F030344538213
:102AE000102CC8D3E20605D57A18D38A23F03F0309
:102AF0000344D382202CBED3A20605D57A18538B6B
:102B000023F03F0303445383402CB4D3620605D51E
:102B10007A18D38B23F03F030344D383802CAAD3AA
:102B2000220605D57A18538C23F03F0303445384BF
:102B3000B4F5807F9FD3E20505D57A18D38C23F0B6
:102B40003F030344D384B4F5007F94D3A20505D595
:102B50007A18538D23F03F0303445385B4F5806FF7
:102B6000FFF489AF620505D57A18D38D23F03F03B2
:102B70000344D385B4F5006FFFF47DAF220505D57E
:102B80007A18538E23F03F0303445386B4F5805FD5
:102B9000FFF471AFE20405D57A18D38E23F03F031A
:102BA0000344D386B4F5005FFFF465AFA20405D5F6
:102BB0007A18538F23F03F0303445387B4F5804FB3
:102BC000FFF459AF620405D57A18D38F23F03F0381
:102BD0000344D38722B2B2F1FF3F3FF74CAF3944F1
:102BE000B1F8422022F03F021044A1F8420001B0A7
:102BF000F0BD0000B0B5054606280C4607D34EF2DE
:102C00003C50C0F200004FF40E71FEF7F9FD3CB9E4
:102C10004EF23C50C0F2000040F23921FEF7F0FDC8
:102C200043F608012801C4F205010A5A22430A5258
:102C3000B0BD0000B0B50446800407D04EF23C5051
:102C4000C0F200004FF4ED71FEF7DAFD43F6F835FF
:102C5000C4F20505A888C00707D14EF23C50C0F267
:102C6000000040F2DB11FEF7CBFD288804F4404160
:102C70006FF39F3008442880B0BD0000002804BFD7
:102C80006FF002007047014600200882C86088602B
:102C90004860086070470000B0B5054606280C463D
:102CA00007D34EF23C50C0F2000040F26D21FEF717
:102CB000A7FD3CB94EF23C50C0F2000040F26E213C
:102CC000FEF79EFD43F60C012801C4F205010A5AE5
:102CD00022430A52B0BD000048F21001C1F6FF7154
:102CE0000A78002A08BF7047896809B1084700BF01
:102CF0007047000010B548F21004C1F6FF74207848
:102D000010B1002040B210BD606828B1804701209A
:102D10002070002040B210BDFF2040B210BD000066
:102D200080B582B04AF2150049F6F9714AF21102F3
:102D3000C0F20000C0F20001C0F2000200F072F820
:102D40004AF271004AF265014AF25902C0F20000EB
:102D5000C0F20001C0F2000200F078F84AF2810CE3
:102D60004AF289004AF28D014AF27D024AF2850355
:102D7000C0F2000CC0F20000C0F20001C0F200027C
:102D8000C0F20003CDF800C000F074F84AF29500DC
:102D90004AF29101C0F20000C0F2000100F08AF88E
:102DA00049F6D970C0F2000000F030F802B0BDE87A
:102DB0008040FFF79FBF000048F21001C1F6FF718D
:102DC0000A781AB1896909B1084700BF4FF0FF308E
:102DD0007047000048F21001C1F6FF710A781AB17D
:102DE000496909B1084700BF4FF0FF307047000044
:102DF00048F21001C1F6FF710A781AB1096909B1E8
:102E0000084700BF4FF0FF307047000000280FBF99
:102E1000FC2048F21001C1F6FF71886318BF002042
:102E200040B2704700284FF0FC0318BF002901D1C1
:102E300058B27047002AFBD048F21003C1F6FF7366
:102E4000043307C3002358B27047000000284FF036
:102E5000FC0318BF002901D158B27047002AFBD0EB
:102E600048F21003C1F6FF73103307C3002358B2B2
:102E70007047000080B500284FF0FC0C18BF0029F7
:102E800002D14FFA8CF080BD002AFAD0002BF8D086
:102E9000DDF808E0BEF1000FF3D048F2100CC1F6E7
:102EA000FF7C0CF11C0C8CE80F404FF0000C4FFA2B
:102EB0008CF080BD00284FF0FC0218BF002901D122
:102EC00050B2704748F21002C1F6FF72C2E90C011D
:102ED000002250B27047000048F21001C1F6FF71A5
:102EE0000A781AB1096B09B1084700BF4FF0FF30EB
:102EF00070470000704700007047000070470000F6
:102F000070470000704700007047000070470000E5
:102F100070470000704700007047000070470000D5
:102F200070470000704700007047000070470000C5
:102F300070470000704700007047000070470000B5
:102F400070470000704700007047000070470000A5
:102F500070470000B0B568B3B0F800C00446BCF5D7
:102F6000007F08D34EF26D50C0F20000CD21FEF775
:102F700047FCB4F800C04FEA5C1101EB4103B4F820
:102F800002E003F1100148000FFA8EF188424FF081
:102F900000004FF025054FF0000288BF012005EB2F
:102FA00043038B4238BF01221043012806D1BEF1F2
:102FB0001F0F03D96FF00200B0BD00BF41F25C02E9
:102FC000C4F2050252F8210040F2FF136FF35F20B4
:102FD000984203D142F821C009E000BF52F8210015
:102FE0006FF35F2060451CBF6FF00100B0BD6068EB
:102FF00048F6D462C1F6FF7242F821000020B0BD4D
:1030000080B548F6D460C1F6FF7000688047BFF312
:103010004F8F80BD80B548F6D460C1F6FF70406820
:103020008047BFF34F8F80BD80B548F6D460C1F6AE
:10303000FF7080688047BFF34F8F80BD80B548F632
:10304000D460C1F6FF70C0688047BFF34F8F80BD6A
:1030500080B548F6D460C1F6FF7000698047BFF3C1
:103060004F8F80BD80B548F6D460C1F6FF704069CF
:103070008047BFF34F8F80BD80B548F6D460C1F65E
:10308000FF7080698047BFF34F8F80BD80B548F6E1
:10309000D460C1F6FF70C0698047BFF34F8F80BD19
:1030A00080B548F6D460C1F6FF70006A8047BFF370
:1030B0004F8F80BD80B548F6D460C1F6FF70406A7E
:1030C0008047BFF34F8F80BD80B548F6D460C1F60E
:1030D000FF70806A8047BFF34F8F80BD80B548F690
:1030E000D460C1F6FF70C06A8047BFF34F8F80BDC8
:1030F00080B548F6D460C1F6FF70006B8047BFF31F
:103100004F8F80BD80B548F6D460C1F6FF70406B2C
:103110008047BFF34F8F80BD80B548F6D460C1F6BD
:10312000FF70806B8047BFF34F8F80BD80B548F63E
:10313000D460C1F6FF70C06B8047BFF34F8F80BD76
:1031400080B548F6D460C1F6FF70006C8047BFF3CD
:103150004F8F80BD80B548F6D460C1F6FF70406CDB
:103160008047BFF34F8F80BD80B548F6D460C1F66D
:10317000FF70806C8047BFF34F8F80BD80B548F6ED
:10318000D460C1F6FF70C06C8047BFF34F8F80BD25
:1031900080B548F6D460C1F6FF70006D8047BFF37C
:1031A0004F8F80BD80B548F6D460C1F6FF70406D8A
:1031B0008047BFF34F8F80BD80B548F6D460C1F61D
:1031C000FF70806D8047BFF34F8F80BD80B548F69C
:1031D000D460C1F6FF70C06D8047BFF34F8F80BDD4
:1031E00080B548F6D460C1F6FF70006E8047BFF32B
:1031F0004F8F80BD80B548F6D460C1F6FF70406E39
:103200008047BFF34F8F80BD80B548F6D460C1F6CC
:10321000FF70806E8047BFF34F8F80BD80B548F64A
:10322000D460C1F6FF70C06E8047BFF34F8F80BD82
:1032300080B548F6D460C1F6FF70006F8047BFF3D9
:103240004F8F80BD80B548F6D460C1F6FF70406FE7
:103250008047BFF34F8F80BD80B548F6D460C1F67C
:10326000FF70806F8047BFF34F8F80BD80B548F6F9
:10327000D460C1F6FF70C06F8047BFF34F8F80BD31
:1032800080B548F6D460C1F6FF70D0F88000804762
:10329000BFF34F8F80BD000080B548F6D460C1F603
:1032A000FF70D0F884008047BFF34F8F80BD0000CF
:1032B00080B548F6D460C1F6FF70D0F8880080472A
:1032C000BFF34F8F80BD000080B548F6D460C1F6D3
:1032D000FF70D0F88C008047BFF34F8F80BD000097
:1032E00080B548F6D460C1F6FF70D0F890008047F2
:1032F000BFF34F8F80BD000080B548F6D460C1F6A3
:10330000FF70D0F894008047BFF34F8F80BD00005E
:1033100080B548F6D460C1F6FF70D0F898008047B9
:10332000BFF34F8F80BD000080B548F6D460C1F672
:10333000FF70D0F89C008047BFF34F8F80BD000026
:1033400080B548F6D460C1F6FF70D0F8A000804781
:10335000BFF34F8F80BD000080B548F6D460C1F642
:10336000FF70D0F8A4008047BFF34F8F80BD0000EE
:1033700080B548F6D460C1F6FF70D0F8A800804749
:10338000BFF34F8F80BD000080B548F6D460C1F612
:10339000FF70D0F8AC008047BFF34F8F80BD0000B6
:1033A00080B548F6D460C1F6FF70D0F8B000804711
:1033B000BFF34F8F80BD000080B548F6D460C1F6E2
:1033C000FF70D0F8B4008047BFF34F8F80BD00007E
:1033D00080B548F6D460C1F6FF70D0F8B8008047D9
:1033E000BFF34F8F80BD000080B548F6D460C1F6B2
:1033F000FF70D0F8BC008047BFF34F8F80BD000046
:1034000080B548F6D460C1F6FF70D0F8C0008047A0
:10341000BFF34F8F80BD000080B548F6D460C1F681
:10342000FF70D0F8C4008047BFF34F8F80BD00000D
:1034300080B548F6D460C1F6FF70D0F8C800804768
:10344000BFF34F8F80BD000080B548F6D460C1F651
:10345000FF70D0F8CC008047BFF34F8F80BD0000D5
:1034600080B548F6D460C1F6FF70D0F8D000804730
:10347000BFF34F8F80BD000080B548F6D460C1F621
:10348000FF70D0F8D4008047BFF34F8F80BD00009D
:1034900080B548F6D460C1F6FF70D0F8D8008047F8
:1034A000BFF34F8F80BD000080B548F6D460C1F6F1
:1034B000FF70D0F8DC008047BFF34F8F80BD000065
:1034C00080B548F6D460C1F6FF70D0F8E0008047C0
:1034D000BFF34F8F80BD000080B548F6D460C1F6C1
:1034E000FF70D0F8E4008047BFF34F8F80BD00002D
:1034F00080B548F6D460C1F6FF70D0F8E800804788
:10350000BFF34F8F80BD000080B548F6D460C1F690
:10351000FF70D0F8EC008047BFF34F8F80BD0000F4
:1035200080B548F6D460C1F6FF70D0F8F00080474F
:10353000BFF34F8F80BD000080B548F6D460C1F660
:10354000FF70D0F8F4008047BFF34F8F80BD0000BC
:1035500080B548F6D460C1F6FF70D0F8F800804717
:10356000BFF34F8F80BD000080B548F6D460C1F630
:10357000FF70D0F8FC008047BFF34F8F80BD000084
:1035800080B548F6D460C1F6FF70D0F800018047DE
:10359000BFF34F8F80BD000080B548F6D460C1F600
:1035A000FF70D0F804018047BFF34F8F80BD00004B
:1035B00080B548F6D460C1F6FF70D0F808018047A6
:1035C000BFF34F8F80BD000080B548F6D460C1F6D0
:1035D000FF70D0F80C018047BFF34F8F80BD000013
:1035E00080B548F6D460C1F6FF70D0F8100180476E
:1035F000BFF34F8F80BD000080B548F6D460C1F6A0
:10360000FF70D0F814018047BFF34F8F80BD0000DA
:1036100080B548F6D460C1F6FF70D0F81801804735
:10362000BFF34F8F80BD000080B548F6D460C1F66F
:10363000FF70D0F81C018047BFF34F8F80BD0000A2
:1036400080B548F6D460C1F6FF70D0F820018047FD
:10365000BFF34F8F80BD000080B548F6D460C1F63F
:10366000FF70D0F824018047BFF34F8F80BD00006A
:1036700080B548F6D460C1F6FF70D0F828018047C5
:10368000BFF34F8F80BD000080B548F6D460C1F60F
:10369000FF70D0F82C018047BFF34F8F80BD000032
:1036A00080B548F6D460C1F6FF70D0F8300180478D
:1036B000BFF34F8F80BD000080B548F6D460C1F6DF
:1036C000FF70D0F834018047BFF34F8F80BD0000FA
:1036D00080B548F6D460C1F6FF70D0F83801804755
:1036E000BFF34F8F80BD000080B548F6D460C1F6AF
:1036F000FF70D0F83C018047BFF34F8F80BD0000C2
:1037000080B548F6D460C1F6FF70D0F8400180471C
:10371000BFF34F8F80BD000080B548F6D460C1F67E
:10372000FF70D0F844018047BFF34F8F80BD000089
:1037300080B548F6D460C1F6FF70D0F848018047E4
:10374000BFF34F8F80BD000080B548F6D460C1F64E
:10375000FF70D0F84C018047BFF34F8F80BD000051
:1037600080B548F6D460C1F6FF70D0F850018047AC
:10377000BFF34F8F80BD000080B548F6D460C1F61E
:10378000FF70D0F854018047BFF34F8F80BD000019
:1037900080B548F6D460C1F6FF70D0F85801804774
:1037A000BFF34F8F80BD000080B548F6D460C1F6EE
:1037B000FF70D0F85C018047BFF34F8F80BD0000E1
:1037C00080B548F6D460C1F6FF70D0F8600180473C
:1037D000BFF34F8F80BD000080B548F6D460C1F6BE
:1037E000FF70D0F864018047BFF34F8F80BD0000A9
:1037F00080B548F6D460C1F6FF70D0F86801804704
:10380000BFF34F8F80BD000080B548F6D460C1F68D
:10381000FF70D0F86C018047BFF34F8F80BD000070
:1038200080B548F6D460C1F6FF70D0F870018047CB
:10383000BFF34F8F80BD000080B548F6D460C1F65D
:10384000FF70D0F874018047BFF34F8F80BD000038
:1038500080B548F6D460C1F6FF70D0F87801804793
:10386000BFF34F8F80BD000080B548F6D460C1F62D
:10387000FF70D0F87C018047BFF34F8F80BD000000
:1038800080B548F6D460C1F6FF70D0F8800180475B
:10389000BFF34F8F80BD000080B548F6D460C1F6FD
:1038A000FF70D0F884018047BFF34F8F80BD0000C8
:1038B00080B548F6D460C1F6FF70D0F88801804723
:1038C000BFF34F8F80BD000080B548F6D460C1F6CD
:1038D000FF70D0F88C018047BFF34F8F80BD000090
:1038E00080B548F6D460C1F6FF70D0F890018047EB
:1038F000BFF34F8F80BD000080B548F6D460C1F69D
:10390000FF70D0F894018047BFF34F8F80BD000057
:1039100080B548F6D460C1F6FF70D0F898018047B2
:10392000BFF34F8F80BD000080B548F6D460C1F66C
:10393000FF70D0F89C018047BFF34F8F80BD00001F
:1039400080B548F6D460C1F6FF70D0F8A00180477A
:10395000BFF34F8F80BD000080B548F6D460C1F63C
:10396000FF70D0F8A4018047BFF34F8F80BD0000E7
:1039700080B548F6D460C1F6FF70D0F8A801804742
:10398000BFF34F8F80BD000080B548F6D460C1F60C
:10399000FF70D0F8AC018047BFF34F8F80BD0000AF
:1039A00080B548F6D460C1F6FF70D0F8B00180470A
:1039B000BFF34F8F80BD000080B548F6D460C1F6DC
:1039C000FF70D0F8B4018047BFF34F8F80BD000077
:1039D00080B548F6D460C1F6FF70D0F8B8018047D2
:1039E000BFF34F8F80BD000080B548F6D460C1F6AC
:1039F000FF70D0F8BC018047BFF34F8F80BD00003F
:103A000080B548F6D460C1F6FF70D0F8C001804799
:103A1000BFF34F8F80BD000080B548F6D460C1F67B
:103A2000FF70D0F8C4018047BFF34F8F80BD000006
:103A300080B548F6D460C1F6FF70D0F8C801804761
:103A4000BFF34F8F80BD000080B548F6D460C1F64B
:103A5000FF70D0F8CC018047BFF34F8F80BD0000CE
:103A600080B548F6D460C1F6FF70D0F8D001804729
:103A7000BFF34F8F80BD000080B548F6D460C1F61B
:103A8000FF70D0F8D4018047BFF34F8F80BD000096
:103A900080B548F6D460C1F6FF70D0F8D8018047F1
:103AA000BFF34F8F80BD000080B548F6D460C1F6EB
:103AB000FF70D0F8DC018047BFF34F8F80BD00005E
:103AC00080B548F6D460C1F6FF70D0F8E0018047B9
:103AD000BFF34F8F80BD000080B548F6D460C1F6BB
:103AE000FF70D0F8E4018047BFF34F8F80BD000026
:103AF00080B548F6D460C1F6FF70D0F8E801804781
:103B0000BFF34F8F80BD000080B548F6D460C1F68A
:103B1000FF70D0F8EC018047BFF34F8F80BD0000ED
:103B200080B548F6D460C1F6FF70D0F8F001804748
:103B3000BFF34F8F80BD000080B548F6D460C1F65A
:103B4000FF70D0F8F4018047BFF34F8F80BD0000B5
:103B500080B548F6D460C1F6FF70D0F8F801804710
:103B6000BFF34F8F80BD000080B548F6D460C1F62A
:103B7000FF70D0F8FC018047BFF34F8F80BD00007D
:103B8000B0B540F6802541F25C20C4F2A225C4F213
:103B9000050004682868012804D114F0010001D050
:103BA000FEF73AFB6868012804D114F0020001D046
:103BB000FEF734FBA868012804D114F0040001D0FA
:103BC000FEF72EFBE868012804D114F0080001D0AC
:103BD000FEF728FB2869012804D114F0100001D059
:103BE000FEF722FB6869012804D114F0200001D0FF
:103BF000FEF71CFBA869012804D114F0400001D095
:103C0000FEF716FBE869012804D114F0800001D00A
:103C1000FEF710FB286A012804D114F4807001D04B
:103C2000FEF70AFB686A012804D114F4007001D081
:103C3000FEF704FBA86A012804D114F4806001D0C7
:103C4000FEF7FEFAE86A012804D114F4006001D0FE
:103C5000FEF7F8FA286B012804D114F4805001D043
:103C6000FEF7F2FA686B012804D114F4005001D079
:103C7000FEF7ECFAA86B012804D114F4804001D0BF
:103C8000FEF7E6FAE86B012804D114F4004001D0F5
:103C9000FEF7E0FABFF34F8FB0BD00002DE9F0430F
:103CA00081B040F2441641F26020C4F2A626C4F26C
:103CB00005000468D6F86C0A43F204090128C4F22E
:103CC000050924D1D6F8BC0040B956F8440C0128A7
:103CD00004D114F0010001D0FDF702FED6F8FC007B
:103CE00040B956F8040C012804D114F4807001D0B6
:103CF000FDF7E6FDD9F80000D9F80810884310F068
:103D0000011F18BF14F4803001D0FDF7E1FD41F22E
:103D1000B037C4F2A6273868012821D1D6F8C000F0
:103D200040B956F8400C012804D114F0020001D02B
:103D3000FDF7D8FDD6F8000138B93068012804D164
:103D400014F4007001D0FDF7BDFDD9F80000D9F8DA
:103D50000810884310F0021F18BF14F4803029D1D6
:103D6000D7F8000801282BD1D6F8C40040B956F87E
:103D70003C0C012804D114F0040001D0FDF7B4FD7F
:103D8000D6F8040138B97068012804D114F48060B1
:103D900001D0FDF799FDD9F80000D9F80810884343
:103DA00010F0041F18BF14F4803009D0FDF794FD03
:103DB00006E000BFFDF78EFDD7F800080128D3D03C
:103DC00042F2B030C4F2A6200068012823D1D6F810
:103DD000C80040B956F8380C012804D114F0080086
:103DE00001D0FDF783FDD6F8080138B9B068012885
:103DF00004D114F4006001D0FDF768FDD9F800008B
:103E0000D9F80810884310F0081F18BF14F4803048
:103E100001D0FDF763FD48F20017C4F2A627D7F8DA
:103E2000B00A43F20C480128C4F2050822D1D7F8A1
:103E3000000138B93868012804D114F0100001D00D
:103E4000FDF766FDD7F8400138B9386C012804D178
:103E500014F4805001D0FDF74BFDD9F80004D8F8D8
:103E60000010884310F0011F18BF14F4003001D077
:103E7000FDF746FD49F2B035C4F2A62528680128B1
:103E800020D1D7F8040138B97868012804D114F09A
:103E9000200001D0FDF73EFDD7F8440138B9306865
:103EA000012804D114F4005001D0FDF723FDD9F806
:103EB0000004D8F80010884310F0021F18BF14F453
:103EC000003027D1D5F80008012829D1D7F80801FA
:103ED00038B9B868012804D114F0400001D0FDF7CA
:103EE0001BFDD7F8480138B97068012804D114F4D3
:103EF000804001D0FDF700FDD9F80004D8F800108B
:103F0000884310F0041F18BF14F4003008D0FDF7E8
:103F1000FBFC05E0FDF7F6FCD5F800080128D5D03C
:103F20004AF2B030C4F2A6200068012822D1D7F8A6
:103F30000C0138B9F868012804D114F0800001D0D0
:103F4000FDF7ECFCD7F84C0138B9B068012804D172
:103F500014F4004001D0FDF7D1FCD9F80004D8F8E2
:103F60000010884310F0081F18BF14F4003001D06F
:103F7000FDF7CCFC48F21025C4F22025D5F8F0005E
:103F8000012809D140F21040C4F201000068000786
:103F900018BF14F480200DD1D5F8F80001280FD1F6
:103FA000686801280CD114F4002009D0FEF7ACF8A1
:103FB00006E000BFFEF7ACF8D5F8F8000128EFD016
:103FC000D5F8F400012807D12868012804D114F499
:103FD000801001D0FEF79AF80C20C9F60040006866
:103FE000000604D514F4800001D001F043FB7C20CE
:103FF000C4F2A420006801280DD142F20400C4F2EA
:104000000500416900680840400618BF14F400002C
:1040100001D0FDF7EDFB48F27C00C4F2A42000685B
:10402000012812D142F2184042F20401C4F2050004
:10403000C4F205010068D1F800140840400618BF1A
:1040400014F0807001D0FDF7D5FB7C20C4F2A520D0
:10405000006801280FD142F21840C4F20500D0F8E0
:104060000014D0F8EC030840400618BF14F00070AC
:1040700001D0FDF7C1FB48F27C00C4F2A520006826
:10408000012811D14FF614404FF60041CFF6FF70D2
:10409000CFF6FF7159F8000059F8011008404006AA
:1040A00018BF14F0806005D1BFF34F8F01B0BDE899
:1040B000F08300BFFDF7A2FBBFF34F8F01B0BDE857
:1040C000F0830000B0B540F2082541F26420C4F24C
:1040D0004825C4F2050004682868012807D1A86FA4
:1040E000012804D114F0010001D001F0BDFB286CBF
:1040F000012808D1D5F8B800012804D114F0020035
:1041000001D001F0B3FB48F20825C4F24825286825
:10411000012807D1A86F012804D114F0040001D0B0
:1041200001F0A6FB286C012808D1D5F8B8000128B9
:1041300004D114F0080001D001F09CFB44F24000CF
:10414000C4F205000178C90707D04078C00718BF3E
:1041500014F4001001D0FDF71FFB4CF20040C4F234
:1041600004000088C00404D514F4800001D001F0DC
:1041700047FA49F20440C4F20400006810F4403FDA
:1041800018BF14F4000003D1BFF34F8FB0BD00BFC0
:1041900001F0A8FABFF34F8FB0BD000070B540F634
:1041A000802541F26820C4F23025C4F2050004687D
:1041B0002868012808D1D5F88003012804D114F01B
:1041C000010001D001F082FD6868012808D1D5F80E
:1041D0008403012804D114F0020001D001F078FD1D
:1041E000A868012808D1D5F88803012804D114F063
:1041F000040001D001F06EFDE868012808D1D5F86F
:104200008C03012804D114F0080001D001F064FDF2
:104210002869012808D1D5F89003012804D114F0A9
:10422000100001D001F05AFD6869012808D1D5F8C5
:104230009403012804D114F0200001D001F050FDB6
:10424000A869012808D1D5F89803012804D114F0F1
:10425000400001D001F048FDE869012808D1D5F8F7
:104260009C03012804D114F0800001D001F03EFD30
:10427000286A012808D1D5F8A003012804D114F434
:10428000807001D001F02EFD48F25405C4F2010502
:104290002868E96901EAD01010F4C06F18BF14F45F
:1042A000006001D001F024FD2868E96901EAD0101E
:1042B00010F4C05F18BF14F4805001D001F01AFD53
:1042C00048F68026C4F230263068012808D1D6F896
:1042D0008003012804D114F4803001D001F00CFDDA
:1042E0007068012808D1D6F88403012804D114F499
:1042F000003001D001F002FDB068012808D1D6F8E5
:104300008803012804D114F4802001D001F0F8FCC6
:10431000F068012808D1D6F88C03012804D114F4E0
:10432000002001D001F0EEFC3069012808D1D6F858
:104330009003012804D114F4801001D001F0E4FCB2
:104340007069012808D1D6F89403012804D114F427
:10435000001001D001F0DAFCB069012808D1D6F8CC
:104360009803012804D114F4800001D001F0D2FC9C
:10437000F069012808D1D6F89C03012804D114F46F
:10438000000001D001F0C8FC306A012808D1D6F83D
:10439000A003012804D114F0807001D001F0B8FC12
:1043A00048F27046C4F20106D5F80004316801EA0B
:1043B000D01010F4C06F18BF14F0006001D001F0ED
:1043C000ADFCD5F80004316801EAD01010F4C05FEC
:1043D00018BF14F0805003D1BFF34F8F70BD00BFE2
:1043E00001F09EFCBFF34F8F70BD0000B0B540F6EA
:1043F000802541F26C20C4F23125C4F20500046826
:104400002868012808D1D5F88003012804D114F0C8
:10441000010001D001F086FC6868012808D1D5F8B8
:104420008403012804D114F0020001D001F07CFCC7
:10443000A868012808D1D5F88803012804D114F010
:10444000040001D001F072FCE868012808D1D5F819
:104450008C03012804D114F0080001D001F068FC9D
:104460002869012808D1D5F89003012804D114F057
:10447000100001D001F05EFC6869012808D1D5F870
:104480009403012804D114F0200001D001F054FC61
:10449000A869012808D1D5F89803012804D114F09F
:1044A000400001D001F04CFCE869012808D1D5F8A2
:1044B0009C03012804D114F0800001D001F042FCDB
:1044C000286A012808D1D5F8A003012804D114F4E2
:1044D000807001D001F032FC48F65405C4F20105A9
:1044E0002868E96901EAD01010F4C06F18BF14F40D
:1044F000006001D001F028FC2868E96901EAD010C9
:1045000010F4C05F18BF14F4805003D1BFF34F8F75
:10451000B0BD00BF01F01AFCBFF34F8FB0BD00006B
:104520002DE9F04141F2300541F27C20C4F22A2508
:10453000C4F2050004682868012807D1A86801288A
:1045400004D114F0010001D001F004FC68680128D6
:1045500007D1E868012804D114F0020001D001F06D
:10456000FBFB45F29005C4F201052888A9890840A3
:10457000000618BF14F0040001D001F0E9FB49F275
:104580003006C4F22A263068012807D1B068012815
:1045900004D114F0080001D001F0E2FB706801289A
:1045A00007D1F068012804D114F0100001D001F007
:1045B000D9FB45F29C46C4F20106B5F800043188E7
:1045C0000840000618BF14F0200001D001F0C6FB1F
:1045D00041F23005C4F22B252868012807D1A868CC
:1045E000012804D114F0400001D001F0BFFB68683D
:1045F000012807D1E868012804D114F0800001D017
:1046000001F0B6FBB6F8F403B6F800140840000653
:1046100018BF14F4807001D001F0A6FB49F23005F8
:10462000C4F22B252868012807D1A868012804D1E5
:1046300014F4007001D001F09FFB6868012807D1D5
:10464000E868012804D114F4806001D001F096FBE1
:1046500045F69045C4F201052888A989084000065E
:1046600018BF14F4006001D001F084FB41F2300661
:10467000C4F22C263068012807D1B068012804D183
:1046800014F4805001D001F07DFB7068012807D13F
:10469000F068012804D114F4005001D001F074FB3B
:1046A00046F29C06C4F20106B5F8000431880840C1
:1046B000000618BF14F4804001D001F061FB49F2FC
:1046C0003005C4F22C252868012807D1A8680128E4
:1046D00004D114F4803001D001F05AFB686801283D
:1046E00007D1E868012804D114F4003001D001F0AA
:1046F00051FBB6F8F403B6F800140840000618BFE2
:1047000014F4802001D001F041FB40F20010C4F20B
:1047100080300068012810D11420C4F20C004168D8
:10472000006808404FF6FB41CFF27C71084218BF89
:1047300014F4002001D002F0ABFD4DF20008C4F2E9
:104740000108D8F80060D8F80C70B80605D516F046
:104750000B0018BF14F4800004D107EA0605A80670
:1047600006D40AE001F0F6FF07EA0605A80604D51C
:1047700014F4000001D001F0EFFF280604D514F076
:10478000807001D002F06AF8680604D514F0007059
:1047900001D002F061F8B80707D516F4807018BF91
:1047A00014F0806001D001F0D9FF4DF20C40C4F24A
:1047B0000100D8F800540668B00605D515F00B00C6
:1047C00018BF14F0006005D106EA0507B80607D443
:1047D0000BE000BF02F044F806EA0507B80604D56E
:1047E00014F0805001D002F03DF8380604D514F0E2
:1047F000005001D002F03CF8780604D514F0804057
:1048000001D002F033F8B00707D515F4807004D05A
:10481000B4F1FF3F01DC02F027F8BFF34F8FBDE892
:10482000F08100002DE9F04141F2000841F28020C2
:10483000C4F20208C4F205000468D8F80060D8F891
:104840000C70B80605D516F00B0018BF14F0010067
:1048500004D107EA0605A80606D40AE002F00AF821
:1048600007EA0605A80604D514F0020001D002F0FC
:1048700003F8280604D514F0040001D002F002F871
:10488000680604D514F0080001D001F0F9FFB8075C
:1048900007D516F4807018BF14F0100001D001F095
:1048A000EDFF41F20C40C4F20200D8F80054066853
:1048B000B00605D515F00B0018BF14F0200005D187
:1048C00006EA0507B80607D40BE000BF01F0DCFFDD
:1048D00006EA0507B80604D514F0400001D001F03F
:1048E000D5FF380604D514F0800001D001F0D4FFC4
:1048F000780604D514F4807001D001F0CBFFB00726
:1049000007D515F4807018BF14F4007001D001F0C1
:10491000BFFF4CF20405C4F201052F682E6978052B
:1049200005D516F0800018BF14F4006002D1B80558
:1049300004D409E000F0A8FEB80505D516F0200063
:1049400018BF14F4805003D1380505D40CE000BF23
:1049500000F09CFE380507D516F0020004D114F4CF
:10496000005001D000F08EFEF80505D516F01D00B0
:1049700018BF14F4804007D1D5F80064D5F810545E
:10498000700509D40EE000BF00F07AFED5F800648F
:10499000D5F81054700505D515F0800018BF14F433
:1049A000803003D1B00505D40AE000BF00F074FEEA
:1049B000B00505D515F0200018BF14F4003003D160
:1049C000300505D40CE000BF00F068FE300507D5C7
:1049D00015F0020004D114F4802001D000F05AFE3A
:1049E000F00507D515F01D0018BF14F4002001D004
:1049F00000F04EFE0425C4F202052F682E697805EA
:104A000005D516F0800018BF14F4001002D1B805C7
:104A100004D409E000F048FEB80505D516F02000E2
:104A200018BF14F4800003D1380505D40CE000BF92
:104A300000F03CFE380507D516F0020004D114F44E
:104A4000000001D000F02EFEF80505D516F01D007F
:104A500018BF14F0807007D1D5F80064D5F8105451
:104A6000700509D40EE000BF00F01AFED5F800640E
:104A7000D5F81054700505D515F0800018BF14F056
:104A8000806003D1B00505D40AE000BF00F014FE39
:104A9000B00505D515F0200018BF14F0006003D153
:104AA000300505D40CE000BF00F008FE300507D546
:104AB00015F0020004D114F0805001D000F0FAFD8E
:104AC000F00505D515F01D0018BF14F0005003D1F6
:104AD000BFF34F8FBDE8F08100F0EAFDBFF34F8FC9
:104AE000BDE8F08170B541F2842047F21805C4F2A8
:104AF0000500C4F2010504682E88E00705D016F011
:104B0000100018BF16F0400002D1A00704D409E03D
:104B100001F09AF8A00705D516F0200018BF16F08E
:104B2000800003D1AE88600705D40AE001F08EF85A
:104B3000AE88600705D516F0100018BF16F04000CB
:104B400002D1200704D409E001F082F8200705D53E
:104B500016F0200018BF16F0800003D12E89E00661
:104B600005D40AE001F076F82E89E00605D516F0A6
:104B7000100018BF16F0400002D1A00604D409E0CE
:104B800001F06AF8A00605D516F0200018BF16F04F
:104B9000800003D12E8E600605D40AE001F05EF895
:104BA0002E8E600605D516F4807018BF16F40070BE
:104BB00002D1200604D409E001F052F8200605D500
:104BC00016F4005018BF16F4804005D1B5F88C508B
:104BD000E00507D40EE000BF01F044F8B5F88C50B2
:104BE000E00507D515F0010004D115F0100001D043
:104BF00001F03AF8A00507D515F0020004D115F42C
:104C0000807001D001F032F8600507D515F004007E
:104C100004D115F4805001D001F02AF844F61805AB
:104C2000C4F202052E88E00305D516F0100018BF67
:104C300016F0400002D1A00304D409E001F004F80A
:104C4000A00305D516F0200018BF16F0800003D190
:104C5000AE88600305D40AE000F0F8FFAE88600378
:104C600005D516F0100018BF16F0400002D1200341
:104C700004D409E001F002F8200305D516F0200065
:104C800018BF16F0800003D12E89E00205D40AE097
:104C900000F0F6FF2E89E00205D516F0100018BFCF
:104CA00016F0400002D1A00204D409E000F0EAFFAF
:104CB000A00205D516F0200018BF16F0800003D121
:104CC0002E8E600205D40AE000F0DEFF2E8E600218
:104CD00005D516F4807018BF16F4007002D12002BA
:104CE00004D409E000F0D2FF200205D516F40050EC
:104CF00018BF16F4804005D1B5F88C50E00107D4F8
:104D00000EE000BF00F0C4FFB5F88C50E00107D5FD
:104D100015F0010004D115F0100001D000F0BAFF29
:104D2000A00107D515F0020004D115F4807001D060
:104D300000F0B2FF600107D515F0040004D115F4AE
:104D4000805001D000F0AAFFBFF34F8F70BD00006C
:104D500070B541F2882044F61845C4F20500C4F24B
:104D6000020504682E88E00705D016F0100018BF71
:104D700016F0400002D1A00704D409E000F090FF33
:104D8000A00705D516F0200018BF16F0800003D14B
:104D9000AE88600705D40AE000F084FFAE886007A3
:104DA00005D516F0100018BF16F0400002D12007FC
:104DB00004D409E000F078FF200705D516F02000A4
:104DC00018BF16F0800003D12E89E00605D40AE052
:104DD00000F06CFF2E89E00605D516F0100018BF14
:104DE00016F0400002D1A00604D409E000F060FFF4
:104DF000A00605D516F0200018BF16F0800003D1DC
:104E00002E8E600605D40AE000F054FF2E8E600658
:104E100005D516F4807018BF16F4007002D1200674
:104E200004D409E000F048FF200605D516F4005030
:104E300018BF16F4804005D1B5F88C50E00507D4B2
:104E40000EE000BF00F03AFFB5F88C50E00507D542
:104E500015F0010004D115F0100001D000F004FF9E
:104E6000A00507D515F0020004D115F4807001D01B
:104E700000F028FF600507D515F0040004D115F4F3
:104E8000805001D000F020FFBFF34F8F70BD0000B5
:104E900070B547F60C4541F28C20C4F20105C4F20E
:104EA000050004682868A9680840000718BF14F0C6
:104EB000400001D0FDF7A8F9286AA96A0840000758
:104EC00018BF14F0800001D0FDF7A0F9286CA96C80
:104ED0000840000718BF14F4807001D0FDF798F95E
:104EE000286EA96E0840000718BF14F4007001D0A6
:104EF000FDF790F90425C4F23C252868012807D164
:104F0000E86F012804D114F4803001D0FEF70EF8C8
:104F1000A868012808D1D5F88000012804D114F42C
:104F2000003001D0FEF700F8E8684EF208050128CD
:104F3000C4F2010507D12868800718BF14F4802047
:104F400001D0FDF7EFFF48F20406C4F23C263068BA
:104F5000012807D1F06F012804D114F4002001D0FA
:104F6000FDF7EAFFB068012808D1D6F880000128D3
:104F700004D114F4801001D0FDF7DCFFF0680128A3
:104F800008D1D5F80004800718BF14F4001001D030
:104F9000FDF7CEFF0425C4F244252868012807D177
:104FA000E86F012804D114F4800001D0FDF7CAFF96
:104FB000A868012808D1D5F88000012804D114F48C
:104FC000000001D0FDF7BCFFE86842F208050128A7
:104FD000C4F2020507D12868800718BF14F080705A
:104FE00001D0FDF7ABFF48F20406C4F24426306856
:104FF000012807D1F06F012804D114F0007001D00E
:10500000FDF7A6FFB068012808D1D6F88000012876
:1050100004D114F0806001D0FDF798FFF0680128FA
:1050200006D1D5F80004800718BF14F0006003D142
:10503000BFF34F8F70BD00BFFDF786FFBFF34F8FEB
:1050400070BD0000F0B581B08C2541F29020C4F213
:105050009C25C4F205000468E868012808D1D5F849
:105060000C03012804D114F0100001D0FDF744FF17
:105070002869012808D1D5F81003012804D114F0BB
:10508000200001D0FDF73CFF2868012808D1D5F8A1
:105090000003012804D114F0400001D0FDF72EFFD9
:1050A0004EF20405C4F204052868A96945F21726E2
:1050B000C0F2F0060840304218BF14F0800001D062
:1050C000FDF718FF48F28C07C4F29C27F868012806
:1050D00008D1D7F80C03012804D114F4807001D052
:1050E000FDF712FF3869012808D1D7F8100301280D
:1050F00004D114F4007001D0FDF70AFF38680128CC
:1051000008D1D7F80003012804D114F4806001D03D
:10511000FDF7FCFED5F80004D5F81814304008421D
:1051200018BF14F4006001D0FDF7ECFE8C27C4F228
:105130009D27F868012808D1D7F80C03012804D16D
:1051400014F4805001D0FDF7E7FE3869012808D13A
:10515000D7F81003012804D114F4005001D0FDF752
:10516000DFFE3868012808D1D7F80003012804D1F0
:1051700014F4804001D0FDF7D1FE4EF61C01D5F8A5
:105180000008C4F2040109683040084218BF14F452
:10519000004001D0FDF7BEFE44F21345C4F2050500
:1051A000287844F2E10600F003000128C4F2050665
:1051B00007D13078800704D514F4003001D000F016
:1051C0001BFA287800F03000102807D130788006CC
:1051D00004D514F4802001D000F010FA48F2003514
:1051E000C4F290252868012808D1D5F8800001284C
:1051F00004D114F4801001D0FDF7D2F868680128BA
:1052000008D1D5F88400012804D114F4001001D08D
:10521000FDF7C4F8A868012808D1D5F8880001284E
:1052200004D114F4800001D0FDF7BCF849F2040069
:10523000C4F20400006810F4403F18BF14F40000EA
:1052400004D1BFF34F8F01B0F0BD00BF02F022F8D0
:10525000BFF34F8F01B0F0BD2DE9F04F81B041F2A7
:10526000204541F294204FF2C04BC4F28025C4F295
:105270000500CFF6FF7B046855F80B004FF2A048FD
:105280000128CFF6FF7808D155F80800012804D18D
:1052900014F0010001D0FBF73DFD4FF2C446CFF6FC
:1052A000FF76A8594FF2A4490128CFF6FF7908D11B
:1052B00055F80900012804D114F0020001D0FBF7D1
:1052C0002BFD286840F2B00A4FF6FF77C4F2040ABB
:1052D0000128C0F2010706D1DAF80000384218BFF1
:1052E00014F004000CD1286801280ED1DAF800006F
:1052F000384218BF14F0080007D0FBF70FFD04E098
:10530000FBF706FD28680128F0D049F22045C4F2D9
:10531000802555F80B00012808D155F80800012810
:1053200004D114F0100001D0FBF7FCFCA8590128AF
:1053300008D155F80900012804D114F0200001D04B
:10534000FBF7F2FC2868012806D1DAF80004C00552
:1053500018BF14F040000FD12868012806D1DAF8F0
:105360000004C00518BF14F080000BD1BFF34F8FAD
:1053700001B0BDE8F08F00BFFBF7D2FC2868012820
:10538000F4D1ECE7FBF7D2FCBFF34F8F01B0BDE8DF
:10539000F08F0000B0B541F29820C4F20500046817
:1053A0004FF630456007C4F2060507D4A0061CD4AA
:1053B000600636D4BFF34F8FB0BD00BF2A882B895B
:1053C000688869891A4040F2F7131A4204D000F045
:1053D00053F9A006ECD508E0084040F27F110842DE
:1053E00018BF00F049F9A006E2D53221C4F2070146
:1053F000B5F80024CB88088809891A4040F2F713D1
:105400001A4205D000F03AF96006D3D509E000BF92
:10541000084040F27F11084218BF00F02FF96006E3
:10542000C8D540F2A440C4F20700427803788178DE
:10543000C07E85061BD412F0010518D11A40012A3E
:1054400015D801F00302032A11D001F00C020C2A36
:105450000DD001F03001302909D000F018011829D1
:1054600005D04106A6D540B2B0F1FF3FA2DCFBF764
:10547000FFFCBFF34F8FB0BD10B545F20004C4F27E
:1054800001042046402100F0D5FC012818BF10BDC2
:105490002046402100F080FC0120BDE8104004F0CF
:1054A00081BA000080B5C10709D040F20041C4F2C2
:1054B000010140F223120A6043F210220A608107C0
:1054C00007D548F210010122C4F20401CAF2A55224
:1054D0000A6041074AF2015C42BF43F6FC32C4F263
:1054E0000502A2F800C0820640F28C0EC4F2050E3E
:1054F00044BF49F2A563CEF80030C30644F2FE3340
:10550000C4F2050304D519880CF107021143198070
:10551000410604D519880CF10202114319800006D6
:1055200042BF7720CEF87807CEF8800780BD000014
:10553000C1072FD1810735D4410706D543F6FC3189
:10554000C4F205014FF425420A80810640F28C0125
:10555000C4F2050144BF49F2A4620A60C20644F2E3
:10556000FE32C4F2050205D5138843F4254323F027
:1055700008031380430605D5138843F4254323F01D
:1055800003031380000642BF7620C1F87807C1F8F4
:105590008007704740F20041C4F2010100220A6016
:1055A0008107C9D548F210010022C4F20401CAF2F1
:1055B000A5520A604107C1D4C7E7000010B544F204
:1055C0000244C4F2050434F8040C800707D44EF2F8
:1055D000A450C0F2000040F2AD41FCF711F9207870
:1055E00000F0C0000F302070102060731E20FCF708
:1055F00037F9002010BD0000704700007047000020
:1056000070470000000000000000000000000000E3
:10561000EFF30980BFF36F8F154B1A681EF0100F60
:1056200008BF20ED108A20E9F04F10602DE9090035
:105630004FF0500080F31188BFF34F8FBFF36F8F8F
:1056400006F004FC4FF0000080F31188BDE809006B
:1056500019680868B0E8F04F1EF0100F08BFB0ECF2
:10566000108A80F30988BFF36F8F704700BF00BFB7
:105670008491FF1F704700007047000070470000D2
:10568000704700007047000070470000704700003E
:10569000704700007047000070470000704700002E
:1056A000704700007047000070470000704700001E
:1056B000704700007047000070470000704700000E
:1056C000074B19680868B0E8F04F80F30988BFF30A
:1056D0006F8F4FF0000080F31188704700BF00BF4C
:1056E0008491FF1F7047000080B54FF0500080F399
:1056F0001188BFF36F8FBFF34F8F07F0C9FF30B131
:105700004EF60450CEF200004FF0805101600020B0
:1057100080F3118880BD000080B540F28460C4F23F
:105720000100006842F2004149F2D80C44F2001234
:10573000C0F2F401C1F6FF7CC4F20502C00704BF49
:1057400042F60051C0F23111CCF8001012F8DA3CE8
:1057500003F00703052B88BF80BDDFE803F00703D4
:105760000B030B1141F20021C0F27A01CCF80410B6
:1057700080BD00BF4FF40041CCF8041080BD00BFD5
:105780001068D2F800E01368126803F01F031206D5
:105790005CBF41F20021C0F27A015A1CC0F308201C
:1057A000B1FBF2F101304843012101EB1E71B0FB66
:1057B000F1F1CCF8041080BD10B54EF6885ECEF243
:1057C000000EDEF8001042F2004241F47001CEF803
:1057D000001040F28461C4F20101096849F2D80C5A
:1057E00044F20013C0F2F402C1F6FF7CC4F20503D8
:1057F000C90704BF42F60052C0F23112CCF80020B3
:1058000013F8DA1C01F00701052929D8DFE801F0B7
:1058100026040A040A0E00BF41F20022C0F27A02F6
:105820001CE000BF4FF4004218E000BF1868196880
:105830001C681B6804F01F041B065CBF41F20022B9
:10584000C0F27A02631CC0F30820B2FBF3F201300D
:105850005043012202EB1171B0FBF1F2CCF80420AD
:1058600000204EF8800C10BD70470000704700000B
:105870007047000070470000B0B544F20042044693
:1058800040F48060C4F2020290420D4602D155B944
:1058900012E000BF4EF2D450C0F2000040F261218D
:1058A000FBF7AEFF45B125F0011028B94FF001100C
:1058B000A8436061B0BD00BF4EF2D450C0F20000FA
:1058C00040F26221FBF79CFF4FF00110A84360619A
:1058D000B0BD0000B0B544F20042044640F4806020
:1058E000C4F2020290420D4602D155B90CE000BF4D
:1058F0004EF2D450C0F2000040F24A21FBF780FF84
:1059000015B125F0011038B14EF2D450C0F20000AC
:1059100040F24B21FBF774FF6069284018BF01205B
:10592000B0BD000070B5164644F20042044640F493
:105930008060C4F2020290420D460FD1022D17D2B0
:10594000022E1FD2012E25D128014FF48041226959
:1059500001FA00F01043206170BD00BF4EF2D45038
:10596000C0F2000040F21621FBF74AFF022DE7D3F8
:105970004EF2D450C0F2000040F21721FBF740FF76
:10598000022EDFD34EF2D450C0F200004FF4067165
:10599000FBF736FF28014FF48041226901FA00F03D
:1059A00022EA0000206170BD70B5164644F2004244
:1059B000044640F48060C4F2020290420D460FD1CA
:1059C000022D17D2022E1FD2012E25D128014FF40D
:1059D0008051226901FA00F01043206170BD00BFC0
:1059E0004EF2D450C0F200004FF4F271FBF708FF02
:1059F000022DE7D34EF2D450C0F2000040F2E51180
:105A0000FBF7FEFE022EDFD34EF2D450C0F20000B0
:105A10004FF4F371FBF7F4FE28014FF48051226933
:105A200001FA00F022EA0000206170BD002A04BFE4
:105A30006FF00200704770B50E4644F20041044614
:105A400040F48060C4F202011546884208D1022E5B
:105A50000FD228684FEA3020052816D924E000BF6D
:105A60004EF2D450C0F20000C321FBF7C9FE022E53
:105A7000EFD34EF2D450C0F20000C421FBF7C0FEB9
:105A800028684FEA302005280ED8012101FA00F0DD
:105A900010F0270F08D068684FEA30100B280FD29B
:105AA000A868B0B920E000BF4EF2D450C0F20000A8
:105AB000C521FBF7A5FE68684FEA30100B28EFD32D
:105AC0004EF2D450C0F20000C621FBF799FEA86840
:105AD00050B148F20201884206D04EF2D450C0F2D2
:105AE0000000C721FBF78CFE002044F82600A9899E
:105AF00004EB860291602169320148F2F27C0CFAD3
:105B000002F6B143D5E90063AD6833432B4303EAA2
:105B10000C0303FA02F21143216170BD70B5164601
:105B200044F20042044640F48060C4F20202904213
:105B30000D4601D14DB913E04EF2D450C0F2000031
:105B40004FF40C71FBF75CFE55B125F0041038B929
:105B5000022E0FD2012E15D120692843206170BD7D
:105B60004EF2D450C0F2000040F23121FBF748FE63
:105B7000022EEFD34EF2D450C0F2000040F2322198
:105B8000FBF73EFE2069A843206170BDB0B544F22A
:105B90000042044640F48060C4F2020290420D4686
:105BA00010D1022D06D34EF2D450C0F20000F921DC
:105BB000FBF726FE28010121226901FA00F01043BB
:105BC0002061B0BD4EF2D450C0F20000F821FBF7C6
:105BD00017FE022DEED3E6E7B0B544F200420446CC
:105BE00040F48060C4F2020290420D4612D1022DB0
:105BF00007D34EF2D450C0F200004FF48671FBF789
:105C0000FFFD28010121226901FA00F022EA0000CB
:105C10002061B0BD4EF2D450C0F2000040F20B1132
:105C2000FBF7EEFD022DECD3E3E70000002804BFF4
:105C30006FF002007047014600204FF6FF72C1E985
:105C4000000088608A81704770470000704700003C
:105C50007047000070470000704700007047000068
:105C60007047000070470000704700007047000058
:105C70007047000070470000704700007047000048
:105C80007047000070470000704700007047000038
:105C90007047000070470000704700007047000028
:105CA0007047000070470000704700007047000018
:105CB0007047000070470000704700007047000008
:105CC00070470000704700007047000070470000F8
:105CD00070470000704700007047000070470000E8
:105CE00070470000704700007047000070470000D8
:105CF00070470000704700007047000070470000C8
:105D000070470000704700007047000070470000B7
:105D100070470000704700007047000070470000A7
:105D20007047000070470000704700007047000097
:105D30007047000070470000704700007047000087
:105D40007047000070470000704700007047000077
:105D50007047000070470000704700007047000067
:105D60007047000070470000704700007047000057
:105D70007047000070470000704700007047000047
:105D80007047000070470000704700007047000037
:105D90007047000070470000B0B50C464FF63F71E9
:105DA000CFF600710C4205462AD14CB345F20000F3
:105DB000C4F2010000F58063291AEB1AB1FA81F2EE
:105DC000B3FA83F352095B091A4300F50063EB1A37
:105DD00000F54060B3FA83F3281A5B09B0FA80F04B
:105DE0001A4340091043A1F58052B2FA82F2A1F59C
:105DF000A0515209B1FA81F110434909084307D172
:105E00004EF20560C0F2000040F21441FBF7F8FCCE
:105E100095F8810004F0C00100F03F00084480F0D4
:105E2000C00085F881006FEA1440C0B2A5F89C005C
:105E3000B0BD0000B0B50C464FF63F71CFF6007113
:105E40000C4205462AD14CB345F20000C4F20100D1
:105E500000F58063291AEB1AB1FA81F2B3FA83F3E1
:105E600052095B091A4300F50063EB1A00F5406024
:105E7000B3FA83F3281A5B09B0FA80F01A43400999
:105E80001043A1F58052B2FA82F2A1F5A051520955
:105E9000B1FA81F110434909084307D14EF2056078
:105EA000C0F2000040F2FB31FBF7AAFC95F881003C
:105EB000B5F89C10204000F0C00001EA14410843EE
:105EC00018BF0120B0BD000070B50446A0F18040AD
:105ED000A0F5A8304FEAB026062E0D4607D34EF2A5
:105EE0000560C0F200004FF48B71FBF789FCCDB365
:105EF0002878022808D34EF20560C0F200004FF463
:105F00008C71FBF77DFC287880B3A888B0F5005F22
:105F100007D34EF20560C0F200004FF49271FBF718
:105F20006FFCE888B0F5005F07D34EF20560C0F261
:105F300000004FF49371FBF763FCA888A4F8880075
:105F4000E888A4F88C00AD68062E07D34EF20560F1
:105F5000C0F200004FF45171FBF752FC0020A58005
:105F600070BD00BF6FF0020070BD00BFA87840F0A8
:105F70000400042826D1E87840F0020002282ED13F
:105F8000687880F08001020142EA11116FF0070287
:105F900052FA81F2082A0BD3C9B2032908D34EF270
:105FA0000560C0F2000040F21D11FBF729FC687883
:105FB000A978EA781143084384F88000AD68062E7A
:105FC000CCD3C3E74EF20560C0F2000040F21B11D3
:105FD000FBF716FCE87840F002000228D0D04EF221
:105FE0000560C0F200004FF48E71FBF709FCC7E7B3
:105FF000F0B581B00E464FF6CF71CFF60071154661
:106000000E42044642D1002E40D045F20000C4F2B8
:10601000010000F58063211AE31AB1FA81F2B3FAA4
:1060200083F352095B091A4300F50063E31A00F594
:106030004060B3FA83F3201A5B09B0FA80F01A4388
:1060400040091043A1F58052B2FA82F2A1F5A051A5
:106050005209B1FA81F110434909084316D006F0FC
:106060003007022D4FEA16461ED2012D24D194F896
:106070008100384340F0C00084F88100B4F89000FB
:106080003043A4F8900001B0F0BD00BF4EF20560AF
:10609000C0F2000040F22941FBF7B2FB06F03007E6
:1060A000022D4FEA1646E0D34EF20560C0F2000022
:1060B00040F22A41FBF7A4FB94F88100B84340F07A
:1060C000C00084F88100B4F89000B043A4F89000B8
:1060D00001B0F0BD10B50446A0F18040A0F5A83095
:1060E0004FEAB020062807D34EF20560C0F2000048
:1060F00040F25641FBF784FB94F8800040F0010029
:1061000084F8800010BD0000002804BF6FF002007A
:10611000704701464FF0007200204FF6FF73C1E94F
:1061200000208B6070470000B0B584B048F2B00525
:10613000C1F6FF75287BBFF35F8FC00706D048F21A
:106140001040C1F6FF70323004B0B0BD05F10C0450
:10615000204604F0ABFF0028F1D04EF224306968ED
:10616000C0F200000830A86561B1A86808B32868CB
:10617000A0B30020E86585F86000A867204604F019
:10618000C5FFDCE74FF0000C05F11000CDE9000C75
:1061900048F2B040C1F6FF7000F132033220002116
:1061A0000122CDF808C006F063FC6860A8680028EA
:1061B000DDD14FF0000C05F1340048F27873CDE9E1
:1061C000000CC1F6FF73322000210122CDF808C077
:1061D00006F04EFCA86028680028CAD148F2AC73CB
:1061E0004FF0030CC1F6FF73012000210022CDF80F
:1061F00000C005F079FF2860BBE70000322070473F
:106200002DE9F04F91B04EF618584EF2001943F2B6
:10621000000B4FF080700121CEF20008CEF2000991
:10622000C4F2050B0127FCF75DF801AD2846FCF729
:1062300025FD4020ADF80E002020ADF80A00022018
:1062400010212A46ADF80470FCF724FA0220202120
:106250002A46FCF71FFA022010212122FCF7D0FB6E
:10626000022020212022FCF7CBFB06AE304600F0B6
:10627000F7FF032007904FF4006008904FF4E130DF
:1062800009904FF40040ABF5583A0D905046314616
:106290000022002500F0CEFE4FF480400121FBF7E4
:1062A000F1FF4FF400300121FBF7ECFF06AE304662
:1062B000FBF798FE4FF4805406940A97FFF79EFF71
:1062C0000B900995FFF730FF08904AF20600CFF6D1
:1062D000FC705844079004200D9058460021324627
:1062E0000C95FBF781FC00283ED12020C0F2020073
:1062F000019046F2B960C0F20000029001A8FCF7DC
:1063000029FEBDF8060001B2B1F1FF3F10DD00F03B
:106310001F01012202FA01F1420909EB8203C3F8CD
:1063200080114844F02380F8003349F8221005E03A
:1063300001F00F004044F02100F8041C40F6140066
:10634000C4F2010040F21711FAF7F2FC584601219D
:10635000FBF7FEFB584601210122FBF755FE58468C
:1063600000210122FBF7DCFA06AE3046FBF73AFECD
:10637000ABF55730A0F57F700890584601213246A2
:106380000694CDE90957CDE90C75FBF72DFCD8BB78
:106390002120C0F20600019046F61900C0F200006C
:1063A000029001A8FCF7D6FDBDF8060001B2B1F1DC
:1063B000FF3F11DD00F01F01012202FA01F1420945
:1063C00009EB8203C3F880114844F02380F80033BE
:1063D00049F8221006E000BF01F00F004044F02110
:1063E00000F8041C40F61400C4F2010004304FF41D
:1063F0008C71FAF79DFC58460121FBF7A9FB584622
:1064000002210122FBF700FE40F21910C0F2070042
:10641000069046F63D00C0F20000079006A8FCF783
:1064200099FDBDF81A0001B2B1F1FF3F10DD00F097
:106430001F01012202FA01F1420909EB8203C3F8AC
:1064400080114844F02380F8003349F8221005E019
:1064500001F00F004044F02100F8041C40F2161037
:10646000C0F20300069046F23970C0F200000790B7
:1064700006A8FCF76FFDBDF81A0001B2B1F1FF3FAD
:1064800010DD00F01F01012202FA01F1420909EBBF
:106490008203C3F880114844F02380F8003349F8A0
:1064A000221005E001F00F004044F02100F8041C28
:1064B00040F21A10C0F20400069046F26170C0F279
:1064C0000000079006A8FCF745FDBDF81A0001B2D0
:1064D000B1F1FF3F10DD00F01F01012202FA01F1CE
:1064E000420909EB8203C3F880114844F02380F885
:1064F000003349F8221005E001F00F004044F0217C
:1065000000F8041C01200121FBF71AFF0120FAF713
:10651000C9FC06AE3046FFF789FB4FF48070069049
:1065200030200790002008904FF40070ABF53C3409
:10653000ADF82400204600213246FFF777FA032009
:10654000FBF760F9204600210122FFF72DFA2046D3
:1065500000210122FFF7E6F950462721012200F031
:10656000E9F911B0BDE8F08F80B582B048F2B00013
:10657000C1F6FF7000680021019178B101A906F011
:1065800039F8019850B14EF60450CEF200004FF0A9
:1065900080510160BFF34F8FBFF36F8F02B080BD9A
:1065A000F0B585B048F2B004C1F6FF74217B054612
:1065B000C807BFF35F8F2DD00020049045B348F289
:1065C0001041C1F6FF71A06801F1320604AF3146F7
:1065D0002A463B4606F07AFC30463221FAF7DBF8D1
:1065E00000F0BEFE022144F85C1F0121217121460A
:1065F0003A4600F0FDFE049850B14EF60450CEF23B
:1066000000004FF080510160BFF34F8FBFF36F8FD9
:1066100005B0F0BD04F10C06304604F047FD00283B
:10662000CAD04EF224306168C0F200000830A06584
:1066300061B1A068F8B1206880B30020E06584F8FB
:106640006000A067304604F061FDB5E7002704F163
:106650001000CDE9000748F2B040C1F6FF7000F12C
:106660003203322000210122029706F001FA606015
:10667000A0680028DFD1002704F1340048F27873C5
:10668000CDE90007C1F6FF733220002101220297F5
:1066900006F0EEF9A06020680028CED148F2AC7375
:1066A0000327C1F6FF73012000210022009705F0A7
:1066B0001BFD2060C1E7000070B588B03220FFF7F5
:1066C0006FFF6E463046FBF78DFC4FF48050009014
:1066D00001200490FFF792FD002505900395FFF738
:1066E00023FD4DF20004C4F201040290A01D0190AC
:1066F0000695042004F558350790284600213246B7
:10670000FBF772FA20460121002200F013F920461F
:106710004FF4807100F0C2F804F5E0400021FFF76B
:106720005BFA20460121012200F004F928460121EC
:10673000FBF7E8F908B070BD10B54DF20004C4F2E3
:106740000104204600F04CF920460B21BDE8104022
:1067500000F0A4B8704700007047000070470000C8
:1067600070B588B043F20004C4F20504204600214D
:106770000026FBF70FFAC0F1320080B232282AD887
:10678000FFF70EFF6D462846FBF72CFC4FF48050B8
:10679000009001200490FFF731FD05900396FFF76C
:1067A000C3FC02904AF20600CFF6FC702044019030
:1067B00004200790204600212A460696FBF714FA8B
:1067C000A4F53C300021FFF707FAA4F558304FF448
:1067D000807100F063F808B070BD0000B0B543F2FE
:1067E0000005C4F205050A46044628460121FBF7C8
:1067F0002FFB284601212246FBF7AEFA284601214D
:106800000122FBF78DF8A5F5583008210122BDE8DB
:10681000B04000F08FB8000010B54DF20004C4F293
:10682000010420464021012200F084F804F558308C
:106830000221BDE81040FBF765B9000080B54DF2BC
:106840000000C4F201004821002200F073F8BDE806
:106850008040FFF789BE00007047000070470000CD
:10686000704700007047000070470000704700004C
:10687000704700007047000070470000704700003C
:10688000704700007047000070470000704700002C
:10689000704700007047000070470000B0B5044624
:1068A00040F6FF70C4F2020084420D460CDC4DF24B
:1068B0000000C4F20100844212D04DF20040C4F244
:1068C000010084420CD029E041F20000C4F2020031
:1068D000844205D041F20040C4F2020084421DD13E
:1068E0002DB14FF61460CFF6FE70284007D04EF25F
:1068F0003660C0F2000040F20141FAF781FF15F066
:106900000B0003D0E16841EA0040E060E80558BFB1
:10691000B0BDE06840F48010E060B0BD4EF236607B
:10692000C0F200004FF48061FAF76AFF002DD8D161
:10693000DDE7000070B5044640F6FF70C4F20200C7
:10694000154684420E460DDC4DF20000C4F20100F3
:10695000844213D04DF20040C4F2010084420DD0B5
:1069600032E000BF41F20000C4F20200844205D0D0
:1069700041F20040C4F20200844225D1022D07D327
:106980004EF23660C0F200004FF46F71FAF738FF34
:1069900016B126F0EF0038B14EF23660C0F20000BA
:1069A00040F2BD31FAF72CFFB0B2002808BF70BD2D
:1069B000012D03D1E1680843E06070BDE16821EA80
:1069C0000000E06070BD00BF4EF23660C0F2000013
:1069D00040F2BB31FAF714FF022DD1D2D8E7000004
:1069E00010B5044640F6FF70C4F2020084420DDC8C
:1069F0004DF20000C4F20100844205D04DF2004087
:106A0000C4F2010084420DD1E08810BD41F20000C3
:106A1000C4F202008442F7D041F20040C4F2020006
:106A20008442F1D04EF23660C0F2000040F2725162
:106A3000FAF7E6FEE08810BD2DE9F04F81B02DEDAC
:106A4000028B84B017468946054699B140F6FF741B
:106A5000C4F20204A5421BDC4DF20000C4F20100A6
:106A6000854229D04DF20040C4F20100854223D076
:106A70001AE000BF4EF23660C0F2000040F2A951A9
:106A8000FAF7BEFE40F6FF74C4F20204A542E3DD4D
:106A900041F20000C4F2020085420DD041F20040F4
:106AA000C4F20200854207D04EF23660C0F2000008
:106AB00040F2AA51FAF7A4FEE86810F00C0F07D0D4
:106AC0004EF23660C0F2000040F2AB51FAF798FE89
:106AD000A5420DDC4DF20000C4F2010085421BD03E
:106AE0004DF20040C4F20100854215D00CE000BF19
:106AF00041F20000C4F2020085420DD041F2004094
:106B0000C4F20200854207D04EF23660C0F20000A7
:106B100040F24921FAF774FE49F2DC0044F2200108
:106B2000C1F6FF70C4F20501006809680622C1F3CE
:106B30000211C840A969EB6802EA4101DA0120FAB2
:106B400001FB15D46869800622D4A54200F3A48015
:106B50004DF20000C4F20100854200F0B1804DF218
:106B60000040C4F20100854200F0AA80A0E000BF0E
:106B7000A5421FDC4DF20000C4F2010085422DD079
:106B80004DF20040C4F20100854227D01EE000BF54
:106B9000A54200F3D9804DF20000C4F20100854205
:106BA00000F0E6804DF20040C4F20100854200F0A2
:106BB000DF80D5E041F20000C4F2020085420DD032
:106BC00041F20040C4F20200854207D04EF2366026
:106BD000C0F2000040F2A511FAF712FE9FEDE78A1D
:106BE000B9F1000F4FF0FF3018BFBBF1000F00F0FC
:106BF00011824FEA8904BBFBF4F0461EFF2E00F21F
:106C00002B8100FB14B00397002800F02981042099
:106C100010EB86004FEA9671A9FB008041F100015C
:106C200009FB01005A46000240EA186A00205FEAA8
:106C300050014FEA3B0010EB082041EB0A01002312
:106C4000F9F744FCA0F180077F2F00F23F8117F194
:106C500080004FF00002A0FB0B0142F1000202FB9A
:106C60000B11B1464FEA082607F0E4F904468846BE
:106C70003046514607F0DEF902460B4620464146B3
:106C800007F06AF807F036F800EE100ABFEE001AB7
:106C900030EE018A4E46ACE141F20000C4F202003F
:106CA00085420DD041F20040C4F20200854207D077
:106CB0004EF23660C0F200004FF4A771FAF7A0FD63
:106CC0009FEDDB8AB9F1000F4FF0FF3018BFBBF129
:106CD000000F00F09F81E868C0F3C030C0F10201EE
:106CE00009FB01F14FEAC10ABBFBFAF14E1EFF2E70
:106CF00000F2E88001FB1AB10397002900F0B08090
:106D00001023711CA3EBC0044FF00000A9FB01127B
:106D100040F1000309FB0322A1FB048102FB0411E3
:106D2000090241EA18625FEA50014FEA3B0010EBAA
:106D300008205141CDE9012600F0F6805A46002393
:106D4000F9F7C4FBF2E000BF41F20000C4F2020018
:106D500085420DD041F20040C4F20200854207D0C6
:106D60004EF23660C0F2000040F2F311FAF748FD2F
:106D70009FEDAF8AB9F1000F4FF0FF3018BFBBF1A4
:106D8000000F00F047810397686910F4400F00F48A
:106D9000600406D0B4F5C00F18BFB4F5200F40F062
:106DA000B5804EF23C41200DC0F2000131F8008068
:106DB00009FB08F04FEA400ABBFBFAF0461EFF2E23
:106DC00052D800FB1AB000284AD0701CA9FB081248
:106DD0004FF0000CA1FB00734CF1000401FB0431E7
:106DE000002302FB00105FEA5C014FEA402040EA0A
:106DF000D7544FEA3B0010EB472061415A460197B8
:106E00000296F9F763FBA0F180077F2F2CD817F1CA
:106E100080004FF00002A0FB0B0142F1000202FBD8
:106E20000B11019A560207F005F9224604468846DE
:106E30003046114607F0FEF802460B462046414612
:106E400006F08AFF06F056FF029E00EE100ABFEE23
:106E5000001A30EE018ACCE04FF0FF30DAE000BFDC
:106E60009FED738AC4E000BF0BEB8B004000B0FBCA
:106E7000FAF04CF6CD410530CCF6CC41A0FB010137
:106E80004FF0FF3000EBD102039FFF2A00F2C280D7
:106E9000501CA9FB08174FF00004A1FB003644F179
:106EA000000401FB04615E0007FB00101446400073
:106EB00040EAD37A584607F0A9F807468846304694
:106EC000514684E04FF0FF30A4E000BF0BEB8B0095
:106ED0004000B0FBF4F04CF6CD410530CCF6CC418F
:106EE000A0FB01014FF0FF3000EBD104FF2C00F2BA
:106EF0009B80042010EB84004FEA9471A0FB09A052
:106F000041F1000101FB09065AE000BFB4F5400F52
:106F10003FF447AF4EF23660C0F2000040F2F91184
:106F2000FAF76EFC3DE700BFB0FBFBF0A0F1800775
:106F30007F2F25D817F180004FF00002A0FB0B0136
:106F400042F1000202FB0B114FEA082607F072F82B
:106F50000C4601998246304607F06CF802460B4613
:106F60005046214606F0F8FE06F0C4FE00EE100A78
:106F7000BFEE001A029E30EE018A3AE000000000E7
:106F80000BEB8B004000B0FBFAF04CF6CD41053026
:106F9000CCF6CC41A0FB01014FF0FF30224600EBC4
:106FA000D104FF2C40D8601CA2FB09124FF0000650
:106FB000A1FB00A346F1000601FB063102FB00160F
:106FC000584607F023F8074688465046314607F0F2
:106FD00031F802460B463846414606F0BDFE06F043
:106FE00089FE00EE100ABFEE001A264630EE018A36
:106FF000FF27A8684FF67F7147EA062288431140B1
:107000000844FF2FA86003D0E86840F00050E86013
:107010000020039F002F18BF87ED008A04B0BDEC4D
:10702000028B01B0BDE8F08F9FED018AF1E700BF50
:10703000000000002DE9F04381B0A9B1814640F67F
:10704000FF70C4F2020090460D46814512DC4DF2FD
:107050000000C4F20100814520D04DF20040C4F28E
:10706000010081451AD011E06FF0020001B0BDE8C7
:10707000F08300BF41F20000C4F2020081450DD050
:1070800041F20040C4F20200814507D04EF2366062
:10709000C0F2000040F22D31FAF7B2FB286840F44C
:1070A0008050B0F5805F2FD1A86840F40060B0F543
:1070B000006F37D1A869002818BFB0F5806F3BD1A9
:1070C000286940F48050B0F5805F41D1686940F490
:1070D0000050B0F5005F49D1E86940F40040B0F5D8
:1070E000004F51D1286A40F08050B0F1805F59D1F3
:1070F000686A40F00040B0F1004F61D1A86AB0F575
:10710000807F69D174E000BF4EF23660C0F20000AB
:1071100040F22E31FAF774FBA86840F40060B0F535
:10712000006FC7D04EF23660C0F2000040F22F313F
:10713000FAF766FBBEE700BFB0F5C06FC0D04EF2F5
:107140003660C0F200004FF44C71FAF759FBB7E714
:107150004EF23660C0F2000040F23131FAF750FBD7
:10716000686940F40050B0F5005FB5D04EF236606B
:10717000C0F2000040F23231FAF742FBE86940F415
:107180000040B0F5004FADD04EF23660C0F20000C6
:1071900040F23331FAF734FB286A40F08050B0F106
:1071A000805FA5D04EF23660C0F200004FF44D7102
:1071B000FAF726FB686A40F00040B0F1004F9DD01E
:1071C0004EF23660C0F2000040F23531FAF718FB9B
:1071D000A86AB0F5807F0BD0B0F5007F08D04EF2E2
:1071E0003660C0F2000040F23631FAF709FBA86AB7
:1071F00005F11807D5E904EC98CFA96843EA0E0316
:10720000A0F500706E6A2A683B43B0FA80F0234311
:1072100041EA0C014009334311434002C9F80C30E4
:10722000C9F81010C9F8140022B1002001B0BDE85F
:10723000F08300BF6868042808D34EF23660C0F2BD
:1072400000004FF45171FAF7DBFA6868C9F81800CA
:10725000E9684846424601B0BDE8F043FFF7ECBBA1
:10726000002804BF6FF002007047014600204FF471
:107270001652C1E90000C1E90202C1E90400C1E9F6
:10728000060020314FF000424FF480730DC170476B
:10729000704700007047000080B500F02FF943F2FE
:1072A0005641C0F21201BDE8804000F06BB9000009
:1072B00010B5044600F022F96168BDE8104000F006
:1072C0003FB900008168022906D0012908D059B9C8
:1072D0000079FBF78DBD00BF0079FBF76DBD00BFE6
:1072E0000079FBF777BD00BF4EF29E10C0F20000A0
:1072F0000078FBF76FBD0000B0B584B000F0FEF879
:10730000044600F069FB21680546CA6801A82146C9
:107310009047DDE90102111A18BF0146121A2846EA
:1073200000F084FB019820B103990290091A02F041
:107330007AF904B0B0BD000080B500F0DFF8016854
:107340008968BDE88040084780B504F03BF803F049
:1073500041FE04F05BF80020BDE8804004F03EBA36
:10736000B0B548F22C15C1F6FF752878BFF35F8FD2
:10737000C00701D0281DB0BD48F22C14C1F6FF741F
:10738000204603F093FE0028F4D0002021464FF061
:107390007E5241F8040FC4E90200C4E90402C4E9C2
:1073A0000600C4E90800C4E90A20C4E90C00C4E9E5
:1073B0000E02C4E91000C4E91200C4E91420C4E9B3
:1073C0001600C4E91802C4E91A00C4E91C00A26747
:1073D00047F2F94040F20002C0F20000C0F20002A1
:1073E000F8F7F7FF204603F091FE281DB0BD00001E
:1073F000F0B581B00C46096801B305291EDC01EB2C
:1074000081011546EFF311864FF0500282F3118887
:10741000BFF36F8FBFF34F8F00EB8100876800E0F1
:107420003F684FB1B8680028FAD021462A460023A9
:1074300004F0FAFFF4E700BF86F3118801B0F0BD55
:10744000002904BF0020704780B5084611464FF060
:10745000FF3205F063F90138B0FA80F0400980BDD1
:1074600070B50E68E6B1052EC8BF70BD0C46054666
:1074700003F0A8FF06EB860005EB8000856800E0BE
:107480002D684DB1A8680028FAD0214600220023BB
:1074900004F094FEF4E700BFBDE8704003F0B6BF0F
:1074A00070BD000070B584B04FF000040192F9B1D6
:1074B0000E4605291CDCDAB1054603F083FF06EB16
:1074C000860005EB800401AA02A82146134601F0BC
:1074D000EFFB9DF80C0008B1012407E001A920464C
:1074E00000F050FE0446002818BF012403F08EFF70
:1074F000204604B070BD000001F0FCBFB0B548F2FA
:10750000B005C1F6FF75287BBFF35F8FC00703D0BE
:1075100005F15800B0BD00BF05F10C04204603F092
:10752000C5FD0028F4D005F1580000F093F820467E
:1075300003F0ECFD05F15800B0BD0000006A704793
:1075400001627047B0B50C4609686268914217D075
:10755000054648F2B000C1F6FF704068521A4FF07D
:10756000FF3305F0D1FBFFF7FBFE012145F8041FB7
:1075700029712946FFF774FFD4E90001081AB0BD4C
:107580000020B0BD80B588B00520CDE90101FFF72E
:10759000E7FE01A9FFF764FF08B080BDF0B583B036
:1075A00048F2B006C1F6FF7648F210457068C1F6A1
:1075B000FF75294632224FF0FF3305F0B9FA044631
:1075C00080B130680021002705F07AF96846CDE9DE
:1075D00000548DF80870FBF77FFC30684FF47A7127
:1075E00005F06EF948F21040C1F6FF703221F9F74C
:1075F000F4F8204603B0F0BDB0B548F2B001C1F6D2
:10760000FF718A6848F2B0410446C1F6FF71104626
:1076100032224FF0FF3305F08BFA98B10546B0F1F6
:10762000FF3F15DD284602F001F84119C4E90001C9
:10763000A16048F2B041C1F6FF712A46F9F724F87B
:10764000B0BD00BF0020C4E90000A060B0BD00BF15
:10765000F8F7B4FEB0B584B048F2B005C1F6FF75D6
:1076600004464EF224306968C0F200000830206001
:1076700051B1A868F8B1286890B300216160217207
:107680002046216204B0B0BD4FF0000C05F110009F
:10769000CDE9000C48F2B040C1F6FF7000F13203B2
:1076A000322000210122CDF808C005F0E1F9686020
:1076B000A8680028DFD14FF0000C05F1340048F233
:1076C0007873CDE9000CC1F6FF733220002101224E
:1076D000CDF808C005F0CCF9A86028680028CCD106
:1076E00048F2AC734FF0030CC1F6FF730120002188
:1076F0000022CDF800C004F0F7FC2860BDE70000D0
:10770000242101F090BF000070470000B0B548F29E
:107710006C25C1F6FF752878BFF35F8FC00701D0D5
:10772000281DB0BD48F26C24C1F6FF74204603F05A
:10773000BDFC0028F4D00020C4E90200C4E9040024
:107740004EF23C304FF07E51C0F20000A161083093
:10775000214641F8040F47F6911040F20002C0F2B2
:107760000000C0F20002F8F734FE204603F0CEFC21
:10777000281DB0BD0868704770B504464EF26C30E5
:10778000E568C0F2000008302060A5B960680021FB
:10779000616018B1A168890001F045FF20461821F9
:1077A000BDE8704001F03FBF28461C2101F03BFFBF
:1077B000002E3546EAD0A8692E6841680029F3D02A
:1077C000E8688847F0E7000070B5054600680E4697
:1077D000426828469047A968002948D04FF05532A2
:1077E00002EA51028A1A4FF0333303EA920322F07D
:1077F000CC321A4402EB121222F0F0324FF0013375
:107800005A43140E012C03D84A1E024007E000BF61
:107810008842024603D3B0FBF1F202FB11026B680F
:1078200053F822301BB31B680BB3022C07D201396B
:1078300017E000BF9D6885421CD01B68BBB15D6826
:107840008542F7D08D4203D3B5FBF1F404FB11550B
:107850009542F2D00BE000BF9D6885420AD01B68BC
:107860002BB15D688542F7D00D409542F7D00020DE
:1078700070BD00BF5A6903F10C00314690470120EA
:1078800070BD0000FEDE000070B504464EF25430BC
:10789000E568C0F200000830206085B9606800210A
:1078A000616018B1A168890001F0BDFE204670BD7D
:1078B00028461C2101F0B7FE002E3546EED0A869FF
:1078C0002E6841680029F3D0E8688847F0E7000097
:1078D00070B5054600680E46426828469047A9687C
:1078E000002948D04FF0553202EA51028A1A4FF06F
:1078F000333303EA920322F0CC321A4402EB121221
:1079000022F0F0324FF001335A43140E012C03D809
:107910004A1E024007E000BF8842024603D3B0FB84
:10792000F1F202FB11026B6853F822301BB31B68A3
:107930000BB3022C07D2013917E000BF9D688542C6
:107940001CD01B68BBB15D688542F7D08D4203D364
:10795000B5FBF1F404FB11559542F2D00BE000BFEA
:107960009D6885420AD01B682BB15D688542F7D0BF
:107970000D409542F7D0002070BD00BF5A6903F159
:107980000C0031469047012070BD0000FEDE000073
:1079900070B504464EF26C30E568C0F20000083065
:1079A000206085B960680021616018B1A168890014
:1079B00001F039FE204670BD28461C2101F033FE3F
:1079C000002E3546EED0A8692E6841680029F3D014
:1079D000E8688847F0E7000070B548F28826C1F6ED
:1079E000FF763078BFF35F8FC00701D0301D70BDC8
:1079F00048F28824C1F6FF74204603F057FB0028A4
:107A0000F4D0251D284600F057FA47F6890040F2C9
:107A10000002C0F20000C0F200022946F8F7D9FCCB
:107A2000204603F073FB301D70BD0000F0B585B03B
:107A30000025022A0195039517D3044608784D784E
:107A40000090A81C90428DF810500DD185B12846A9
:107A50008E1C01F0EBFD471931462A460190039731
:107A6000F8F712FE05E000BF0025284605B0F0BD7E
:107A70000027206802970268694620469047019ACD
:107A80000546002AF1D003980292811A104601F0AF
:107A9000CAFD284605B0F0BD2DE9F04F87B091F83A
:107AA00010A0BAF1020F40F0FA810C46FFF726FD54
:107AB000D4E901540390AC421CD0661BB6F1FF3FE1
:107AC00040F3F681304601F0B1FDE943814616F0FE
:107AD0000300214418D02F4617F8012B4B460128EC
:107AE00003F8012B14D14A4618463D4603291AD300
:107AF0002BE000BF4FF0000800200026841B651C0F
:107B0000B5F1FF3F3EDCD3E1484603290BD31CE02F
:107B10006A78022809F1020089F801200CD10235A7
:107B20001A46032911D209EB0608404523D2AA219F
:107B3000017002F1020B4AE0AA78033589F80220AD
:107B4000024609F103000329EDD3291F11F8042F80
:107B500000F8042B4A780B1D00F8032C8A78A34206
:107B600000F8022CCA7800F8012CEFD1421E09EB74
:107B700006084045DBD34E46841B651CB5F1FF3F2C
:107B800040F39681A8EB0607B5EB470F6FF0404036
:107B900038BF7D00874228BF6FF0004525B12846D9
:107BA00001F044FD814601E04FF0000909EB040BB0
:107BB000AA200BF8010B48463146224609EB05087E
:107BC000F8F762FD1EB13046394601F02CFDC34581
:107BD00004D2BB200BF8010B2FE000BFABEB090474
:107BE000651CB5F1FF3F40F36381A8EB0906B5EBD7
:107BF000460F6FF0404038BF7500864228BF6FF0D7
:107C000000452DB1284601F011FD074601E000BFF7
:107C1000002707EB040BBB200BF8010B3846494645
:107C2000224607EB0508F8F774FDB9F1000F03D001
:107C30004846314601F0F7FCB9460398FFF77EFC51
:107C4000C3450546CDF808A028D20BF8015BC34513
:107C50004FEA152A019580F08A800BF801ABC345E5
:107C60004FEA154AC0F0CC80ABEB0904651CB5F1B6
:107C7000FF3F40F31D81A8EB0907B5EB470F6FF0FD
:107C8000404038BF7D00874228BF6FF00045FDB1FE
:107C9000284601F0CBFC06461BE000BFABEB090415
:107CA000AA46651CB5F1FF3F40F30281A8EB090726
:107CB000B5EB470F6FF0404038BF7D00874228BFCB
:107CC0006FF00045C5B3284601F0B0FC064634E02D
:107CD000002606EB040B30464946224606EB050813
:107CE0000BF801ABF8F715FDB9F1000F03D04846CA
:107CF000394601F098FC019DB146C3454FEA156A2B
:107D0000C0F08580ABEB0904651CB5F1FF3F40F383
:107D1000CF80A8EB0906B5EB460F6FF0404038BFA7
:107D20007500864228BF6FF00045CDB3284601F0AC
:107D30007DFC074635E000BF002606EB040B30460D
:107D40004946224606EB050855460BF801ABF8F705
:107D5000E0FCB9F1000F03D04846394601F063FC5E
:107D6000B146C3454FEA152A0195FFF476AFABEB58
:107D70000904651CB5F1FF3F40F39A80A8EB0907A1
:107D8000B5EB470F6FF0404038BF7D00874228BFFA
:107D90006FF00045D5B1284601F048FC064616E0D4
:107DA000002707EB040B38464946224607EB050837
:107DB0000BF801ABF8F7ADFCB9F1000F03D0484662
:107DC000314601F030FCB94623E000BF002606EB47
:107DD000040B30464946224606EB05080BF801AB7A
:107DE000F8F797FCB9F1000F03D04846394601F087
:107DF0001AFC019DB146C3454FEA154ABFF434AFA2
:107E00000BF801ABC3454FEA156ABFF47BAF0BF823
:107E100001ABDDF808A0B9F1000F18BFCB4505D1C3
:107E20000026CDE904660696002520E0ABEB0904A8
:107E3000B4F1FF3F3CDD204601F0F8FB4946224605
:107E40000646F8F721FC0020CDE9040006906CB14D
:107E50002046351901F0EAFB071931462246049005
:107E60000697F8F711FC059701E000BF3546039827
:107E700004A9FFF767FB049820B106990590091A39
:107E800001F0D1FB1EB1A91B304601F0CCFBB9F1CA
:107E9000000F04D0A8EB0901484601F0C4FBAAF189
:107EA0000200B0FA80F0400907B0BDE8F08F00BFD3
:107EB000F8F784FA086870472DE9F04F87B0044658
:107EC000002025464FF07E5145F8040FC4E902001A
:107ED000C4E904014EF28430C0F200000830206092
:107EE000012002AE4EF2213302900DF10C080DF18B
:107EF000100AC0F2000305A8294632460496CDF8C0
:107F000000A0CDF8048000F08FFA059F4EF29C3956
:107F100048F2812BB869C0F20009C0F2000BC7E932
:107F200005B9416809B1F868884748F261204EF206
:107F3000BC31C0F20000C0F20001C7E90501022017
:107F40004EF221330290C0F2000305A829463246C2
:107F5000FC600496CDF800A0CDF8048000F064FA2F
:107F6000059FB869C7E905B9416809B1F86888474C
:107F700048F265204EF2CC31C0F20000C0F20001A0
:107F8000C7E9050103204EF221330290C0F200033D
:107F900005A829463246FC600496CDF800A0CDF82D
:107FA000048000F041FA059FB869C7E905B9416846
:107FB00009B1F868884748F269204EF2DC31C0F216
:107FC0000000C0F20001C7E905010A204EF221338A
:107FD0000290C0F2000305A829463246FC600496D0
:107FE000CDF800A0CDF8048000F01EFA059FB86916
:107FF000C7E905B9416809B1F868884748F26D20BA
:108000004EF2EC31C0F20000C0F20001C7E90501F8
:108010000B204EF221330290C0F2000305A829463E
:108020003246FC600496CDF800A0CDF8048000F044
:10803000FBF9059FB869C7E905B9416809B1F86856
:10804000884748F271204EF2FC31C0F20000C0F2C5
:108050000001C7E905010D204EF221330290C0F264
:10806000000305A829463246FC600496CDF800A01E
:10807000CDF8048000F0D8F9059FB869C7E905B9C3
:10808000416809B1F868884748F275204EF20C4102
:10809000C0F20000C0F20001C7E905010E204EF257
:1080A00021330290C0F2000305A829463246FC6045
:1080B0000496CDF800A0CDF8048000F0B5F9059F36
:1080C000B869C7E905B9416809B1F868884748F255
:1080D00079204EF21C41C0F20000C0F20001C7E955
:1080E00005010F204EF221330290C0F2000305A8D3
:1080F00029463246FC600496CDF800A0CDF80480F5
:1081000000F092F9059DA869C5E905B9416809B172
:10811000E868884748F27D204EF22C41C0F200000A
:10812000C0F20001EC6068612046A96107B0BDE8BB
:10813000F08F000070B504464EF25430E568C0F28E
:10814000000008302060A5B960680021616018B1A6
:10815000A168890001F067FA20461821BDE8704047
:1081600001F061BA28461C2101F05DFA002E354667
:10817000EAD0A8692E6841680029F3D0E8688847EA
:10818000F0E70000B0B5426882B3D1F800C04EF607
:108190009511C5F6D1310CFB01F383EA13634AF262
:1081A00054644B43C6F64774634083EA53335943E0
:1081B0004FF0553303EA5203D31A4FF0333404EA35
:1081C000930423F0CC33234403EB131323F0F03355
:1081D0004FF0013463434FEA136EBEF1010F81EAA1
:1081E000D13309D8511E03EA01050CE00020002814
:1081F00018BF0120B0BD00BF93421D4603D3B3FB9F
:10820000F2F101FB1235006850F8250018B3006840
:1082100008B3BEF1020F06D2013A16E0816861454B
:10822000E5D00068B8B141688B42F7D0914203D3E2
:10823000B1FBF2F404FB1211A942F2D00BE000BF33
:1082400081686145D3D0006828B141688B42F7D07E
:108250001140A942F7D00020002818BF0120B0BD6E
:10826000FFF71ABC7047000070470000704700001D
:108270007047000070470000704700007047000022
:1082800001F036F9026808461047000001F030F9A5
:10829000F0B581B00029044668D00E46B1F1804F98
:1082A00080F0A080B00001F0C1F92268206022B106
:1082B00060688100104601F0B6F9771E06F0030CE5
:1082C0000023032F4FF00002666015D326F0030150
:1082D000002200BF256845F82230256805EB82059D
:1082E0006B60256805EB8205AB60256805EB8205B0
:1082F00004329142EB60EDD1BCF1000F12D0236843
:108300000021BCF1010F43F822100BD02368BCF10F
:10831000020F03EB8203596004D0216801EB820154
:1083200000228A60A6465EF8081F002900F07A80C5
:108330004FF0553202EA5602B21A4FF0333303EAD5
:10834000920322F0CC321A4402EB121222F0F032E5
:108350004FF001335A434D684FEA126CBCF1020FE3
:108360000ED222683D4042F825E03DE0206800251D
:10837000256018B16168890001F055F9656051E028
:10838000B54203D3B5FBF6F202FB1655226842F85C
:1083900025E00B68002B45D0BCF1020F11D225E07F
:1083A0001A680A60226852F8202012681A6022684F
:1083B00052F8200003600B46284619461B68054604
:1083C00083B35868B04203D3B0FBF6F202FB160049
:1083D000A842F1D0226852F82070002FE0D142F874
:1083E0002010EAE701F014F90B68DBB15A683A4053
:1083F000AA4201D11946F7E7266856F8220058B17B
:1084000018680860206850F822000068186020682A
:1084100050F822000360E7E746F822101946154697
:10842000E2E700BF01B0F0BD2DE9F047D1F804A0AC
:1084300015688946BAF1000F804621D04FF05530BB
:1084400000EA5A00AAEB00004FF0333101EA900134
:1084500020F0CC30084400EB101020F0F0304FF04A
:1084600001314843000E02280CD2AAF10100D9F8CC
:10847000001000EA050751F827608EB920E000BF20
:108480001EE000BF55452F4603D3B5FBFAF101FBB3
:108490001A57D9F8001051F827608EB102284AD235
:1084A000AAF1010004E000BFB168A94200F0B28067
:1084B00036682EB17168A942F6D00140B942F3D0B6
:1084C000089E1C2001F0B2F831680646086848F2A0
:1084D00081214EF29C32C0F20001C0F20002C6E9D6
:1084E00005120021C6E90015D9F80C10B060481C2F
:1084F00001EE100A99ED040ABAF1000FB8EE411A24
:1085000026D002EE10AAB8EE422A20EE022AB4EEDD
:10851000412AF1EE10FA1BDBD9F8001051F82700C0
:10852000002800F0968001683160C5E0B842C7D1EC
:10853000B068A8426ED03668002EC1D07068A842DC
:10854000F6D05045F2D3B0FBFAF101FB1A00EDE78B
:10855000BAF1030F4FEA4A0006D3AAF1010111EA6A
:108560000A0118BF012100E0012181EE000A41EA61
:10857000000405F089FBBCEEC00A10EE107ABC4284
:1085800088BF2746012F01D1022708E0781E074245
:1085900005D0384600F0DAFCD9F804A00746574564
:1085A00004D948463946FFF773FE42E041D299EDBF
:1085B000030A99ED041AB8EE400A80EE010A05F0AC
:1085C00063FBBCEEC00ABAF1030F10EE100A29D308
:1085D0004FF0553101EA5A01AAEB01014FF0333255
:1085E00002EA910221F0CC31114401EB111121F08A
:1085F000F0314FF001325143090E012912D8411ECA
:10860000B1FA81F1C1F120010122022828BF02FA4A
:1086100001F009E00020C8F8006088F80400BDE817
:10862000F08700BF00F092FC874298BF074657458D
:10863000B7D3D9F804A0AAF101001AEA000F19D1A2
:1086400000EA0507D9F8001051F8270000287FF448
:108650006AAF09F1080002680660326041F827003D
:10866000306850B34068AAF101011AEA010F19D12C
:1086700008401DE0554509D22F46D9F8001051F8A1
:10868000270000287FF44FAFE3E700BFB5FBFAF007
:1086900000FB1A57D9F8001051F8270000287FF482
:1086A00042AFD6E7504503D3B0FBFAF101FB1A0005
:1086B000D9F8001001EB80000660D9F80C000130F9
:1086C000C9F80C000120C8F8006088F80400BDE873
:1086D000F0870000F0B581B00029044668D00E464E
:1086E000B1F1804F80F0A080B00000F09FFF2268C1
:1086F000206022B160688100104600F094FF771E70
:1087000006F0030C0023032F4FF00002666015D320
:1087100026F00301002200BF256845F822302568B5
:1087200005EB82056B60256805EB8205AB6025686B
:1087300005EB820504329142EB60EDD1BCF1000FF4
:1087400012D023680021BCF1010F43F822100BD096
:108750002368BCF1020F03EB8203596004D0216847
:1087600001EB820100228A60A6465EF8081F0029FC
:1087700000F07A804FF0553202EA5602B21A4FF0FA
:10878000333303EA920322F0CC321A4402EB121282
:1087900022F0F0324FF001335A434D684FEA126C29
:1087A000BCF1020F0ED222683D4042F825E03DE0C8
:1087B00020680025256018B16168890000F033FF4A
:1087C000656051E0B54203D3B5FBF6F202FB1655E6
:1087D000226842F825E00B68002B45D0BCF1020F5F
:1087E00011D225E01A680A60226852F82020126827
:1087F0001A60226852F8200003600B46284619468A
:108800001B68054683B35868B04203D3B0FBF6F249
:1088100002FB1600A842F1D0226852F82070002F07
:10882000E0D142F82010EAE700F0F2FE0B68DBB17D
:108830005A683A40AA4201D11946F7E7266856F825
:10884000220058B118680860206850F822000068BB
:108850001860206850F822000360E7E746F822100D
:1088600019461546E2E700BF01B0F0BD2DE9F0471B
:10887000D1F804A015688946BAF1000F804621D0CE
:108880004FF0553000EA5A00AAEB00004FF03331A8
:1088900001EA900120F0CC30084400EB101020F0E9
:1088A000F0304FF001314843000E02280CD2AAF1FB
:1088B0000100D9F8001000EA050751F827608EB9C9
:1088C00020E000BF1EE000BF55452F4603D3B5FB97
:1088D000FAF101FB1A57D9F8001051F827608EB150
:1088E00002284AD2AAF1010004E000BFB168A942FF
:1088F00000F0B28036682EB17168A942F6D001400E
:10890000B942F3D0089E1C2000F090FE3168064664
:10891000086848F28D214EF29C32C0F20001C0F28C
:108920000002C6E905120021C6E90015D9F80C10AD
:10893000B060481C01EE100A99ED040ABAF1000F6C
:10894000B8EE411A26D002EE10AAB8EE422A20EE66
:10895000022AB4EE412AF1EE10FA1BDBD9F800101E
:1089600051F82700002800F0968001683160C5E0CA
:10897000B842C7D1B068A8426ED03668002EC1D0C8
:108980007068A842F6D05045F2D3B0FBFAF101FB73
:108990001A00EDE7BAF1030F4FEA4A0006D3AAF135
:1089A000010111EA0A0118BF012100E0012181EE55
:1089B000000A41EA000405F067F9BCEEC00A10EEB7
:1089C000107ABC4288BF2746012F01D1022708E058
:1089D000781E074205D0384600F0B8FAD9F804A04E
:1089E0000746574504D948463946FFF773FE42E02B
:1089F00041D299ED030A99ED041AB8EE400A80EECF
:108A0000010A05F041F9BCEEC00ABAF1030F10EEFD
:108A1000100A29D34FF0553101EA5A01AAEB01019E
:108A20004FF0333202EA910221F0CC31114401EBD4
:108A3000111121F0F0314FF001325143090E01299B
:108A400012D8411EB1FA81F1C1F1200101220228A0
:108A500028BF02FA01F009E00020C8F8006088F899
:108A60000400BDE8F08700BF00F070FA874298BFAD
:108A700007465745B7D3D9F804A0AAF101001AEA6E
:108A8000000F19D100EA0507D9F8001051F82700A6
:108A900000287FF46AAF09F10800026806603260BE
:108AA00041F82700306850B34068AAF101011AEA82
:108AB000010F19D108401DE0554509D22F46D9F8BC
:108AC000001051F8270000287FF44FAFE3E700BF04
:108AD000B5FBFAF000FB1A57D9F8001051F827003F
:108AE00000287FF442AFD6E7504503D3B0FBFAF13C
:108AF00001FB1A00D9F8001001EB80000660D9F8DC
:108B00000C000130C9F80C000120C8F8006088F89A
:108B10000400BDE8F0870000F0B581B000290446EC
:108B200068D00E46B1F1804F80F0A080B00000F018
:108B30007DFD2268206022B160688100104600F04F
:108B400072FD771E06F0030C0023032F4FF0000286
:108B5000666015D326F00301002200BF256845F8A2
:108B60002230256805EB82056B60256805EB8205E0
:108B7000AB60256805EB820504329142EB60EDD1D4
:108B8000BCF1000F12D023680021BCF1010F43F8A3
:108B900022100BD02368BCF1020F03EB8203596053
:108BA00004D0216801EB820100228A60A6465EF8AB
:108BB000081F002900F07A804FF0553202EA560271
:108BC000B21A4FF0333303EA920322F0CC321A4444
:108BD00002EB121222F0F0324FF001335A434D688B
:108BE0004FEA126CBCF1020F0ED222683D4042F8EF
:108BF00025E03DE020680025256018B16168890006
:108C000000F011FD656051E0B54203D3B5FBF6F20B
:108C100002FB1655226842F825E00B68002B45D070
:108C2000BCF1020F11D225E01A680A60226852F8DE
:108C3000202012681A60226852F8200003600B4658
:108C4000284619461B68054683B35868B04203D3CB
:108C5000B0FBF6F202FB1600A842F1D0226852F8EF
:108C60002070002FE0D142F82010EAE700F0D0FC9D
:108C70000B68DBB15A683A40AA4201D11946F7E7BE
:108C8000266856F8220058B118680860206850F825
:108C9000220000681860206850F822000360E7E7AF
:108CA00046F8221019461546E2E700BF01B0F0BDB4
:108CB0002DE9F0478946804610684EF69511C5F6B5
:108CC000D13100FB01F21F4682EA12624AF254637C
:108CD0004A43C6F647735A4082EA5232D9F80440F2
:108CE000514381EAD13AFCB14FF0553101EA5401C8
:108CF000611A4FF0333202EA910221F0CC31114473
:108D000001EB111121F0F0314FF001325143090E06
:108D100002290BD2611ED9F800200AEA010552F897
:108D200025608EB91EE000BF1CE000BFA24555467D
:108D300003D3BAFBF4F202FB14A5D9F8002052F8D1
:108D400025607EB102293AD2611E03E0B2688242F8
:108D500000F0A08036682EB172685245F6D00A4005
:108D6000AA42F3D00C2000F061FC064600213868CE
:108D7000C6E9001AD9F80C10B060481C01EE100AC0
:108D800099ED040AB8EE411A34B302EE104AB8EE77
:108D9000422A20EE022AB4EE412AF1EE10FA1BDB41
:108DA000D9F8001051F82500002800F090800168E3
:108DB0003160BDE0A942D5D1B16881426AD0366840
:108DC000002ECFD071685145F6D0A142F2D3B1FB4D
:108DD000F4F202FB1411EDE7032C4FEA440005D333
:108DE000611E214018BF012101E000BF012181EE79
:108DF000000A41EA000504F047FFBCEEC00A10EE8D
:108E0000107ABD4288BF2F46012F01D1022708E00A
:108E1000781E074205D0384600F098F8D9F804408B
:108E20000746A74204D948463946FFF775FE40E099
:108E30003FD299ED030A99ED041AB8EE400A80EE8C
:108E4000010A04F021FFBCEEC00A032C10EE100A48
:108E500028D34FF0553101EA5401611A4FF03332F3
:108E600002EA910221F0CC31114401EB111121F001
:108E7000F0314FF001325143090E012912D8411E41
:108E8000B1FA81F1C1F120010122022828BF02FAC2
:108E900001F009E00020C8F8006088F80400BDE88F
:108EA000F08700BF00F052F8874298BF0746A742FC
:108EB000B9D3D9F80440601E044217D100EA0A056C
:108EC000D9F8001051F8250000287FF470AF09F19F
:108ED000080002680660326041F82500306840B33F
:108EE0004068611E0C4219D108401DE0A24509D21C
:108EF0005546D9F8001051F8250000287FF457AFE7
:108F0000E5E700BFBAFBF4F000FB14A5D9F80010A8
:108F100051F8250000287FF44AAFD8E7A04203D3D8
:108F2000B0FBF4F101FB1400D9F8001001EB800054
:108F30000660D9F80C000130C9F80C000120C8F80F
:108F4000006088F80400BDE8F08700002DE9F041DA
:108F5000D32816D84EF2A0113022C0F2000100BF73
:108F6000530801EB830757F8046B6FEA52058642FA
:108F70003CBF53193946002B1A46F1D10868BDE8A9
:108F8000F08110F1040F80F0B1824CF29D02410893
:108F9000C9F60942A1FB02124FEA9218D2224EF200
:108FA000602E08FB1200C0F2000E08FB02F430270E
:108FB000724600BF7B0802EB830656F8045B6FEA3B
:108FC000570185423CBF7B183246002B1F46F1D12A
:108FD000A2EB0E004EF2A0138210C0F200034FF07D
:108FE000D20C5EF822002044052400BF53F8245020
:108FF000B0FBF5F6AE42C2D306FB05F1884200F0A5
:10900000698201342F2CF1D140F2A314A4F1D005D0
:10901000B0FBF5F6AE42B2D306FB05F1884200F094
:109020005982A4F1C606B0FBF6F70A35AF42A6D3C3
:1090300007FB06F1884200F04D82A4F1C406B0FBA4
:10904000F6F70235AF429AD307FB06F1884200F0EB
:109050004182A4F1C006B0FBF6F70435AF428ED3CF
:1090600007FB06F1884200F03582A4F1BE06B0FB92
:10907000F6F70235AF42FFF482AF07FB06F18842F4
:1090800000F02882A4F1BA06B0FBF6F70435AF422F
:10909000FFF475AF07FB06F1884200F01B82A4F1D4
:1090A000B406B0FBF6F70635AF42FFF468AF07FB36
:1090B00006F1884200F00E82A4F1B206B0FBF6F78A
:1090C0000235AF42FFF45BAF07FB06F1884200F0C8
:1090D0000182A4F1AC06B0FBF6F70635AF42FFF40F
:1090E0004EAF07FB06F1884200F0F481A4F1A80618
:1090F000B0FBF6F70435AF42FFF441AF07FB06F1D2
:10910000884200F0E781A4F1A606B0FBF6F702352D
:10911000AF42FFF434AF07FB06F1884200F0DA817A
:10912000A4F1A206B0FBF6F70435AF42FFF427AF77
:1091300007FB06F1884200F0CD81A4F19C06B0FB4C
:10914000F6F70635AF42FFF41AAF07FB06F1884287
:1091500000F0C081A4F19606B0FBF6F70635AF42E9
:10916000FFF40DAF07FB06F1884200F0B381A4F1D4
:109170009406B0FBF6F70235AF42FFF400AF07FBF1
:1091800006F1884200F0A681A4F18E06B0FBF6F746
:109190000635AF42FFF4F3AE07FB06F1884200F05C
:1091A0009981A4F18A06B0FBF6F70435AF42FFF4CB
:1091B000E6AE07FB06F1884200F08C81A4F1880638
:1091C000B0FBF6F70235AF42FFF4D9AE07FB06F16C
:1091D000884200F07F81A4F18206B0FBF6F70635E5
:1091E000AF42FFF4CCAE07FB06F1884200F072817B
:1091F000A4F17E06B0FBF6F70435AF42FFF4BFAE34
:1092000007FB06F1884200F06581A4F17806B0FB07
:10921000F6F70635AF42FFF4B2AE07FB06F188421F
:1092200000F05881A4F17006B0FBF6F70835AF42A4
:10923000FFF4A5AE07FB06F1884200F04B81A4F1D4
:109240006C06B0FBF6F70435AF42FFF498AE07FBAF
:1092500006F1884200F03E81A4F16A06B0FBF6F701
:109260000235AF42FFF48BAE07FB06F1884200F0F7
:109270003181A4F16606B0FBF6F70435AF42FFF486
:109280007EAE07FB06F1884200F02481A4F164065B
:10929000B0FBF6F70235AF42FFF471AE07FB06F103
:1092A000884200F01781A4F16006B0FBF6F70435A0
:1092B000AF42FFF464AE07FB06F1884200F00A817A
:1092C000A4F15806B0FBF6F70835AF42FFF457AEED
:1092D00007FB06F1884200F0FD80A4F15206B0FBC6
:1092E000F6F70635AF42FFF44AAE07FB06F18842B7
:1092F00000F0F080A4F14E06B0FBF6F70435AF4263
:10930000FFF43DAE07FB06F1884200F0E380A4F1D4
:109310004806B0FBF6F70635AF42FFF430AE07FB68
:1093200006F1884200F0D680A4F14606B0FBF6F7BD
:109330000235AF42FFF423AE07FB06F1884200F08E
:10934000C980A4F14206B0FBF6F70435AF42FFF442
:1093500016AE07FB06F1884200F0BC80A4F13C0683
:10936000B0FBF6F70635AF42FFF409AE07FB06F196
:10937000884200F0AF80A4F13A06B0FBF6F7023560
:10938000AF42FFF4FCAD07FB06F1884200F0A2807B
:10939000A4F13406B0FBF6F70635AF42FFF4EFADAB
:1093A00007FB06F1884200F09580A4F12E06B0FB81
:1093B000F6F70635AF42FFF4E2AD07FB06F188424F
:1093C00000F08880A4F12A06B0FBF6F70435AF421E
:1093D000FFF4D5AD07FB06F188427BD0A4F1280647
:1093E000B0FBF6F70235AF42FFF4C9AD07FB06F15B
:1093F00088426FD0A4F12406B0FBF6F70435AF42E3
:10940000FFF4BDAD07FB06F1884263D0A4F11E0650
:10941000B0FBF6F70635AF42FFF4B1AD07FB06F13E
:10942000884257D0A4F11C06B0FBF6F70235AF42D4
:10943000FFF4A5AD07FB06F188424BD0A4F1160658
:10944000B0FBF6F70635AF42FFF499AD07FB06F126
:1094500088423FD0A4F11206B0FBF6F70435AF42C4
:10946000FFF48DAD07FB06F1884233D0A4F110065E
:10947000B0FBF6F70235AF42FFF481AD07FB06F112
:10948000884227D0A4F10C06B0FBF6F70435AF42B2
:10949000FFF475AD07FB06F188421BD0A4F10A0664
:1094A000B0FBF6F70235AF42FFF469AD07FB06F1FA
:1094B00088420FD0B0FBF4F605F10A018E4238BFA6
:1094C000BDE8F08106FB04F1884204F1D2047FF488
:1094D0009DAD00BF501C302808BF08F10108B0F155
:1094E000300218BF024608FB0CF47AE5F6F766FF77
:1094F000F6F764FFB0B50446C06E30B105680C21C4
:1095000000F091F8002D2846F8D1606E00216166C8
:1095100018B1A16E890000F086F8A06D38B100BFC7
:1095200005680C2100F07FF8002D2846F8D1206D49
:109530000021216518B1616D890000F074F8606C3C
:1095400038B100BF05680C2100F06DF8002D2846E9
:10955000F8D1E06B0021E16318B1216C890000F0C3
:1095600062F8206B38B100BF05680C2100F05BF891
:10957000002D2846F8D1A06A0021A16218B1E16A45
:10958000890000F050F8E06938B100BF05680C218F
:1095900000F049F8002D2846F8D16069002161618A
:1095A00018B1A169890000F03EF8A06838B100BF89
:1095B00005680C2100F037F8002D2846F8D1206806
:1095C0000021216018B16168890000F02CF8204664
:1095D000B0BD0000804701A000F050F87465726DC6
:1095E000696E6174655F68616E646C657220756E2A
:1095F00065787065637465646C79207265747572E2
:109600006E65640048F60000C1F6FF7000687047A0
:10961000F6F7D4FE48F20800C1F6FF700068FFF7C5
:10962000D9FFF6F72CBFFFF7FCBF000010B50446CA
:10963000002808BF012400BF2046F6F7F1FE0028ED
:1096400018BF10BDFFF7DEFF08B18047F4E7002028
:1096500010BD000001A000F011F800BF5075726548
:10966000207669727475616C2066756E6374696FBB
:109670006E2063616C6C656421000000F6F79EFE4D
:1096800048F2A810C1F6FF704068002814BF4FF0E0
:10969000FF31704703F014B982B003F0F3FF01AC5F
:1096A000019000BF01F08EFE00F096F801F0AEFED2
:1096B0002046012103F052FDF4E700002DE9F043BC
:1096C00081B0804634201C4617468946F6F7A8FE2E
:1096D00030B348F2D836C1F6FF760546B06A804707
:1096E000306900281CBF4562A8627169089800298A
:1096F00008BF7561C5E90250F06A0021356185F83F
:109700003010EC6269622F84C5E90091C5E904510B
:10971000A961C5F81C808047A86801B0BDE8F08346
:10972000002001B0BDE8F08370B548F2D836C1F62C
:10973000FF7672780D4604460AB9B06A8047ACB12C
:10974000616811B104F1100088477069844221D02A
:109750003069A56A84422FD0606A686285622046BB
:10976000F6F78DFE707880B135E000BF746944B1C2
:10977000E06A2946F7F758F80028E1D0646A002C1F
:10978000F6D17078002818BF70BDF06ABDE870404F
:10979000004700BF656A002105F12800002D08BFC1
:1097A00006F1100001602046F6F769FE75617078D9
:1097B0000028EAD00FE000BF05F12400002D08BF0B
:1097C00006F11400002101602046F6F758FE3561CD
:1097D00070780028D9D070BD2DE9F04381B048F2EF
:1097E000D835C1F6FF752879012838D1D5E9054665
:1097F0004FF00009C5F8189085F804907CB3A86A6A
:1098000080474FF0010885F8018001E0646A14B3D5
:10981000D4E9061031448142A161F7D394F8302095
:10982000081A012AA06107D0216804F1080084F811
:109830003080884784F83090208C0028E6D00138AA
:1098400001042084E2D1676A20460021FFF76CFF03
:10985000002F3C46DCD1E86A80470020687001B0E8
:10986000BDE8F083D0E9001048F2D832C1F6FF72AB
:10987000C2E90A107047000080B548F2D831C1F63D
:10988000FF7101F1180C9CE80C10034402EB000E70
:109890000122ACEB00000A71C1E906E3086280BD59
:1098A00080B5012902D9002080BD00BF48F2000E1A
:1098B000C1F6FF7E724612F8043FFF2B12D07246AB
:1098C00012F8053FFF2B11D0724612F8063FFF2B0E
:1098D00010D01EF8072FFF2AE5D14FF0030C724677
:1098E0000AE000BF4FF0000C06E000BF4FF0010C93
:1098F00002E000BF4FF0020C107048F27440C1F655
:10990000FF7060444171B1FA81F14909417201204F
:1099100080BD000048F27441C1F6FF71086148F251
:109920000000C1F6FF704FF0FF3242600022C1E933
:109930000722A1F803200A701F2101707047000060
:1099400048F27440C1F6FF700078704748F2744CDA
:10995000C1F6FF7C9CF80030D3B128B19CF80420FC
:10996000624492F8242002709CF8040021B10CEBB0
:10997000000292F828200A700130C1B2043918BFE1
:109980000146581E8CF804108CF8000009E000BF56
:1099900000281CBFFF22027000291EBF0020087093
:1099A000704770472DE9F04F81B048F27445C1F619
:1099B000FF752969002900F0738148F20009834688
:1099C0004FF0000AC1F6FF79002185F801A007E0F9
:1099D00086F820A00131C8B20428697080F0608147
:1099E00059FA81F00079FF28F4D02969884769780D
:1099F00040B16818027E80F814A0132A0CD85A448B
:109A0000027617E06818027D80F818A0132A09D89A
:109A10005A4402750EE000BF427A5AB90122AA7078
:109A2000427207E0427A012A02BF0122AA7080F83E
:109A300009A000BF6E1896F805E096F80980A8788E
:109A4000F04511D1002871D009EB010099F80040D0
:109A500090F804C0E70785F802A03DD1600750D414
:109A6000E00656D462E000BF002800F08B80307F13
:109A700085F802A0012840F0B78099F8004086F8E8
:109A80001CA004F01800082800F0B68004F01C00A8
:109A9000082800F0CD80A00715D5EA7809EB010071
:109AA0000079AB180227013283F82870D7B2EA7028
:109AB000042F83F8240008BF85F803A02878032822
:109AC0009CBF01302870304610F8202F022A08BFB2
:109AD00080F800A056E000BFEF780122E8190137B6
:109AE00080F82820FAB2EF70042A80F824C008BF5A
:109AF00085F803A02F78032F9CBF781C287060077F
:109B0000AED50120307705EB4100A0F82CA0E0068F
:109B10000CD596F82070012F00F0A48037B90120F1
:109B200086F8200005EB4100A0F834A0304610F87C
:109B30001C2F012A26D105EB4102978D5F44BCB250
:109B4000B4F57A7F97851DD399F80020520716D572
:109B5000EF7809EB010292F804C0EC1904220137F6
:109B600084F82820FAB2EF70042A84F824C008BFD1
:109B700085F803A02F78032F9CBF7A1C2A7080F8E9
:109B800000A000BF96F8200001287FF423AF05EB6A
:109B90004100828E5A4493B2B3F5967F8286FFF4D9
:109BA00019AF307F00287FF413AFF0453FF410AFBA
:109BB00099F8000000077FF50BAFEA7809EB010088
:109BC0000079AB180827013283F82870D7B2EA7001
:109BD000042F83F8240008BF85F803A02878032801
:109BE0009CBF01302870F3E699F8004004F01C0097
:109BF00008287FF450AF1BE0EA7809EB010090F8E9
:109C000004C0AF180820013287F82800D0B2EA70EB
:109C1000042887F824C008BF85F803A02878032803
:109C20009CBF0130287004F01C0008287FF433AF7B
:109C3000EA7809EB01000079AF180823013287F8B0
:109C40002830D3B2EA70042B87F8240008BF85F8C7
:109C500003A0287803289CBF01302870A0073FF597
:109C60001CAF30E7E87810232A180130C4B282F81C
:109C70002830E870042C82F824C008BF85F803A0BF
:109C8000287803289CBF01302870022086F8200025
:109C9000304610F81C2F012A3FF44DAF72E700BF89
:109CA00001B0BDE8F08F000082B0FDF759FB4EF225
:109CB0009A10C0F2000090F800804EF29B10C0F2A3
:109CC000000090F800904EF29C10C0F20000067860
:109CD0004EF29D10C0F2000007780DF106040DF160
:109CE000070502E00A20F8F7F7FFFFF729FE002832
:109CF000F8D020462946FFF729FE9DF807000828DE
:109D0000F0D19DF80600411E0329EBD83846DFE864
:109D100001F00407090300BF4046F9F74DF8E1E7F9
:109D20003046FAE74846F8E78CB0FDF719FB0446E1
:109D3000FDF7ECFC0546042009900BA84EF22033F9
:109D4000291D09AA0AAF0090C0F2000302A80B92D5
:109D50000197FEF78BFD029E4EF29C3148F28D2258
:109D6000B069C0F20001C0F20002C6E905214168F5
:109D700009B1F068884747F2C520C0F2000048F2F8
:109D80001427F06048F28520C1F6FF77C0F200008A
:109D90003A6870614EF2AC30C0F20000B06162B956
:109DA00048F2606200263B1DC1F6FF720A201C21AA
:109DB000009602F099F90246386020460421FDF72A
:109DC00071FB02AE396820463246FDF739FB0028A8
:109DD000F8D028683146026828469047F2E700002C
:109DE00070B586B0082001210126F8F7A9FA03AC66
:109DF0002046FCF789F941F20000C0F2002045F24C
:109E0000004503904CF24F30C4F2010505902846FE
:109E10002146FCF759F8284610210122FCF7E8F802
:109E200040F20310C0F20800019040F66D50C0F2FD
:109E30000000029001A8F9F78DF8BDF8060001B204
:109E4000B1F1FF3F14DD4EF2001300F01F01420993
:109E5000CEF2000306FA01F103EB8206C6F8801188
:109E60001844F02680F8006343F8221006B070BD55
:109E700001F00F004EF61451CEF20001F0224254D0
:109E800006B070BD70B586B0022001210225012602
:109E9000F8F756FA0120F7F705F802AC2046FBF771
:109EA000C5FE4FF48070ADF8145044F200450290A6
:109EB0000020C4F20205CDE9030028460121224614
:109EC000FBF7B4FD0320F7F79DFC28464FF48021F3
:109ED0000122FBF723FE4320009041F2BD70C0F247
:109EE000000001906846F9F735F8BDF8020001B2AC
:109EF000B1F1FF3F14DD4EF2001300F01F014209E3
:109F0000CEF2000306FA01F103EB8206C6F88011D7
:109F10001844F02680F8006343F8221006B070BDA4
:109F200001F00F004EF61451CEF20001F02242541F
:109F300006B070BD70B586B0042001210126F8F787
:109F4000FFF903AC2046FCF7DFF841F20000C0F255
:109F5000002045F2000503904CF24F30C4F2010599
:109F6000059028462146FBF7AFFF28461021012225
:109F7000FCF73EF840F20010C0F20100019045F2FB
:109F80007940C0F20000029001A8F8F7E3FFBDF8A5
:109F9000060001B2B1F1FF3F14DD4EF2001300F0F4
:109FA0001F014209CEF2000306FA01F103EB82061B
:109FB000C6F880111844F02680F8006343F8221098
:109FC00006B070BD01F00F004EF61451CEF2000144
:109FD000F022425406B070BD50B1416841B1816871
:109FE0000020002908BF6FF0030040B2704700BF97
:109FF000FC2040B2704700004FF47A71484344F6A9
:10A00000D351C1F26201A0FB0101880901F08CBBB0
:10A0100003F038BB80B5FF20FBF744FAF6F7C6FE25
:10A02000FFF730FFFFF786FFFFF7DAFEFCF7E8F8EF
:10A0300000F082F800F062F800F046F800F05EFFF1
:10A0400000F0B4FF00F0C0FF00F09CFFFF20BDE86F
:10A050008040FBF76DBA000080B500F0A5F8002045
:10A0600080BD000080B500F0C7F8002080BD000072
:10A0700080B500F0E9F8002080BD000000207047A6
:10A080000020704700207047002070470020704774
:10A090000020704780B598B10146006880B14A68D9
:10A0A00072B1097A4B1E032B02D2002040B280BD50
:10A0B00031B991B2FCF792FB002040B280BD00BFE5
:10A0C000FC2040B280BD000080B54AF6C160C0F2FD
:10A0D0000000FFF71FFC01200021FFF7E1FB022039
:10A0E0000021FFF7DDFB03200021FFF7D9FB04204F
:10A0F0000021BDE88040FFF7D3BB000010B586B05B
:10A1000001AC2046F8F7BAFD022080212246F8F77C
:10A11000C1FA022040212246F8F7BCFA03204FF48E
:10A1200000412246F8F7B6FA03204FF48041224658
:10A13000F8F7B0FA06B010BD10B586B001AC2046F5
:10A14000F8F79CFD0220ADF8060001204FF4005105
:10A150002246F8F79FFA01204FF400412246F8F713
:10A1600099FA03204FF400712246F8F793FA03207E
:10A170004FF480612246F8F78DFA01204FF4005128
:10A18000F8F71EFC01204FF40041F8F719FC0320FA
:10A190004FF40071F8F714FC03204FF48061F8F7D6
:10A1A0000FFC06B010BD000010B50446C00713D167
:10A1B000A00718D4600704D503204FF40071F8F706
:10A1C0006BFD200758BF10BD03204FF48061BDE830
:10A1D0001040F8F761BD00BF01204FF40051F8F7BF
:10A1E0005BFDA007E6D501204FF40041F8F754FDD0
:10A1F0006007E6D5E0E7000010B50446C00713D1BC
:10A20000A00718D4600704D503204FF40071F8F7B5
:10A21000D7FB200758BF10BD03204FF48061BDE875
:10A220001040F8F7CDBB00BF01204FF40051F8F704
:10A23000C7FBA007E6D501204FF40041F8F7C0FBAB
:10A240006007E6D5E0E7000010B50446C00713D16B
:10A25000A00718D4600704D503204FF40071F8F765
:10A26000C9FC200758BF10BD03204FF48061BDE832
:10A270001040F8F7BFBC00BF01204FF40051F8F7C1
:10A28000B9FCA007E6D501204FF40041F8F7B2FC75
:10A290006007E6D5E0E7000082B0F8F741FD47F23D
:10A2A00099214FF0000CC0F200010FA34FF47A7017
:10A2B0000022CDF800C0FFF701FA4EF29910C0F26B
:10A2C0000000007848F25C6C009047F24930C1F61B
:10A2D000FF7CC0F2000006A180220023CDF804C05C
:10A2E00002F0BCFE01F06EFC5461736B31000000A3
:10A2F0004170705461736B43726561746500000056
:10A300002DE9F04148F2FC2649F28417C1F6FF76A8
:10A31000C1F6FF770D46D6F8188039680446081D47
:10A3200000F0C2FF10B1601C0BD023E0386801219F
:10A33000C06A326801FA00F022EA00003060601C56
:10A3400018D1BDB1386839683A683B68D7F800C0A1
:10A3500056F8545F7468CCF81460A7688460CF60C6
:10A36000A068111D4160181DA060681C3060BDE828
:10A37000F08100BF386814EB0804446006D3306AEB
:10A3800039680431BDE8F04100F0D2BFF0693968A6
:10A39000043100F0CDFFF06A844238BFF462BDE8BA
:10A3A000F08100002DE9F04381B0044601F00AF885
:10A3B00048F2FC26C1F6FF76F06849F284190130B4
:10A3C000F060C1F6FF79D9F8000049F28815C1F6AE
:10A3D000FF7558B13069002843D1D9F80000E16A0F
:10A3E000C06A884298BFC9F800403AE0C9F8004006
:10A3F000F068012835D1284600F08AFF05F11400E5
:10A4000000F086FF05F1280000F082FF05F13C0016
:10A4100000F07EFF05F1500000F07AFF05F16400C6
:10A4200000F076FF05F1780000F072FF48F2145852
:10A43000C1F6FF78404600F06BFF08F1140738467C
:10A4400000F066FF06F1680000F062FF06F14000D0
:10A4500000F05EFF06F1540000F05AFFC6F81C80C1
:10A46000376230687168012201317160A164E16A6C
:10A47000271D8A401043306001EB810005EB80010D
:10A480004A6861619368A260E360936897605F6067
:10A4900055F82010013145F8201000F0B7FF306961
:10A4A00080B1D9F80000E16AC06A88420AD24EF64B
:10A4B0000450CEF200004FF080510160BFF34F8F87
:10A4C000BFF36F8F01B0BDE8F083000048F2FC25B8
:10A4D00049F288164EF60458C1F6FF75C1F6FF76AC
:10A4E000CEF200084FF0805703E000BF204600F096
:10A4F000A5FFA868D0B100F065FFE86CC468201D16
:10A5000000F0D2FEE8680138E860A8680138A86069
:10A5100000F07CFF94F861000228EAD00128E5D021
:10A5200070B9206B00F08AFFE0E700BF30680228B6
:10A53000DFD3C8F80070BFF34F8FBFF36F8FD8E73A
:10A540004FF0500080F31188BFF36F8FBFF34F8F30
:10A55000FEE700002DE9F04381B00A9C8146206BA4
:10A5600016460F46089D9100A5229846F5F73EFF36
:10A57000206B002F00EB8600A0F1040020F00706FE
:10A58000666454D0387884F83400387800284BD08A
:10A59000787884F835007878002845D0B87884F841
:10A5A0003600B87800283FD0F87884F83700F8787B
:10A5B000D0B3387984F838003879A8B3787984F83A
:10A5C0003900787980B3B87984F83A00B87958B30B
:10A5D000F87984F83B00F87930B3387A84F83C0095
:10A5E000387A08B3787A84F83D00787AE0B1B87A9E
:10A5F00084F83E00B87AB8B1F87A84F83F00F87A67
:10A6000090B1387B84F84000387B68B1787B84F85F
:10A610004100787B40B1B87B84F84200B87B0028C9
:10A620001CBFF87B84F84300002084F84300072D0A
:10A630000AD34FF0500080F31188BFF36F8FBFF340
:10A640004F8F00BFFEE700BF099F201DE562256513
:10A6500000F06AFE04F1180000F066FEC5F1070084
:10A66000A0613046494642462461646200F014FC11
:10A67000002F206018BF3C6001B0BDE8F0830000EF
:10A680002DE9F04182B0846C0190ECB1A16BE06BDC
:10A69000814223D2A16B81422AD294F94570D4F829
:10A6A0003880226CFEB24AB3606801A9F5F7ECFF6E
:10A6B000216CD4E90102002508446060904224BF67
:10A6C0002068606022E000BF4FF0500080F31188E6
:10A6D000BFF36F8FBFF34F8FFEE700BF4FF0500007
:10A6E00080F31188BFF36F8FBFF34F8FFEE700BF7A
:10A6F0000025284602B0BDE8F08100BF2068002593
:10A7000020B9A06803F088F8A560054608F10100AB
:10A71000FF2EA06310D000F0D9FDB842E9D97F2EFA
:10A7200018D14FF0500080F31188BFF36F8FBFF343
:10A730004F8F00BFFEE700BF54F8240F0028D8D089
:10A74000204603F02FF9002818BF0125284602B043
:10A75000BDE8F081701C84F84500284602B0BDE8D1
:10A76000F081000008480068006880F308884FF016
:10A77000000080F3148862B661B6BFF34F8FBFF359
:10A780006F8F00DF00BF000008ED00E081B0002007
:10A79000009048F24C00C1F6FF7000684FF0500185
:10A7A00081F31188BFF36F8FBFF34F8F013007D054
:10A7B000FEE700BF009830B9009820B9009810B9A2
:10A7C00000980028F6D001B07047000084B048F22D
:10A7D0007839C1F6FF79E846D9F8080006681EB155
:10A7E000C068D0F800A001E04FF0000A01F026FB9D
:10A7F00002F048FFD9F81010834688421FD3002E7C
:10A80000C9F810B060D0DA455ED803F03FF9D9F846
:10A810000800C068C668371D384600F045FD96F848
:10A820002800410738D400F0FE0086F8280071E0C7
:10A8300000F0FE0086F82800316A30468847D9F8D3
:10A8400008000168B1B3C068C6680568371D38469E
:10A8500000F02AFD96F828004107E9D5B0694419AF
:10A8600074604019366108D2316A30468847B06951
:10A870002118044474603661F6D3D9F80C003946C7
:10A8800000F056FDD8E700BFABEB0A0181423BD395
:10A89000316A30468847A246B069366100EB0A0447
:10A8A0005C457460F0D9D34509F108002ED25445B7
:10A8B000EED22BE0D9F80C10C9F810B0C9E902109B
:10A8C00003F0E4F832E000BF16B1002206E000BF5A
:10A8D000D9F80C000068B0FA80F04209D9F80000FD
:10A8E000AAEB0B0100F0F6FE03F0D0F8F0B94EF63B
:10A8F0000450CEF200004FF080510160BFF34F8F43
:10A90000BFF36F8F12E000BF09F10C0000683946F9
:10A9100000F00EFD316A3046884707E001F0FE0086
:10A920008BF82800DBF8201058468847D9F800003B
:10A930004146002201F0F2FE00283FF44DAF00989E
:10A94000B0F1FF3F06DCDDE9012003999047009854
:10A950000028EBD4DDF808B0DBF8140018B10BF1D7
:10A96000040000F0A1FC02F08DFED9F81010824620
:10A97000884208D330E000BF00F0FE0087F82800CE
:10A98000396A38468847D9F80800016801B3C068B9
:10A99000C76805683C1D204600F086FC97F8280033
:10A9A0004107E9D5B86946197E6040193F6108D270
:10A9B000396A38468847B869311806447E603F6175
:10A9C000F6D3D9F80C00214600F0B2FCD8E700BF5E
:10A9D000D9F80C10C9E902100098C9F810A0013884
:10A9E0000828A3D8DFE800F006061E226A06061E25
:10A9F000220000BF019ADBF818009BF82810861887
:10AA00005F4641F0010347F8046F56458BF8283044
:10AA1000CBF810B026D9924509F1080328D2964206
:10AA20002CD225E09BF8280050E000BF9BF82800BE
:10AA300040F0010101988BF828100028CBF818008D
:10AA400052D05044594609F10C0241F8040FCBF89A
:10AA500010B0504588BF09F10802106800F068FC8A
:10AA600064E700BFAAEB0202824207D209F10C039D
:10AA70001868394600F05CFC58E700BF4A077FF5CC
:10AA80004DAF019901440AE0AAEB0101814223D3B1
:10AA9000DBF8201058468847DBF8180021460C18D0
:10AAA0005445CBF80440CBF810B0EDD98A4509F1F4
:10AAB000080013D28C42EBD210E000BF9BF82800B4
:10AAC000810703D4584600F0B9FC2FE700F0FE00E0
:10AAD0008BF828002AE700BF09F10C00006839460E
:10AAE00000F026FC1EE700BF4FF0500080F31188F5
:10AAF000BFF36F8FBFF34F8FFEE70000F0B581B05B
:10AB0000044600F05FFC94F94560012E18DB04F167
:10AB1000240503E0F0B2013E012811D9A06C28B150
:10AB20002046FFF7ADFD40B9F4E700BF286838B113
:10AB3000284602F037FF0028ECD000F0E3FEE9E7FA
:10AB4000FF2684F8456000F061FC00F03BFC94F9BE
:10AB50004470012F0FDB04F1100500BF286850B1CD
:10AB6000284602F01FFF002818BF00F0CBFEF8B205
:10AB7000013F0128F2D884F8446001B0BDE8F040FC
:10AB800000F044BC2DE9F04F81B00546D0F804B088
:10AB9000007F1446C00789461AD19C4228BF1C4634
:10ABA000002C00F08480A8682746A0EB0B06A64284
:10ABB00038BF374607EB0B01814229D94FF05000CF
:10ABC00080F31188BFF36F8FBFF34F8FFEE700BF95
:10ABD0000A980094834205D20024204601B0BDE8C3
:10ABE000F08F00BFA868A0EB0B0A5746BAF1040F1C
:10ABF00028BF042707EB0B0181421FD94FF05000FB
:10AC000080F31188BFF36F8FBFF34F8FFEE700BF54
:10AC1000A869494658443A46F5F736FDA6422CD273
:10AC2000A868E21B824223D94FF0500080F31188BC
:10AC3000BFF36F8FBFF34F8FFEE700BFA869E846F1
:10AC4000584441463A46F5F71FFDBAF1030F24D8A0
:10AC5000A868C7F1040282421AD94FF0500080F36D
:10AC60001188BFF36F8FBFF34F8F00BFFEE700BFA8
:10AC7000A86909EB0701F5F707FDA8680BEB0401CC
:10AC8000081A38BF08466860204601B0BDE8F08F5A
:10AC9000A86908EB0701F5F7F7FCA8680BF10401B8
:10ACA000B1EB000B38BF8B46002C7FF47CAF002447
:10ACB000204601B0BDE8F08F70B5044601F0BEF843
:10ACC00048F2B433C1F6FF73186808B124BB29E019
:10ACD00049F21420C1F6FF70C21D22F0070210F0E5
:10ACE0000701A0EB020618BF104600224FF4705572
:10ACF000C3E90502002918BF06F57055411921F076
:10AD00000701A1F108061E6041E90222311AC0E9DB
:10AD10000061C3E901112CB104F00700A0F1110199
:10AD2000A14211D2002402F0B1FE60070AD04FF018
:10AD3000500080F31188BFF36F8FBFF34F8F00BFB8
:10AD4000FEE700BF204670BD201A00F11002012A64
:10AD50004FF00004E7DB58688242E4D81E4656F8FC
:10AD600014EFDEF8044094422BD2DEF80010B9B1A3
:10AD700070464C68944217D20D68ADB16C6894422D
:10AD800016D22E68A6B17468944215D2306898B174
:10AD90004468944214D2016886460029E9D110E043
:10ADA00003F114060DE000BF8E46064609E000BF21
:10ADB000AE460E4605E000BFB6462E4601E000BF97
:10ADC000864618688645ADD0D6F800C0DEF800107B
:10ADD000A01A112831603CD30EEB0204610709D0A0
:10ADE0004FF0500080F31188BFF36F8FBFF34F8F88
:10ADF000FEE700BF606003F11400CEF80420016894
:10AE0000A1420BD20868A0420CD20168A14205D22F
:10AE100008680A46A042F2D305E000BF0246084691
:10AE200001E000BF0A46556861685619A64202D182
:10AE30002944144651606518854206D11D68A84210
:10AE400003D0D0E9000529446160A242206018BF08
:10AE50001460DEF80400D3E901120CF10804091AA9
:10AE600040F000409142596038BF9960CEF804002C
:10AE7000D86800210130CEF80010D86053E70000F8
:10AE800049F28410C1F6FF70016819B101684A6D7A
:10AE900001324A650068704703464AF28D70C0F27D
:10AEA00000004FF0807C21F0010103E903106FF0F6
:10AEB000020043F8240CA3F1440043F8202C70470F
:10AEC0000138032884BF05207047DFE800F0031332
:10AED000070D00BF02208021F7F752BD03204FF479
:10AEE0000041F7F74DBD00BF03204FF48041F7F755
:10AEF00047BD00BF02204021F7F742BDB0B586B084
:10AF0000012001F0B7F848F2A815C1F6FF75686096
:10AF100048F60400C1F6FF700621CDE9001049F2A1
:10AF2000996005F10804C0F200000BA18022002303
:10AF3000029402F0C3F8286000F0CAFE4EF29010AE
:10AF4000C0F20000D0E90001CDE9040104A8FEF739
:10AF500089FC06B0B0BD00BF426561745461736B7B
:10AF600048616E646C65720048F2A810C1F6FF700B
:10AF70004068002808BF704700210022002301F02C
:10AF80001DB9000080B545F20040C4F20100FBF796
:10AF9000A1F848F2A810C1F6FF700068002808BFA9
:10AFA00080BDBDE8804000F093BD000080B544F254
:10AFB0000040C4F202000121FAF7E8FD0120BDE8DB
:10AFC0008040F6F71FBC000045F20000C4F201000B
:10AFD000FBF780B810B584B04EF29810C0F20000B4
:10AFE00004784DF218204CF61861C1F6FF70C1F6D6
:10AFF000FF71CDE901104BF21510C0F2000020A145
:10B000004FF480720023009402F058F84CF614615B
:10B01000C1F6FF71086048F6084048F60821C1F6FD
:10B02000FF70C1F6FF71CDE9011049F6A940C0F2E9
:10B03000000016A180220023009402F03FF848F699
:10B040000421C1F6FF71086048F67040C1F6FF7038
:10B0500048F6706CCDE9004049F62950C1F6FF7CF6
:10B06000C0F200000CA180220023CDF808C002F03D
:10B0700025F848F66C41C1F6FF71086004B010BDB8
:10B08000555341525431205461736B0042757474AE
:10B090006F6E205461736B00436F6D6D6F6E204354
:10B0A0006F6E74726F6C205461736B0080B50178A1
:10B0B00009B1002080BD4178012903D08A0705D459
:10B0C00002224270481E18BF012080BD01A0FEF779
:10B0D000D5FA00BF5F5F6378615F67756172645F17
:10B0E0006163717569726520646574656374656414
:10B0F0002072656375727369766520696E6974691B
:10B10000616C697A6174696F6E00000001210170E1
:10B11000417070478CB0FCF723F90446FCF7F6FA4F
:10B12000054601202E1D0DF124084EF22233099010
:10B130000AAF0DF12C0BC0F2000302A831464246C3
:10B14000CDF82C80CDF800B00197FDF78FFBDDF82E
:10B1500008A04EF29C3148F28D29DAF81800C0F2AE
:10B160000001C0F20009CAE90591416811B1DAF89D
:10B170000C00884747F23930C0F20000CAF80C00D2
:10B1800048F285204EF2AC31C0F20000C0F200015E
:10B19000CAE9050102204EF222330990C0F20003F1
:10B1A00002A831464246CDF82C80CDF800B0BA4610
:10B1B0000197FDF75BFB029F4EF29C31B869C0F22C
:10B1C0000001C7F81490B961416809B1F86888476F
:10B1D00047F2F920C0F20000F86048F28520C0F282
:10B1E000000078614EF2AC30C0F20000B86105207A
:10B1F0004EF222330990C0F2000302A831464246C3
:10B20000CDF82C80CDF800B0CDF804A0FDF72EFBD2
:10B21000029E4EF29C31B069C0F20001C6F8149053
:10B22000B161416809B1F068884747F2B120C0F2C6
:10B23000000048F2A427F060C1F6FF7748F28520AD
:10B240003A68C0F2000070614EF2AC30C0F200000B
:10B25000B06162B948F2415200263B1DC1F6FF724F
:10B260000A201C21009600F03FFF0246386020466D
:10B270000121FCF717F93A6820460221FCF712F980
:10B280003A6820460521FCF70DF902AE39682046E0
:10B290003246FCF7D5F80028F8D028683146026815
:10B2A00028469047F2E70000D0E9013201699A6030
:10B2B000D1F804C082688445536008BF4A60002208
:10B2C00002610868013808600868704748F2FC208D
:10B2D000C1F6FF70C06870474DF27C43C1F6FF7342
:10B2E00003604DF27C20C1F6FF7008608020106082
:10B2F000704700004DF6E003C1F6FF7303604DF2A6
:10B30000E040C1F6FF7008604FF480701060704735
:10B310004FF0FF31024642F8081F00214260C0E9A9
:10B3200003220160704700000021016170470000A6
:10B3300010B5D1F800E01EF1010213D000F10804AD
:10B3400062681368734511D853681C68744511D836
:10B350005A68146874450FD854682368A446734526
:10B36000EED90BE00269D2F804C007E09446224609
:10B3700004E000BF9C4601E094461A46C1F804C0B0
:10B38000CCF808108A6051600861016801310160E1
:10B3900010BD0000D0F800C0436808619A684B6097
:10B3A0008A609A68996051600CF1010101607047F0
:10B3B000DFF80C00016841F4700101607047000083
:10B3C00088ED00E04FF0500080F31188BFF36F8FDD
:10B3D000BFF34F8F48F24C00C1F6FF7001684A1C62
:10B3E000026009B1704700BF4EF60450CEF2000073
:10B3F0000068000608BF70474FF0500080F31188C6
:10B40000BFF36F8FBFF34F8FFEE7000048F24C0091
:10B41000C1F6FF70016839B10139016018BF70478A
:10B42000002080F3118870474FF0500080F311889E
:10B43000BFF36F8FBFF34F8FFEE70000B0B500285A
:10B4400008BFB0BD044650F8040C00280AD44FF0E1
:10B45000500080F31188BFF36F8FBFF34F8F00BF91
:10B46000FEE700BFA4F10805296849B14FF050007C
:10B4700080F31188BFF36F8FBFF34F8FFEE700BFDC
:10B4800020F0004044F8040C00F0D8FC48F2B43C32
:10B49000C1F6FF7C54F8042CDCF804101144CCF8FD
:10B4A00004100CF1140100BF0B68AB420AD21968FA
:10B4B000A94229D20B68AB4204D219681C46A942A2
:10B4C000F2D301E00C4619466368E018A84202D1A5
:10B4D0001A4425466260A818884207D1DCF80000AB
:10B4E000814203D0D1E9001010446860AC42296069
:10B4F00018BF2560DCF810000130CCF81000BDE862
:10B50000B04002F0C3BA00BF1C466368E018A8420E
:10B51000E1D1DDE74EF21000CEF200000021016023
:10B52000816049F2DC01C1F6FF71096844F6D3522B
:10B53000C1F26202A1FB02124FF0FF3101EB921146
:10B54000416007210160704748F2D030EFF3058178
:10B550001029C1F6FF7011D34EF2F032CEF2000284
:10B56000895C0278914209D24FF0500080F3118833
:10B57000BFF36F8FBFF34F8FFEE700BF4EF60C5146
:10B58000CEF200010968406801F4E061814298BF91
:10B5900070474FF0500080F31188BFF36F8FBFF3F7
:10B5A0004F8F00BFFEE70000B0B5002868D000292B
:10B5B00008BFB0BD4DF64412C1F6FF725368834216
:10B5C00068D0D368834267D05369834268D0D36917
:10B5D000834269D0536A83426AD0D36A83426BD074
:10B5E000536B83426CD0D36B83426DD0154655F8B4
:10B5F000084FD2F800E0002C14464FF0000C18BFA2
:10B600006546BEF1000F54F810EF134608BF15460B
:10B61000BEF1000F18BF644653F818EF002D18BF95
:10B620002C461546BEF1000F18BF634655F820EFB3
:10B63000002C18BF23461446BEF1000F18BF654604
:10B6400054F828EF002B18BF1D461346BEF1000F1B
:10B6500018BF644653F830EF002D18BF2C46BEF1DA
:10B66000000F18BF6346002C18BF234673BB52F867
:10B67000383F002B134608BFC3E9001028E000BF85
:10B680004FF0500080F31188BFF36F8FBFF34F8FDF
:10B69000FEE700BF134619E002F1080316E000BF01
:10B6A00002F1100312E000BF02F118030EE000BF28
:10B6B00002F120030AE000BF02F1280306E000BF08
:10B6C00002F1300302E000BF02F13803C3E90010C9
:10B6D000B0BD000070B515460E460446FFF772FE79
:10B6E00094F84400FF2804BF002084F8440094F834
:10B6F0004500FF2804BF002084F84500FFF786FEC0
:10B70000A06B28B12046BDE87040FFF7F7B900BF35
:10B7100004F1240031462A4600F018F92046BDE81D
:10B720007040FFF7EBB90000F0B581B0002847D0BA
:10B7300048F2FC25C1F6FF750446686950B14FF028
:10B74000500080F31188BFF36F8FBFF34F8F00BF9E
:10B75000FEE700BF686949F2841601306861C1F6EE
:10B76000FF76AF6930680430FFF79EFD60B1306846
:10B77000E419446015D3286A31680431FFF7D8FD15
:10B7800002F084F9C8B91BE030680121C06A2A6858
:10B7900001FA00F022EA000028603068E4194460F1
:10B7A000E9D2E86931680431FFF7C2FDE86A8442F2
:10B7B00038BFEC6202F06AF910B101B0F0BD00BF11
:10B7C0004EF60450CEF200004FF080510160BFF3FE
:10B7D0004F8FBFF36F8F01B0F0BD0000F0B581B0A7
:10B7E0000446FFF7EFFD49F28416002CC1F6FF7600
:10B7F00008BF3468251D2846FFF756FD48F2FC2790
:10B80000C1F6FF7780B9E06A49F2881200EB800147
:10B81000C1F6FF7252F8211031B901213A6801FADC
:10B8200000F022EA00003860A06A18B104F11800A4
:10B83000FFF73AFD7868013078603068844209D0BB
:10B84000F8680138F860F869006888B1F869C0687C
:10B8500000680FE007F140002946FFF79BFDB8683C
:10B860000130B860FFF7D2FD3068844208D114E09F
:10B870004FF0FF30F862FFF7C9FD306884420CD00A
:10B8800094F86100022808D0012803D0C0B9206BC9
:10B89000FFF7D4FD2046FFF7D1FD386910B13068BD
:10B8A000844201D001B0F0BD786998B14FF05000EA
:10B8B00080F31188BFF36F8FBFF34F8FFEE700BF98
:10B8C0004FF0500080F31188BFF36F8FBFF34F8F9D
:10B8D000FEE700BF4EF60450CEF200004FF080515C
:10B8E0000160BFF34F8FBFF36F8F01B0F0BD000059
:10B8F00048F2FC21C1F6FF714A6B02608969416020
:10B900007047000048F2FC20C1F6FF70012141623F
:10B910007047000010B578B10C4649F28411C1F6A9
:10B92000FF7109681831FFF703FD20460121BDE8CA
:10B930001040FEF7E5BC00BF4FF0500080F31188C7
:10B94000BFF36F8FBFF34F8FFEE70000F0B581B0FC
:10B9500010B349F28415C1F6FF750C4641682B6897
:10B96000D9618B682F683B622B688F6803F11803DD
:10B970007B602B6803F118038B602968886201687B
:10B9800001F1010101608AB14FF0FF30114601B0B1
:10B99000BDE8F040FEF7B4BC4FF0500080F31188D2
:10B9A000BFF36F8FBFF34F8FFEE700BF48F2FC2657
:10B9B000C1F6FF76B76928680430FFF775FC58B107
:10B9C0002868E419446014D3306A2968043101B04E
:10B9D000BDE8F040FFF7ACBC28680121C06A3268BE
:10B9E00001FA00F022EA000030602868E41944609F
:10B9F000EAD2F06929680431FFF79AFCF06A8442C0
:10BA000038BFF46201B0F0BD70B500284BD0426D74
:10BA10000446002A48D0236DE06A8B4288BF19464D
:10BA2000884240D0012A3ED149F28412C1F6FF7209
:10BA30001268A24242D0A269E162002A5CBFC1F151
:10BA40000701A16149F28816616900EB8000C1F627
:10BA5000FF7606EB8000814218BF70BD251D284689
:10BA6000FFF722FCE16A0122002848F2FC2002FADA
:10BA700001F2C1F6FF7002D10368934303600368CB
:10BA80001A43026001EB810006EB80014A686161A4
:10BA90009368A260E360936895605D6056F820103B
:10BAA000013146F8201070BD4FF0500080F311882E
:10BAB000BFF36F8FBFF34F8FFEE700BF4FF0500013
:10BAC00080F31188BFF36F8FBFF34F8FFEE7000045
:10BAD000F0B581B0C0B149F28416C1F6FF760446D4
:10BAE0003068A0421AD0FFF76DFC48F2FC2760696D
:10BAF000C1F6FF7707F15401884211D001B0BDE8CB
:10BB0000F040FFF783BC00BF4FF0500080F3118876
:10BB1000BFF36F8FBFF34F8FFEE700BF01B0F0BDE3
:10BB2000A06A0028EAD1251D2846FFF7BDFBE06A80
:10BB300001213A688140114349F2881C396000EBC9
:10BB40008001C1F6FF7C0CEB81035F686361BA681A
:10BB5000A760E260BA68BD6055605CF821200132E0
:10BB60004CF821203168C96A8842C7D34EF6045088
:10BB7000CEF200004FF080510160BFF34F8FBFF352
:10BB80006F8F01B0BDE8F040FFF740BC10B578B151
:10BB90000446FFF717FC48F2FC20C1F6FF70416B2A
:10BBA000216080696060BDE81040FFF72FBC00BFD6
:10BBB0004FF0500080F31188BFF36F8FBFF34F8FAA
:10BBC000FEE7000070B588B00020CDE9050006A8AA
:10BBD00005A904AAFFF780FB059E002E4CD0069C09
:10BBE000002C53D06420049D07900798642857D1F7
:10BBF000079820466421F4F7CEFD022084F8610006
:10BC000007A800212663CDE900104AF2CD40C0F21A
:10BC100000002DA12A4600230294FEF79BFC20463B
:10BC2000FEF7C0FB079848F2FC24C1F6FF74A0623F
:10BC3000D8B101F0CFFF411C3CD0012815D14FF005
:10BC4000500080F31188BFF36F8FBFF34F8F4FF019
:10BC5000FF30E062012048F23C5120610020C1F633
:10BC6000FF71A061086000F043F94EF27060C0F20D
:10BC70000000006808B070BD4FF0500080F31188DC
:10BC8000BFF36F8FBFF34F8FFEE700BF4FF0500041
:10BC900080F31188BFF36F8FBFF34F8FFEE700BFB4
:10BCA0004FF0500080F31188BFF36F8FBFF34F8FB9
:10BCB000FEE700BF4FF0500080F31188BFF36F8F95
:10BCC000BFF34F8FFEE700BF49444C450000000022
:10BCD000F0B581B00446FFF775FB49F28416002CDD
:10BCE000C1F6FF7608BF3468251D2846FFF7DCFA49
:10BCF00048F2FC27C1F6FF7780B9E06A49F2881262
:10BD000000EB8001C1F6FF7252F8211031B9012118
:10BD10003A6801FA00F022EA00003860A06A18B11F
:10BD200004F11800FFF7C0FA07F154002946FFF7A5
:10BD300031FB94F86000012804BF002084F8600003
:10BD4000FFF764FB386970B1FFF73CFBF8690068E6
:10BD500020B1F869C068006802E000BF4FF0FF3012
:10BD6000F862FFF753FB3068844201D001B0F0BDA8
:10BD7000386958B1786988B14FF0500080F3118864
:10BD8000BFF36F8FBFF34F8FFEE700BF786DF96889
:10BD9000884211D10020306001B0F0BD4EF6045051
:10BDA000CEF200004FF080510160BFF34F8FBFF320
:10BDB0006F8F01B0F0BD00BF786918B101207862C3
:10BDC00001B0F0BD0020786248F23C50C1F6FF702F
:10BDD0000068B863B96BF86B814205D9B96B3268FA
:10BDE000081A936D18449065B86B49F28811F8638E
:10BDF0003868B0FA80F0C0B2C0F11F0000EB8000DC
:10BE0000C1F6FF7151F8202072B101EB800151F8A9
:10BE1000040F40680A1D9042086001D14068086024
:10BE2000C068306001B0F0BD4FF0500080F3118861
:10BE3000BFF36F8FBFF34F8FFEE7000048F2FC2087
:10BE4000C1F6FF70416901314161704780B548F228
:10BE5000FC21C1F6FF71486910B10120486280BD24
:10BE60000020486248F23C50C1F6FF70006849F279
:10BE7000841C8863886BCA6BC1F6FF7C904208D92A
:10BE8000D1F838E0DCF80000AEEB0202836D1A4412
:10BE90008265886B49F28812C8630868B0FA80F03E
:10BEA000C0B2C0F11F0000EB8001C1F6FF7252F872
:10BEB000210068B102EB810252F8040F4168101DA5
:10BEC000814211600ED0C868CCF8000080BD00BF70
:10BED0004FF0500080F31188BFF36F8FBFF34F8F87
:10BEE000FEE700BF49681160C868CCF8000080BD5B
:10BEF000B0B584B04EF2004CCEF2000C4CF2702182
:10BF0000C4F20F11DCF800294B1C9A420AD14FF001
:10BF1000500080F31188BFF36F8FBFF34F8F00BFC6
:10BF2000FEE700BFDCF800298A4209D14FF050003B
:10BF300080F31188BFF36F8FBFF34F8FFEE700BF11
:10BF40009CF800100291FF218CF800109CF8001062
:10BF50008DF807109DF8071001F0500248F2D0311B
:10BF6000C1F6FF710A7007224A609DF90720B2F1FD
:10BF7000FF3F69DC032200BFD31C4B609DF8070024
:10BF800040008DF807009DF90700B0F1FF3F23DC6A
:10BF9000931C4B609DF8070040008DF807009DF949
:10BFA0000700B0F1FF3F17DC531C4B609DF8070002
:10BFB00040008DF807009DF90700B0F1FF3F0BDC52
:10BFC0004A609DF80700043A40008DF807009DF98B
:10BFD00007000028D0D4131D032B35D14FF4407037
:10BFE000486002988CF80000DCF8200940F47000EA
:10BFF000CCF82009DCF8200940F07040CCF820098A
:10C00000FFF788FA48F24C04C1F6FF74002525605A
:10C01000FFF7CEF94EF63470CEF20000016841F021
:10C0200040410160FEF79EFBFFF710FF039520687B
:10C030004FF0500181F31188BFF36F8FBFF34F8F23
:10C04000013011D0FEE700BF4FF0500080F311889F
:10C05000BFF36F8FBFF34F8FFEE700BF039830B978
:10C06000039820B9039810B903980028F6D000204F
:10C0700004B0B0BD70B505465420FEF71DFE044661
:10C0800078B30026012084F846602460C4E90F06D6
:10C09000FFF798F92068D4E90F12A66302FB0103A9
:10C0A000013901FB0201C4E90103FF20E16084F8CA
:10C0B000440084F8450004F11000FFF729F904F169
:10C0C0002400FFF725F9FFF7A1F9204600210022FF
:10C0D000002384F85050A6642660C4E9026600F08C
:10C0E0006DF8204670BD000070B582B083B120B1FC
:10C0F0001C4601B90AB9A9B1A2B94FF0500080F3AA
:10C100001188BFF36F8FBFF34F8F00BFFEE700BFF3
:10C110004FF0500080F31188BFF36F8FBFF34F8F44
:10C12000FEE700BF54230193019B542B16D1A0FBC3
:10C130000135019B0123002984F8463008BF2246BF
:10C140002260E06321649DB14FF0500080F31188BC
:10C15000BFF36F8FBFF34F8FFEE700BF4FF050006C
:10C1600080F31188BFF36F8FBFF34F8FFEE700BFDF
:10C17000069DFFF727F92068D4E90F12002602FB7D
:10C180000103013901FB0201A663C4E90103FF2099
:10C19000E16084F8440084F8450004F11000FFF7E2
:10C1A000B7F804F12400FFF7B3F8FFF72FF984F88C
:10C1B00050502046A66402B070BD00002DE9F04F3B
:10C1C00083B00292C0B11D4617460E460446E9B13F
:10C1D000022D03D1E06B012840F0888001F042FA83
:10C1E00010BB0FB34FF0500080F31188BFF36F8F77
:10C1F000BFF34F8FFEE700BF4FF0500080F3118870
:10C20000BFF36F8FBFF34F8FFEE700BF206C002896
:10C21000DED04FF0500080F31188BFF36F8FBFF373
:10C220004F8F00BFFEE700BFFFF7CCF8A06B022DD9
:10C2300066D0E16B884263D304F1100801206F4699
:10C240000DF108090DE000BF2046FEF757FC01F094
:10C250001DFCFFF7B7F8A06BE16B88424FF00000C0
:10C260004ED30299002975D0C00702D03846FFF797
:10C270003FFBFFF7CBF8FFF7E1FDFFF7A3F894F8DA
:10C280004400FF2804BF002084F8440094F84500CF
:10C29000FF2804BF002084F84500FFF7B7F83846B0
:10C2A000494600F087FE00285AD1FFF78BF8D4F8F2
:10C2B00038A0D4F83CB0FFF7A9F8DA45C4D1029908
:10C2C0004046FFF727FB2046FEF718FC01F0DEFB97
:10C2D0000028BED14EF60450CEF200004FF080513F
:10C2E0000160BFF34F8FBFF36F8FB2E74FF0500085
:10C2F00080F31188BFF36F8FBFF34F8FFEE700BF4E
:10C30000D4F83880226CA76BD2B19DB3E068314677
:10C31000F4F7BAF9E168206C2268091A9142E160E9
:10C3200003D2A16840420844E060A81EB0FA80F041
:10C3300040093946002F18BF012108403F1A26E066
:10C340002068002620BBA06801F066FAA6600646B9
:10C350001EE000BFFFF75AF8002003B0BDE8F08FE1
:10C360002046FEF7CBFB01F091FB002003B0BDE8B7
:10C37000F08F00BF60683146F4F786F9216CD4E98C
:10C38000010208449042606001D32068606000268A
:10C39000781CA063A06CC8B1022D02D1B8F1000FC7
:10C3A0000ED12046FEF76CF950B14EF60450CEF295
:10C3B00000004FF080510160BFF34F8FBFF36F8FCC
:10C3C000FFF724F8012003B0BDE8F08F54F8240FE4
:10C3D000B0B1204601F0E6FA0028F1D04EF6045044
:10C3E000CEF200004FF080510160BFF34F8FBFF3DA
:10C3F0006F8FFFF70BF8012003B0BDE8F08F00BF8F
:10C40000002EDDD04EF60450CEF200004FF08051E9
:10C410000160BFF34F8FBFF36F8FFEF7F7FF01206F
:10C4200003B0BDE8F08F00002DE9F04F81B008B3F4
:10C430001E46144605460F4631B3022E02D1E86B64
:10C44000012857D1FFF780F8EFF311884FF0500023
:10C4500080F31188BFF36F8FBFF34F8FA86B022E4D
:10C4600020D0E96B88421DD3002088F3118801B0E9
:10C47000BDE8F08F4FF0500080F31188BFF36F8F4D
:10C48000BFF34F8FFEE700BF286C0028D5D04FF0D8
:10C49000500080F31188BFF36F8FBFF34F8F00BF41
:10C4A000FEE700BF95F945B0A86BD5F838902A6C27
:10C4B0005FFA8BFA00903AB376B3E8683946F4F73E
:10C4C000E3F8E968286C2A68091A9142E96003D206
:10C4D000A96840420844E860B01EB0FA80F0400904
:10C4E0004946B9F1000F18BF01210840A9EB000926
:10C4F0001FE000BF4FF0500080F31188BFF36F8F33
:10C50000BFF34F8FFEE700BF286890B9A86801F01D
:10C5100083F90020A8600CE068683946F4F7B4F8A5
:10C52000296CD5E9010208449042686001D328686B
:10C53000686009F10100BAF1FF0FA86310D0FEF79F
:10C54000C5FE584518D9BAF17F0F1BD14FF05000E6
:10C5500080F31188BFF36F8FBFF34F8FFEE700BFEB
:10C56000A86CC8B1022E2DD1009858B3012088F3D1
:10C57000118801B0BDE8F08F012088F3118801B067
:10C58000BDE8F08F0AF1010085F84500012088F32D
:10C59000118801B0BDE8F08F55F8240F20B328466C
:10C5A00001F000FA0146002C4FF001003FF45DAFAE
:10C5B00000291CBF0120206088F3118801B0BDE86C
:10C5C000F08F00BF2846FEF75BF80146002C4FF0C5
:10C5D00001003FF44AAF00291CBF0120206088F30E
:10C5E000118801B0BDE8F08F012088F3118801B0F7
:10C5F000BDE8F08F2DE9F04160B10546006C98B1BF
:10C600004FF0500080F31188BFF36F8FBFF34F8F4F
:10C61000FEE700BF4FF0500080F31188BFF36F8F2B
:10C62000BFF34F8FFEE700BF28680C4660B3FEF7EC
:10C630008BFFEFF311884FF0500080F31188BFF3A8
:10C640006F8FBFF34F8FA86BE96B884216D295F9B5
:10C6500045600130F7B2FF2FA86323D0FEF736FE06
:10C66000B04231D97F2F35D14FF0500080F311887F
:10C67000BFF36F8FBFF34F8FFEE700BF002088F33B
:10C680001188BDE8F08100BFA8680028CFD04FF026
:10C69000500080F31188BFF36F8FBFF34F8F00BF3F
:10C6A000FEE700BFA86CD8B12846FDF7E9FF0146B8
:10C6B000002C4FF0010018BF00291ED0012020607F
:10C6C00088F31188BDE8F081012088F31188BDE866
:10C6D000F08100BF781C85F8450001200DE000BF07
:10C6E00055F8240F70B1284601F05CF90146002C82
:10C6F0004FF0010018BF00290AD188F31188BDE866
:10C70000F08100BF012088F31188BDE8F08100BFEF
:10C710000120206088F31188BDE8F0812DE9F04FF9
:10C7200083B0029290B116460D460446002947D0C8
:10C7300000F098FFA0B99EB14FF0500080F311882F
:10C74000BFF36F8FBFF34F8FFEE700BF4FF0500076
:10C7500080F31188BFF36F8FBFF34F8FFEE700BFE9
:10C76000FEF730FED4F838A0BAF1000F36D0226CB4
:10C7700052B1D4E902308118E160994224BF2168A6
:10C78000E1602846F3F780FFAAF10100A06354F8A6
:10C79000100F70B1204601F005F950B14EF604506B
:10C7A000CEF200004FF080510160BFF34F8FBFF316
:10C7B0006F8F0124FEF72AFE204603B0BDE8F08FFC
:10C7C000206C0028B4D04FF0500080F31188BFF3E4
:10C7D0006F8FBFF34F8F00BFFEE700BF04F1240847
:10C7E00001206F464FF000090DF1080B2EE000BF4D
:10C7F000FEF70CFEFFF722FBFEF7E4FD94F8440081
:10C80000FF2808BF84F8449094F84500FF2808BF2B
:10C8100084F84590FEF7FAFD3846594600F0CAFB09
:10C82000E0B12046FEF76AF901F030F9FEF7CAFDE3
:10C83000A66BFEF7EBFD002E3CD0FEF7C3FDD4F84F
:10C8400038A00020BAF1000F7FF491AF029949B3EC
:10C85000C007CDD03846FFF74BF8C9E7FEF7B2FD69
:10C86000A66BFEF7D3FD2EB12046FEF747F901F087
:10C870000DF9E2E702994046FFF74CF82046FEF733
:10C880003DF901F003F90028D7D14EF60450CEF25D
:10C8900000004FF080510160BFF34F8FBFF36F8FE7
:10C8A000CBE700BF0024FEF7B1FD204603B0BDE892
:10C8B000F08F00BF0024204603B0BDE8F08F0000D9
:10C8C0002DE9F04F83B0029160B10446006C98B13D
:10C8D0004FF0500080F31188BFF36F8FBFF34F8F7D
:10C8E000FEE700BF4FF0500080F31188BFF36F8F59
:10C8F000BFF34F8FFEE700BF0D4600F0B3FE58B9FF
:10C9000055B14FF0500080F31188BFF36F8FBFF324
:10C910004F8F00BFFEE700BFFEF754FDA16BD9B1FA
:10C92000481EA063206810B9FEF7AAFAA06054F868
:10C93000100F70B1204601F035F850B14EF604509A
:10C94000CEF200004FF080510160BFF34F8FBFF374
:10C950006F8F012485E000BF04F124094FF0000B24
:10C9600001206E4602AF4FF000082AE0FEF74EFDB0
:10C97000FFF764FAFEF726FD94F84400FF2808BF8D
:10C9800084F844B094F84500FF2808BF84F845B007
:10C99000FEF73CFD3046394600F00CFBD0B1204696
:10C9A000FEF7ACF801F072F8FEF70CFDA56BFEF790
:10C9B0002DFD002D40D0FEF705FDA16B00200029C4
:10C9C000AED1029900294BD0C007CFD03046FEF738
:10C9D0008FFFCBE7FEF7F6FCD4F838A0FEF716FD84
:10C9E000BAF1000F06D02046FEF788F801F04EF8A5
:10C9F000E1E700BF206838B9FEF7E4FCA06800F06A
:10CA00006FFF8046FEF702FD02994846FEF782FF5F
:10CA10002046FEF773F801F039F80028CBD14EF626
:10CA20000450CEF200004FF080510160BFF34F8FF1
:10CA3000BFF36F8FBFE700BFB8F1000F0AD0FEF75A
:10CA4000C1FCD9F8000038B1206B0068C0F10701C3
:10CA500003E000BF002406E00021A068FEF7D4FF39
:10CA60000024FEF7D3FC204603B0BDE8F08F0000A1
:10CA70002DE9F04182B07BB1089FBFB10C4606465C
:10CA800081421DD94FF0500080F31188BFF36F8FA2
:10CA9000BFF34F8FFEE700BF4FF0500080F31188C7
:10CAA000BFF36F8FBFF34F8FFEE700BF4FF0500013
:10CAB00080F31188BFF36F8FBFF34F8FFEE700BF86
:10CAC000042E09D84FF0500080F31188BFF36F8F08
:10CAD000BFF34F8FFEE700BF242001900198242868
:10CAE0001CD14FF00308002A184631464FF055027A
:10CAF0001D4608BF4FF00208002C08BF0124F3F7C1
:10CB00006DFC38462421F3F746FEBD61C7E9026497
:10CB1000384687F81C8002B0BDE8F0814FF0500025
:10CB200080F31188BFF36F8FBFF34F8FFEE70000D4
:10CB30002DE9F04F83B0D9B1044618B3207F0D46DC
:10CB400004211F46904601EA80092BB3FEF73AFC08
:10CB50006068A16822680844801A461A38BF0646F1
:10CB60004E4525D9FEF752FC4E4540F29F8048E0E5
:10CB70004FF0500080F31188BFF36F8FBFF34F8FDA
:10CB8000FEE700BF4FF0500080F31188BFF36F8FB6
:10CB9000BFF34F8FFEE700BF6068A16822680844BA
:10CBA000801A461A38BF06464E4540F27F8028E07C
:10CBB00000200021002600F0DBFC206950B14FF07E
:10CBC000500080F31188BFF36F8FBFF34F8F00BF0A
:10CBD000FEE700BF00F040FD2061FEF717FC0020DB
:10CBE000002100220023009700F0E4FC2661A068E9
:10CBF000616822680144891A0E1A38BF0E464E45F4
:10CC000054D9D4F800B0207FC00735D0D4F808A09C
:10CC1000AAEB0B094F46B9F1040F28BF042707EB15
:10CC20000B0050450AD94FF0500080F31188BFF334
:10CC30006F8FBFF34F8F00BFFEE700BFA0693A467A
:10CC4000019000EB0B0102A8F3F71EFDB9F1030FF1
:10CC500006D802A801993844C7F10402F3F714FD7D
:10CC60000BF10400B0EB0A0B38BF83460298043E78
:10CC7000404588BF00208046B04538BF4646AEB12B
:10CC8000A0683746A0EB0B08B04538BF474607EB16
:10CC90000B01814210D94FF0500080F31188BFF38F
:10CCA0006F8FBFF34F8F00BFFEE700BF00263046F7
:10CCB00003B0BDE8F08F00BFA0693A4600EB0B015E
:10CCC0002846F3F7E1FCB04504D2A169E819F21B4C
:10CCD000F3F7DAFCA0680BEB0601081A38BF084628
:10CCE0002060FFF7ABF8606940B160690025002162
:10CCF00000220023009500F0B1FA656100F0C6FE45
:10CD0000304603B0BDE8F08F2DE9F04F85B0002923
:10CD100004935DD00446002864D08B46217FA06830
:10CD2000C9079246A0F1010166D1514528BF51467D
:10CD30000D46002B00F07A800DF108094846FEF7F9
:10CD400025FF0DF1100800BFFEF73CFBA06800BFF7
:10CD50002368216862682768BB4211D02368216874
:10CD600062682768BB420BD0236821686268276825
:10CD7000BB4205D02368216862682768BB42E7D1BF
:10CD80000144D24311440F1A38BF0F46AF4249D273
:10CD90000020002100F0ECFB6069002840F08C804E
:10CDA00000F05AFC6061FEF731FB049E0020002178
:10CDB00000220023009600F0FDFB00206061484641
:10CDC000414600F0F7F80028BED0002F4CD12CE0EF
:10CDD0004FF0500080F31188BFF36F8FBFF34F8F78
:10CDE000FEE700BF4FF0500080F31188BFF36F8F54
:10CDF000BFF34F8FFEE700BF1AF1040F0AD34FF0C5
:10CE0000500080F31188BFF36F8FBFF34F8F00BFC7
:10CE1000FEE700BF0AF104058D427FF68AAF0021CC
:10CE2000049103E0FEF7F2FAF7B9A06823682168DD
:10CE300062682768BB4211D023682168626827684E
:10CE4000BB420BD02368216862682768BB4205D0CB
:10CE50002368216862682768BB42E7D10144D24356
:10CE600011440F1A38BF0F462046594652463B46DA
:10CE70000095FDF787FE0546C8B16068D4E9021247
:10CE800023680844C01A411A38BF014691420ED3A4
:10CE9000FEF7D4FF206940B120690026002100225E
:10CEA0000023009600F0DAF9266100F0EFFD284635
:10CEB00005B0BDE8F08F00BF4FF0500080F311883F
:10CEC000BFF36F8FBFF34F8FFEE700002DE9F041F6
:10CED00082B000295AD00546002861D098462B7FA1
:10CEE000A86803F0010C00BF2F682E686C682B68DF
:10CEF0009F4211D02B682E686C682F68BB420BD004
:10CF00002B682E686C682F68BB4205D02B682E6892
:10CF10006C682F68BB42E7D13318E643BCF1000FC1
:10CF200017461E4418BF0437331A284638BF334605
:10CF30000097FDF727FE064618B36868D5E9021288
:10CF40002B680844C01A411A38BF0146914218D3D1
:10CF5000EFF311844FF0500080F31188BFF36F8F0F
:10CF6000BFF34F8F286950B12869002700210022A4
:10CF700000230097CDF8048000F02AFA2F6184F393
:10CF80001188304602B0BDE8F08100BF4FF050007C
:10CF900080F31188BFF36F8FBFF34F8FFEE700BFA1
:10CFA0004FF0500080F31188BFF36F8FBFF34F8FA6
:10CFB000FEE70000B0B5E8B10D4629B30446FEF720
:10CFC00001FA48F2FC2CC1F6FF7CDCF81820296835
:10CFD0004B1C23D0D4E9000EDCF83430834223D03C
:10CFE000724521D3002028600124FEF70FFA204665
:10CFF000B0BD00BF4FF0500080F31188BFF36F8FBA
:10D00000BFF34F8FFEE700BF4FF0500080F3118851
:10D01000BFF36F8FBFF34F8FFEE700BF0024FEF713
:10D02000F5F92046B0BD00BFA2EB0E0291420DD92A
:10D03000881A2860DCF834002060DCF81800606092
:10D040000024FEF7E3F92046B0BD00BF0020012414
:10D050002860FEF7DBF92046B0BD00002DE9F04F57
:10D0600083B007469000984615468946FDF724FE92
:10D07000F8B106466420FDF71FFEB8B1DDE90CBA31
:10D0800064210446F3F787FB384649462A4643465F
:10D090002663CDE900BA0294FDF75CFA2046FDF75D
:10D0A00081F9012003B0BDE8F08F00BF3046FEF7E4
:10D0B000C5F94FF0FF3003B0BDE8F08F2DE9F04720
:10D0C00086B00F9E66B3DDF84090B9F1000F31D005
:10D0D0000446642004900498642835D104980F46CF
:10D0E000DDF838A04846642198461546F3F753FB0F
:10D0F000022089F8610005A8C9F83060CDE900A0D8
:10D10000204639462A464346CDF80890FDF722FAD4
:10D110004846FDF747F9059806B0BDE8F08700BF1F
:10D120004FF0500080F31188BFF36F8FBFF34F8F24
:10D13000FEE700BF4FF0500080F31188BFF36F8F00
:10D14000BFF34F8FFEE700BF4FF0500080F3118810
:10D15000BFF36F8FBFF34F8FFEE70000F0B581B0D4
:10D1600080B1C9B148F2FC25C1F6FF756A69EAB120
:10D170004FF0500080F31188BFF36F8FBFF34F8FD4
:10D18000FEE700BF4FF0500080F31188BFF36F8FB0
:10D19000BFF34F8FFEE700BF4FF0500080F31188C0
:10D1A000BFF36F8FBFF34F8FFEE700BF6A69013295
:10D1B0006A61AA69036819449A42016006D29942D9
:10D1C0004FF0000435D2914206D832E0994203D3A1
:10D1D000914201D800242CE049F28414C1F6FF7476
:10D1E000AE6920688F1A0430FEF75EF850B12068EF
:10D1F000F619466013D3286A21680431FEF798F8BF
:10D2000016E000BF20680121C06A2A6801FA00F018
:10D2100022EA000028602068F6194660EBD2E8692F
:10D2200021680431FEF784F8E86A864238BFEE626E
:10D23000012400F02BFC18B1204601B0F0BD00BF66
:10D240004EF60450CEF200004FF080510160BFF363
:10D250004F8FBFF36F8F204601B0F0BDF0B581B0A6
:10D2600051B14FF0500080F31188BFF36F8FBFF3BF
:10D270004F8F00BFFEE700BF0446E8B1069F1E4681
:10D280001546FEF79FF8002F1CBFE06D386094F83C
:10D2900060000221042E84F8601017D8DFE806F041
:10D2A0002D04262C6C0000BFE16D2943E1650128A7
:10D2B00040F0878023E000BF4FF0500080F31188DA
:10D2C000BFF36F8FBFF34F8FFEE700BF48F2FC2123
:10D2D000C1F6FF71896981B14FF0500080F3118868
:10D2E000BFF36F8FBFF34F8FFEE700BFE16D0131DA
:10D2F000E165012865D102E0E565012861D1D4E945
:10D30000023261699A604F68E268201D874253606B
:10D3100008BF4A600A6848F2FC27013A0A60D4E96B
:10D320000AC1C1F6FF7701233E688B4033433B605F
:10D3300049F2881701EB8103C1F6FF7707EB8306FB
:10D3400075686661AA68A560E260AA68A860506016
:10D3500057F82300BCF1000F00F1010047F823004B
:10D3600012D04FF0500080F31188BFF36F8FBFF3DE
:10D370004F8F00BFFEE700BF02281FD10024FEF739
:10D3800045F8204601B0F0BD49F28410C1F6FF70A7
:10D390000068C06A814214D94EF60450CEF20000F3
:10D3A0004FF080510160BFF34F8F0124BFF36F8FA7
:10D3B000FEF72CF8204601B0F0BD00BFE56501285E
:10D3C0009DD00124FEF722F8204601B0F0BD0000F8
:10D3D000F0B581B050B199B14FF0500080F3118891
:10D3E000BFF36F8FBFF34F8FFEE700BF4FF05000CA
:10D3F00080F31188BFF36F8FBFF34F8FFEE700BF3D
:10D40000069F1E4615460446FEF79EF8EFF311816F
:10D410004FF0500080F31188BFF36F8FBFF34F8F31
:10D42000002F1CBFE06D386094F860000222042ECB
:10D4300084F8602008D8DFE806F01E03171D2D00D1
:10D44000E26D2A4312E000BF48F2FC22C1F6FF72EF
:10D45000926982B14FF0500080F31188BFF36F8F53
:10D46000BFF34F8FFEE700BFE26D0132E265012896
:10D4700033D102E0E56501282FD1A06A90B14FF0C9
:10D48000500080F31188BFF36F8FBFF34F8F00BF41
:10D49000FEE700BF02281DD1002081F3118801B0F2
:10D4A000F0BD00BF48F2FC2CC1F6FF7CDCF8140094
:10D4B000C0B1604650F8682F04F118064368013285
:10D4C0009F68E36127629F689E607E60A062026041
:10D4D000E36A32E0E5650128CFD0012081F31188AD
:10D4E00001B0F0BDD4E902676369B7605D68E768C1
:10D4F000201D85427E6008BF5F601F6849F2881E5C
:10D50000013F1F60E36A0127DCF800609F4037435A
:10D51000CCF8007003EB8307C1F6FF7E0EEB8705A6
:10D520006A6865619668A260E6609668906070605F
:10D530005EF8270001304EF8270049F28410C1F64A
:10D54000FF700068C06A83420CD9079800281CBF8E
:10D55000012202600120CCF8240081F3118801B07F
:10D56000F0BD00BF012081F3118801B0F0BD0000C3
:10D57000B0B549B14FF0500080F31188BFF36F8F01
:10D58000BFF34F8FFEE700BF044620B949F2841075
:10D59000C1F6FF700468FDF715FF94F860000025E0
:10D5A000022804BF84F860500125FDF72FFF2846AC
:10D5B000B0BD0000F0B581B050B14FF0500080F325
:10D5C0001188BFF36F8FBFF34F8F00BFFEE700BF1F
:10D5D0001D4614460E46FDF7F5FE49F28417C1F6C6
:10D5E000FF77386890F86000022819D039680698EB
:10D5F000CA6D22EA0602CA6539684FF0010281F855
:10D60000602068B10121FCF77BFE4EF60450CEF29B
:10D6100000004FF080510160BFF34F8FBFF36F8F59
:10D62000FDF7F4FEFDF7CEFE15B13868C06D286039
:10D630003868002590F860100020022904D139686C
:10D640000125CA6DA243CA65396881F86000FDF7FB
:10D65000DDFE284601B0F0BD49F28410C1F6FF702E
:10D660000068704748F2FC20C1F6FF70016900298C
:10D670000FBF01204069B0FA80F0400918BF400098
:10D680007047000048F2FC20C1F6FF7080697047C7
:10D690002DE9F04F48F2FC2BC1F6FF7BDBF81400BC
:10D6A00040B1DBF830000130CBF830000020BDE89D
:10D6B000F08F00BFDBF8180010F1010ACBF818A0BA
:10D6C00028D3DBF81C00006850B14FF0500080F305
:10D6D0001188BFF36F8FBFF34F8F00BFFEE700BF0E
:10D6E000DBF81C00DBF82030CBF81C30CBF8200036
:10D6F000DBF834000130CBF83400DBF81C000068A4
:10D7000020B1DBF81C00C068006801E04FF0FF307A
:10D71000CBF82C00DBF82C0049F2841C49F2881964
:10D720008245C1F6FF7CC1F6FF7901D2002061E09D
:10D73000DBF81C004FF0000E0068002852D04FF0BC
:10D740000108002023E000BFE96ADBF8002008FAA6
:10D7500001F31A43CBF8002001EB810209EB8203AD
:10D760005C686B61A768AC60EF60A768A6607E60CC
:10D7700059F82230013349F82230DCF80020D26A0F
:10D78000DBF81C30914288BF0120196871B3DBF8C7
:10D790001C40E468E5682E4656F8047FBA4527D356
:10D7A000D5E902346F699C607A68EC68B2426360C4
:10D7B00008BF7C603A68013A3A60AF6A002FC3D074
:10D7C000D5E9072305F1180193607B682C6A8B4229
:10D7D000626008BF7C60C5F828E0396801393960AB
:10D7E000B2E700BF4FF0FF37002001E04FF0FF37F6
:10D7F000CBF82C70DCF80010C96A01EB810159F8F4
:10D800002110012988BF0120DBF82410002918BF4E
:10D810000120BDE8F08F000070B588B1044649F2E0
:10D820008410C1F6FF700068A0420BD04FF050008A
:10D8300080F31188BFF36F8FBFF34F8FFEE700BFF8
:10D84000002070BD606D002840D0411EE06A226D4E
:10D85000616590424FF0000037D0002918BF70BDBD
:10D86000261D3046FDF720FD48F2FC2CC1F6FF7C5A
:10D8700048B9E06A0122DCF8003002FA00F023EA3D
:10D880000000CCF80000226DC2F10700E262A06146
:10D890000120DCF8003000FA02F11943CCF8001046
:10D8A00049F2881C02EB8201C1F6FF7C0CEB81037C
:10D8B0005A6863619568A260E560956896606E60DD
:10D8C0005CF8212001324CF8212070BD4FF050004F
:10D8D00080F31188BFF36F8FBFF34F8FFEE7000017
:10D8E000F0B581B010B349F28416C1F6FF76044654
:10D8F000C06A3168C96A88421CD2A169002904D46F
:10D900003168C96AC1F10701A16149F288176169EB
:10D9100000EB8000C1F6FF7707EB8000814213D057
:10D920003068C06AE062012001B0F0BD002001B0A3
:10D93000F0BD00BF216D3068C26A0020914238BF3F
:10D94000012001B0F0BD00BF251D2846FDF7ACFC4D
:10D9500048F2FC21C1F6FF7138B9E06A01220B6878
:10D9600002FA00F023EA000008603068C26A012071
:10D97000E2620B6800FA02F633430B6002EB8201AD
:10D9800007EB8102536862619E68A360E6609E684F
:10D990009D60756057F82120013247F8212001B0C1
:10D9A000F0BD000070B5C068C06848B3D0E9072377
:10D9B000816A9360036AD1F804C000F1180E5A60BE
:10D9C0000022F44508BF4B6082620A6848F2FC2CD2
:10D9D000013A0A60C1F6FF7CDCF81410D1B161464F
:10D9E00051F8682F4B6801329C68C36104629C68DF
:10D9F000C3F808E0C4F804E081620A60C36A37E053
:10DA00004FF0500080F31188BFF36F8FBFF34F8F3B
:10DA1000FEE700BFD0E90221436991605C68C168FC
:10DA200000F1040E74454A6008BF59601968013955
:10DA30001960C36A0121DCF800209940114349F2C2
:10DA40008812CCF8001003EB8301C1F6FF7202EBE1
:10DA5000810465684461AE688560C660AE68C5F8DB
:10DA600008E0C6F804E052F82100013042F8210035
:10DA700049F28410C1F6FF700068C06A834292BF09
:10DA800000200120CCF8240070BD00002DE9F043F7
:10DA900081B048F2FC24C1F6FF74606970B1FDF7F3
:10DAA00091FC606901386061606988B10024FDF70C
:10DAB000ADFC204601B0BDE8F08300BF4FF0500040
:10DAC00080F31188BFF36F8FBFF34F8FFEE700BF66
:10DAD000E0680028EAD0A06E002858D049F28819E2
:10DAE00049F2841E4FF0000C4FF00108C1F6FF7997
:10DAF000C1F6FF7E606FC068D0E90775836ABD60BC
:10DB00005968056A00F11806B1426F6008BF5D6090
:10DB1000C0F828C0196801391960D0E902164569B2
:10DB20008E606F68C668031D9F42716008BF6E609B
:10DB3000296801392960C16A256808FA01F6354368
:10DB4000256001EB810509EB850677684661BA68B7
:10DB50008760C260BA68BB60536059F82500013025
:10DB600049F82500DEF80000C06A814228BFC4F8E9
:10DB70002480A06E0028BDD1E069006820B1E06972
:10DB8000C068006802E000BF4FF0FF30E062256B24
:10DB90004DB10126FFF77CFD002818BF6662013DEC
:10DBA000F8D100202063606A00283FF47FAF4EF672
:10DBB0000450CEF200004FF080510160BFF34F8F50
:10DBC0000124BFF36F8FFDF721FC204601B0BDE8B3
:10DBD000F083000070B586B0FDF7F4FB48F27836AC
:10DBE000C1F6FF76306808BB06F114042046FDF745
:10DBF0008FFB06F128052846FDF78AFB49F2E00273
:10DC000049F23013C6E902450025C1F6FF72C1F69C
:10DC1000FF73052010210095FEF766FA306028B1E9
:10DC20004EF26861C0F20001FDF7BEFCFDF7EEFBAD
:10DC30003068D8B10020CDE9040005A804A903AAE2
:10DC4000FDF758FBDDE903200621059DCDE9001015
:10DC50004AF2CD70C0F2000009A100230295FFF73F
:10DC60002DFA706010B1012006B070BD4FF0500069
:10DC700080F31188BFF36F8FBFF34F8FFEE700BFB4
:10DC8000546D72205376630010EE100AC0F3C75132
:10DC90007F391729A8BF7047DFED140A002970EEFD
:10DCA000200A0CDAF5EEC00AF1EE10FA1ADD0028AF
:10DCB000C8BF4FF07E50B8BF4FF0004012E00C4A92
:10DCC00022FA01F2104208BF7047F5EEC00AF1EEE9
:10DCD00010FA07DD002804DD4FF4000323FA01F1F8
:10DCE0000844904300EE100A70470000CAF24971E0
:10DCF000FFFF7F0021F0004201F00043A2F16052DB
:10DD0000B2F5801F28BFD2F17F6C0BD95FEA001CEF
:10DD100043EAC20242EB507018BF704728BF20F0A0
:10DD200001007047B2F5801FBCBF184670474FEA2C
:10DD3000410C1CF5001F02D2084600F021BA70B554
:10DD400000F0BDF900000089FFF7F6BF4FF000407A
:10DD5000A0F58000704700002DE9C04130B4DFF825
:10DD6000A4C23CEA111418BF3CEA131400F0ED8081
:10DD70001CEA111481EA030544EAD57418BF1CEAB1
:10DD8000131500F0C880A4EB050404F17F7404F5BA
:10DD900000344FF0004545EAC12145EAC32341EA7A
:10DDA000505143EA52534FEAC0204FEAC2229942EF
:10DDB00008BF904200F09D804FEA13650FF24416B1
:10DDC000765D4FEA134506FB05F7C7F1807706FB42
:10DDD00007F74FEAD737A7FB03687642A7FB06CEC3
:10DDE000C8F5803838BFA8F1010807FB08E6A6FB94
:10DDF000028C4FF0000EE6FB03CEDCF1000CCEF1FE
:10DE0000004E38BFAEF1010EA6FB0C584FF00007D4
:10DE1000E6FB0E87A1FB08C6A0FB07CE16EB0E069D
:10DE20004FF0000545F10005E1FB076515F1E04EF7
:10DE30007EBFA4F580345FEA46066D4116F1800787
:10DE400045F100054FEA172747EA05674FEA152510
:10DE50004FEA0666A6F1DE46B6F1805F20D9384665
:10DE600005EBC47124F0010C01EB0C11BCF1FE6F49
:10DE700002D8F0BCBDE8008124425CBF01F5801EE1
:10DE80009EEAC47F02D4F0BCBDE80081244200F1C8
:10DE90003980A1F1C041F0BCBDE8004100F05DB99E
:10DEA0004FEAD02040EA41504FEAD1214FEAD22236
:10DEB00042EA43524FEAD323A7FB028607FB0366DD
:10DEC00005FB02661EEA0E0F58BFA6EB0056B6EB26
:10DED00000564FEA520E4EEAC37E18EB0E0E56EB7A
:10DEE000530EBCD518EB02085E417F1C55F10005AE
:10DEF000B5E74FF480154FF000074FF000064FF0E4
:10DF00000008ACE701F1C04101F000414FF0000012
:10DF1000F0BCBDE800810CEA131511EA0C1F00D01B
:10DF20000CE013EA0C1F00F026804FF0000081EA9D
:10DF3000030101F00041F0BCBDE80081F0BCBDE888
:10DF4000004181EA030100F008B9F0BCBDE80041DE
:10DF500070B500F0B4F800BF097EFC3E00F007B8D1
:10DF60004FF0000081EA030101F00041704781EAAF
:10DF7000030100F0F2B8F0BCBDE8004122494FF0C7
:10DF800000007047FFFDFBF9F7F5F4F2F0EEEDEB62
:10DF9000E9E8E6E4E3E1E0DEDDDBDAD8D7D5D4D3A7
:10DFA000D1D0CFCDCCCBCAC8C7C6C5C4C2C1C0BFF3
:10DFB000BEBDBCBBBAB9B8B7B6B5B4B3B2B1B0AFF9
:10DFC000AEADACABAAA9A8A8A7A6A5A4A3A3A2A1DD
:10DFD000A09F9F9E9D9C9C9B9A9999989797969598
:10DFE00095949393929191908F8F8E8E8D8C8C8B34
:10DFF0008B8A8989888887878685858484838382BC
:10E00000828181800000FF070000F87FB0FA80F372
:10E0100010FA03F10AD0C3F11D0303F580634FEA40
:10E0200003524FEA415002EBD12170474FF00000FC
:10E0300070470000B1FA81F30B3B20D3994010D117
:10E04000B0FA80F310FA03F108BF7047C3F11D0363
:10E0500003F580634FEAD1224FEA415002EB0351AE
:10E060007047C3F1200C20FA0CFC41EA0C019840E7
:10E07000C3F1320303F5806301EB03517047C3F131
:10E08000320C0CF5806210B5C3F10004C4F1200E0F
:10E0900001FA0EFC21FA04F100FA0EF3E04040EA26
:10E0A0000C00BDE8104001EB025138BF7047401C26
:10E0B00041F100015B0008BF20F0010070470EF144
:10E0C000020E2EF0030E5EF8046B364205D4012AD0
:10E0D00043EB030515F5001F12D8012841EB010C95
:10E0E0001CF5001F0CD80ED14FEAD17C0CEB4C0C68
:10E0F0000CF1020C15F5001F08BF4CEBD37C04E0BB
:10E100004FF0080C01E04FEAD37C0CEB4C0526FAEB
:10E1100005F606F00706B6F1040C06D20EEB860CE7
:10E12000BDE870404CF0010C6047DFE80CF0090BD3
:10E1300002024FF00041A1F500214FF0000070BD38
:10E1400019461046012851EB010418BFD4F50014FC
:10E1500084BF002001F0004170BD0808A0F5001147
:10E160004FEA31017047F1EE100A4FF6FF71C0F22D
:10E17000C03120EA010040F04070E1EE100A704723
:10E18000FF2141EAD050C0057047000000000000A8
:10E190008196000069AF00000301080402010F002E
:10E1A0000000000002000000030000000500000065
:10E1B000070000000B0000000D000000110000002F
:10E1C00013000000170000001D0000001F000000E9
:10E1D00025000000290000002B0000002F00000097
:10E1E000350000003B0000003D000000430000003F
:10E1F00047000000490000004F00000053000000ED
:10E200005900000061000000650000006700000088
:10E210006B0000006D000000710000007F00000036
:10E2200083000000890000008B00000095000000C2
:10E23000970000009D000000A3000000A700000060
:10E24000AD000000B3000000B5000000BF000000FA
:10E25000C1000000C5000000C7000000D30000009E
:10E26000010000000B0000000D0000001100000084
:10E2700013000000170000001D0000001F00000038
:10E2800025000000290000002B0000002F000000E6
:10E29000350000003B0000003D000000430000008E
:10E2A00047000000490000004F000000530000003C
:10E2B00059000000610000006500000067000000D8
:10E2C0006B0000006D00000071000000790000008C
:10E2D0007F00000083000000890000008B00000028
:10E2E0008F00000095000000970000009D000000D6
:10E2F000A3000000A7000000A9000000AD0000007E
:10E30000B3000000B5000000BB000000BF0000002B
:10E31000C1000000C5000000C7000000D1000000DF
:10E32000000000000000000000000000097700006D
:10E33000017700009D750000F975000000000000E5
:10E3400000000000D178000075770000917900008E
:10E35000797700000000000000000000C97700008D
:10E3600055960000897800008578000000000000C4
:10E3700000000000D178000055960000917900005F
:10E380008D7900000000000000000000C977000047
:10E39000B57E000089780000358100000000000093
:10E3A000000000000100000000000000000000006C
:10E3B000000000000000000000000000000000005D
:10E3C000000000000000000000000000000000004D
:10E3D000000000000000000000000000000000003D
:10E3E000000000000000000000000000000000002D
:10E3F000000000000000000000000000000000001D
:10E40000000000000000000000000000000000000C
:10E4100000000000000000000000000000000000FC
:10E4200000000000000000000000000000000000EC
:10E43000000000000000000000000000200040007C
:10E440005D008000BA000001740100022E2E2F44EE
:10E450007269766572732F48433332463436305FC3
:10E460004472697665722F736F757263652F686386
:10E4700033325F6C6C5F616F732E63002E2E2F44FE
:10E480007269766572732F48433332463436305F93
:10E490004472697665722F736F757263652F686356
:10E4A00033325F6C6C5F636C6B2E63002E2E2F44D7
:10E4B0007269766572732F48433332463436305F63
:10E4C0004472697665722F736F757263652F686326
:10E4D00033325F6C6C5F646D612E63002E2E2F44AF
:10E4E0007269766572732F48433332463436305F33
:10E4F0004472697665722F736F757263652F6863F6
:10E5000033325F6C6C5F65666D2E63002E2E2F4478
:10E510007269766572732F48433332463436305F02
:10E520004472697665722F736F757263652F6863C5
:10E5300033325F6C6C5F6663672E63002E2E2F4450
:10E540007269766572732F48433332463436305FD2
:10E550004472697665722F736F757263652F686395
:10E5600033325F6C6C5F6770696F2E63002E2E2FE5
:10E57000447269766572732F4843333246343630BD
:10E580005F4472697665722F736F757263652F6869
:10E590006333325F6C6C5F696E7465727275707430
:10E5A000732E63002E2E2F447269766572732F4886
:10E5B000433332463436305F4472697665722F7366
:10E5C0006F757263652F686333325F6C6C5F707751
:10E5D000632E63002E2E2F447269766572732F4866
:10E5E000433332463436305F4472697665722F7336
:10E5F0006F757263652F686333325F6C6C5F746D27
:10E6000072302E63002E2E2F447269766572732F3E
:10E6100048433332463436305F4472697665722F30
:10E62000736F757263652F686333325F6C6C5F74F0
:10E630006D72612E63002E2E2F447269766572739F
:10E640002F48433332463436305F44726976657200
:10E650002F736F757263652F686333325F6C6C5F05
:10E6600075736172742E6300546D72510000000066
:10E670000600000098E600000080FF1F5000000028
:10E68000BC020000E8E600005080FF1F389900003F
:10E69000D802000000000000FF000000FF000000A2
:10E6A000BD030000159600000001000000000000FE
:10E6B000000000000000000000000000000000005A
:10E6C000000000000000000000000000000000004A
:10E6D000000000000000000000000000000000003A
:08E6E00000000000AAAAAAAA8A
:040000050000028174
:00000001FF
