:020000040000FA
:10000000401D002041030000790300007B03000035
:100010007D0300007F03000081030000000000005A
:1000200000000000000000000000000081570000F8
:100030008503000000000000D1560000A957000011
:10004000713000008530000099300000AD300000B4
:10005000C1300000D5300000E9300000FD30000064
:100060001131000025310000393100004D31000010
:100070006131000075310000893100009D310000C0
:10008000B1310000C5310000D9310000ED31000070
:100090000132000015320000293200003D3200001C
:1000A0005132000065320000793200008D320000CC
:1000B000A1320000B5320000C9320000DD3200007C
:1000C000F132000009330000213300003933000011
:1000D0005133000069330000813300009933000080
:1000E000B1330000C9330000E1330000F9330000F0
:1000F000113400002934000041340000593400005C
:100100007134000089340000A1340000B9340000CB
:10011000D1340000E9340000013500001935000039
:1001200031350000493500006135000079350000A7
:1001300091350000A9350000C1350000D935000017
:10014000F135000009360000213600003936000084
:1001500051360000693600008136000099360000F3
:10016000B1360000C9360000E1360000F936000063
:1001700011370000293700004137000059370000CF
:100180007137000089370000A1370000B93700003F
:10019000D1370000E93700000138000019380000AD
:1001A000313800004938000061380000793800001B
:1001B00091380000A9380000C1380000D93800008B
:1001C000F1380000093900002139000039390000F8
:1001D0005139000069390000813900009939000067
:1001E000B1390000C9390000E1390000F9390000D7
:1001F000113A0000293A0000413A0000593A000043
:10020000713A0000893A0000A13A0000B93A0000B2
:10021000D13A0000E93A0000013B0000193B000020
:10022000313B0000493B0000613B0000793B00008E
:10023000913B0000A93B0000C13B0000D93B0000FE
:10024000F13B00000D3D0000354100000D42000073
:100250005D4400008B0300008B0300008B03000053
:100260009145000095480000554B0000C14D00002D
:10027000014F0000B5500000C952000005540000B5
:1002800000F002F800F04DF80AA090E8000C82445B
:100290008344AAF10107DA4501D100F042F8AFF238
:1002A000090EBAE80F0013F0010F18BFFB1A43F054
:1002B0000103184720C9000040C90000103A24BFBC
:1002C00078C878C1FAD8520724BF30C830C144BFBB
:1002D00004680C60704700000023002400250026FD
:1002E000103A28BF78C1FBD8520728BF30C148BF99
:1002F0000B607047752900F08B81632900F06383E0
:10030000002070471FB50CF0E4F99DE8030000F0F1
:10031000C1FA00F08BFA1FBD10B5002000F0D4FB2D
:1003200010BD00F016FC1146FFF7ECFF08F01EF8B8
:1003300000F034FC03B4FFF7EFFF03BC00F088FAD1
:1003400015484FF01F01016014484FF0770101601C
:1003500013484FF07701016012484FF48851016053
:100360000E484FF0760101600D484FF076010160B4
:100370000D4880470D480047FEE7FEE7FEE7FEE731
:10038000FEE7FEE7FEE7FEE7FEE7FEE7084809496D
:10039000094A0A4B70470000100805400408054050
:1003A0000C08054000080540795800008102000053
:1003B00040DDFF1F401D002040FDFF1F40FDFF1FCF
:1003C00010B5002000F022FBFFF7A6FFBDE81040AB
:1003D000012000F03DBA0B460146184600F0FFBA76
:1003E00002F0FF0343EA032242EA024200F093B91B
:1003F00002F0FF0343EA032242EA024200F0ADB9F1
:10040000BFFFDFFFFFFEFFFFFFFFFFFFFFFFFFFF5D
:10041000FFFFFFFFFFFFFFFFFFFFFFFFFFFFFFFFEC
:1004200070B5064600F01AFA056806F10B0020F0D8
:100430000704B4429CBF002070BD2B466A68BAB165
:100440001068A04210D304F1080188423CBF5068F4
:10045000586007D35168101941601168091B016089
:1004600058601460101D70BD13465268002AE7D111
:100470002146284600F0FAF90028DED170BD70B59B
:100480000446051F00F0EAF90068002C14BF446818
:1004900070BD002C18BFAC423CBF20466468F8D346
:1004A00001680A18AA4218BF456003D12A680546A8
:1004B0001144016028684119A1421CBF6C6070BDE5
:1004C0006168696021680844286070BD53EA020CC5
:1004D00000F069802DE9F04B4FF00006002B1FBFA4
:1004E000B3FA83F503FA05F424FA05F65E4012BF69
:1004F0001643B2FA82F502FA05F4C5F120051EBFD3
:1005000022FA05FC44EA0C04203556EA044C4FEA72
:10051000144418BF641C4FF000084FF000099042CB
:1005200071EB030C39D3002919BFB1FA81F701FA35
:1005300007F6B0FA80F700FA07F6C7F120071EBFEA
:1005400020FA07FC46EA0C062037B6FBF4FCA7EBC2
:100550000507103F07F01F0BCBF120062CFA06F61B
:100560000CFA0BFB44BFB3460026202FA4BF5E4607
:100570004FF0000B5BEA060C08BF4FF0010B19EBC4
:100580000B0948EB0608ABFB027C06FB02CC0BFB1D
:1005900003CCC01B71EB0C01C1E70B460246414680
:1005A0004846BDE8F08B13B5084318BF4FF0FF3045
:1005B0000146AFF30080BDE81C40704770B50C46A3
:1005C0000546012A05D02878800600D5EA6900236F
:1005D00002E0012305E05B1C934202D2E05C0028AC
:1005E000F9D1A869E618C01AA861286A18442862D7
:1005F0002846AFF3008004E0D5E9012114F8010B8F
:100600009047B442F8D32846AFF3008070BD000095
:100610002DE9F0410646002410687529314616A5DB
:1006200010D0AFF30080002802DA404213A507E0A3
:1006300031688A0701D512A502E0490704D511A542
:10064000012401E0AFF3008000210A2206F1240713
:1006500009E0B0FBF2FCB0FBF2F302FB1C0030300F
:1006600078541846491C0028F3D123462A463046C0
:10067000BDE8F04100F044B9000000002D0000008A
:100680002B00000020000000032A40F2308010F010
:10069000030C00F0158011F8013BBCF1020F62441D
:1006A00098BF11F801CB00F8013B38BF11F8013BAE
:1006B000A2F1040298BF00F801CB38BF00F8013B5B
:1006C00011F0030300F0A981083AC0F0088051F846
:1006D000043B083A51F804CBA0E80810F5E7121DD6
:1006E0005CBF51F8043B40F8043BAFF30080D207F5
:1006F00024BF11F8013B11F801CB48BF11F8012BC1
:1007000024BF00F8013B00F801CB48BF00F8012BE3
:1007100070474FF000020429C0F0128010F0030C63
:1007200000F01B80CCF1040CBCF1020F18BF00F8E4
:10073000012BA8BF20F8022BA1EB0C0100F00DB893
:100740005FEAC17C24BF00F8012B00F8012B48BFF1
:1007500000F8012B70474FF0000200B51346944695
:100760009646203922BFA0E80C50A0E80C50B1F109
:100770002001BFF4F7AF090728BFA0E80C5048BF1D
:100780000CC05DF804EB890028BF40F8042B08BFBB
:10079000704748BF20F8022B11F0804F18BF00F8B7
:1007A000012B70470000000030B44FF0013C50F8BE
:1007B000042B51F8043BCCFA52F4D51A20D1FCB9E1
:1007C00050F8042B51F8043BCCFA52F4D51A17D147
:1007D000B4B950F8042B51F8043BCCFA52F4D51AB2
:1007E0000ED16CB950F8042B51F8043BCCFA52F4FA
:1007F000D51A05D1002CDAD030BC4FF0000070477C
:1008000029BAB1FA81F111F01801D1F12000844028
:10081000F2D1CA40CB4012F0FF0213F0FF0330BC0C
:10082000D01A7047704770477047000070B5064C8B
:100830007C44064D7D4404E020460168084480471E
:10084000241DAC42F8D170BDC0C30000C0C300007D
:1008500001491820ABBEFEE72600020000487047A1
:100860006080FF1F704770477047704738B5044677
:100870000A4600206946AFF30080002808BF38BD53
:1008800002460099204600F005F9012038BD0120FC
:1008900000F058B9F8B5AFF30080054600200C46CB
:1008A000102000BF0646A819A0420DD9324669465D
:1008B0000020AFF30080070008BF00F043F9009864
:1008C000A04218BF0546C419FFF7C8FF05600746D8
:1008D000F01D20F007004619284600F00AF8B4423F
:1008E00008BFF8BDA21B31463868BDE8F84000F0EB
:1008F000D1B800210160C0E9011070471020704795
:100900002DE9F0470D4699469246044600F1240829
:100910000168880604D5E06921F01001216000E03B
:100920000120A84201DD471B00E00027A1697A19D8
:1009300002EB0900081AA0612078C00602D4204604
:10094000AFF30080002608E0D4E901211AF8060080
:100950009047206A401C761C20624E45F4DB2078CC
:10096000C0060AD52046AFF3008006E0D4E9012195
:1009700030209047206A401C2062381EA7F10107F2
:10098000F4DC07E0D4E9012118F805009047206A5B
:10099000401C2062281EA5F10105F3DC2046AFF3C0
:1009A00000802078000602D50220BDE8F0870120F3
:1009B000FBE710B5436913B1AFF3008001E0FFF727
:1009C000FDFD012010BD127800F124010A70002203
:1009D0004A700122EDE711684FF0FF32E9E72DE997
:1009E000F041074615460E461020FFF719FD04009A
:1009F0000AD06760C4E9026500F048F80168216028
:100A000004600020BDE8F0810120FBE710B500F094
:100A100081F8BDE8104000F078B810B5203AC0F079
:100A20000B80B1E81850A0E81850B1E81850A0E8C1
:100A30001850203ABFF4F5AF5FEA027C24BFB1E85A
:100A40001850A0E8185044BF18C918C0BDE810409D
:100A50005FEA827C24BF51F8043B40F8043B08BFA6
:100A60007047D20728BF31F8023B48BF11F8012B6D
:100A700028BF20F8023B48BF00F8012B7047000058
:100A8000004870475880FF1F7047000000487047BB
:100A90009080FF1F034640688C46002818BF88429C
:100AA0003CBF03464068F8D318681844884207D012
:100AB0000CF1030020F00700001D411A521A0146F4
:100AC000081D0A60FFF7DBBC2DE9F0410646FFF781
:100AD000DDFF8046454613E016B1E068B0420ED116
:100AE00020682860D4E90101D8F8007088472046C2
:100AF000FFF7C5FCD8F80000B842EBD100E025466E
:100B00002C68002CE8D1BDE8F081002801D0FFF767
:100B10009FBE704710B5002102A000F048F80120E8
:100B200010BD0000534947414252543A2041626E81
:100B30006F726D616C207465726D696E6174696F3E
:100B40006E00000010B500F04BF8BDE81040FFF754
:100B5000DCBF7546FFF794FFAE4605006946534675
:100B600020F00700854618B020B5FFF70FFCBDE860
:100B700020404FF000064FF000074FF000084FF004
:100B8000000BAC46ACE8C009ACE8C009ACE8C00951
:100B9000ACE8C00921F007018D46704710B5044646
:100BA000AFF300802046BDE81040FFF7C3BB70B52F
:100BB00005460C460A2000E06D1C00F039F835B1FE
:100BC00028780028F8D102E0641C00F031F814B154
:100BD00020780028F8D1BDE870400A2000F028B83D
:100BE00010B5012805D0002103A0FFF7E0FF012088
:100BF00010BD09A1F8E7000053494752544D454D37
:100C00003A204F7574206F662068656170206D65AD
:100C10006D6F7279000000003A2048656170206DA8
:100C2000656D6F727920636F7272757074656400A0
:100C300008B569468DF800000320ABBE08BD000072
:100C400070470000704700007047000070470000C8
:100C500070470000704700007047000070470000B8
:100C6000B0B504464FF2FC70CBF6FE702044682805
:100C70000D4607D814F0030004D1206865F308007E
:100C80002060B0BD4CF21D70C0F200008F2100F05A
:100C9000EFFD206865F308002060B0BD80B508F066
:100CA00029FE08F0E3FC08F049FE0020BDE8804082
:100CB00009F080B810B545F20044C4F201042046A2
:100CC000402105F017F9012818BF10BD204640212A
:100CD00005F0C2F8EFF311844FF0500080F3118853
:100CE000BFF36F8FBFF34F8F012006F017FD84F322
:100CF000118810BDF0B585B005200321012205261D
:100D000001F08AFB03AC204600F01AFD01AD284635
:100D100000F0D2FA47F2777042F21021C0F27770F9
:100D2000C0F2110100F0D6FA4FF440500027ADF8A0
:100D30000C0020468DF80E708DF8106000F020FC3D
:100D400043F20010C1F21010029028468DF8047092
:100D500000F080F9202000F05FF80128FAD150203F
:100D600001F010FA4FF4404001F09CFF04F088FCC1
:100D7000052000F0A7FB012001F0DCF9002001F0C4
:100D8000D9F9012001F0B4F905B0F0BD80B548F6FD
:100D90009860C1F6FF70016841F40061016000BF16
:100DA0000120022101F024FE0028F9D00220BDE834
:100DB000804001F089BA000010B584B048F2602488
:100DC000C1F6FF74207898B90B4800900AA0C26859
:100DD000D0E901100392CDE90110201D694600F011
:100DE000D9FC40F60960C0F200006060012020706C
:100DF000201D04B010BD00BF04000000CC85FF1F03
:100E0000EC85FF1FDC85FF1F0878497840EA014028
:100E1000704700007047000010B5044610B114F090
:100E2000960007D04CF28970C0F2000040F28B515E
:100E300000F01EFD44F23C00C4F2050000782040A2
:100E400018BF012010BD0000B0B50446022807D32A
:100E50004CF28970C0F2000040F2D92100F008FD88
:100E600044F22605C4F20505B5F8D803C00707D13A
:100E70004CF28970C0F2000040F2DA2100F0F8FC78
:100E800014B100200DE000BF287800F00700022810
:100E900006D16FF00504A02000F01AFD2046B0BD79
:100EA000012044F22741C4F2050100240870A0206B
:100EB00000F00EFD2046B0BDB0B584B00446022857
:100EC00007D34CF28970C0F2000040F2E54100F017
:100ED000CFFC44F23C05C4F20505B5F8C203C007D7
:100EE00007D14CF28970C0F2000040F2E64100F0F8
:100EF000BFFC9CB3D5F8C400000639D40020019093
:100F00000198B0F5805F61D8287800076AD401980D
:100F1000013001900198B0F5805F57D8287800071C
:100F200060D40198013001900198B0F5805F4DD8F0
:100F30002878000756D40198013001900198B0F547
:100F4000805F43D8287800074CD401980130019085
:100F50000198B0F5805FD7D938E000BF15F8160CBE
:100F600000F00700052837D16FF0050004B0B0BDD0
:100F7000002002900298B0F5805F27D82878C0073B
:100F800030D10298013002900298B0F5805F1DD8F0
:100F90002878C00726D10298013002900298B0F557
:100FA000805F13D82878C0071CD1029801300290C6
:100FB0000298B0F5805F09D82878C00712D102984E
:100FC000013002900298B0F5805FD7D96FF007002A
:100FD00058B104B0B0BD00BF012005F8120C0020CC
:100FE00004B0B0BD00200028F3D1002005F8120C99
:100FF00003900398B0F5805F27D828788006EED458
:101000000398013003900398B0F5805F1DD82878CD
:101010008006E4D40398013003900398B0F5805F14
:1010200013D828788006DAD4039801300390039807
:10103000B0F5805F09D828788006D0D403980130B5
:1010400003900398B0F5805FD7D96FF0070004B024
:10105000B0BD00002DE9F041002800F001810446F8
:10106000007900F01800182807D14CF28970C0F2FE
:10107000000040F2B94100F0FBFB254635F8050FB2
:10108000A97840EA014001466FF35F211339B1F5B9
:10109000E67F0BD94CF28970C0F2000040F2BA41F1
:1010A00000F0E6FBA878298841EA00400021B1EB76
:1010B000105F0BD14CF28970C0F2000040F2BB41CE
:1010C00000F0D6FBA878298841EA004094F9041082
:1010D00048F20002C1F6FF72B1F1FF3F01F01F01BB
:1010E000126801F10101C4BF41F20022C0F27A028C
:1010F000B2FBF1F143F20163A1F574226FF35F20BB
:10110000A2F51072C0F26E1301309A4201FB00F694
:1011100007D34CF28970C0F200004FF4986100F0E0
:10112000A7FB4EF20040CFF2B11041F6014130442E
:10113000C0F64E61884207D34CF28970C0F20000BD
:1011400040F2C14100F094FBA8780122010402EBB7
:10115000115141F64068B6FBF1F1CFF61B784EF223
:101160004107C0F606374144B9427DD2298841EA99
:10117000004010F4702F00F0878010F4704F0BD1F6
:101180004CF28970C0F2000040F2C44100F070FBE4
:10119000A878298841EA0040C0F303310131B6FB49
:1011A000F1F14144B9420BD34CF28970C0F2000016
:1011B00040F2C54100F05CFBA878298841EA004074
:1011C000C0F303400130B6FBF0F04044B84207D30F
:1011D0004CF28970C0F2000040F2C64100F048FBBA
:1011E0002078022807D34CF28970C0F200004FF437
:1011F000996100F03DFB44F20015C4F20505B5F815
:10120000FE02C00707D14CF28970C0F2000040F224
:10121000C94100F02DFB28682179C90961F3C71085
:10122000286060682860207800283FD0B5F8FE026A
:10123000C00707D14CF28970C0F2000040F2E641CD
:1012400000F016FB15F8DA0C00F0070005280FBFB8
:101250006FF00500012005F8D60C0020BDE8F081F4
:101260006FF00200BDE8F0814CF28970C0F200001E
:1012700040F2C24100F0FCFAA878298841EA004017
:1012800010F4702F7FF479AF4CF28970C0F2000037
:1012900040F2C34100F0ECFAA878298841EA004006
:1012A00010F4704F7FF478AF6AE700BF0120BDE80B
:1012B000F041FFF701BE0000002804BF6FF00200FC
:1012C000704741F20031C1F21011416001210170FB
:1012D00000207047F0B585B048F20006C4F204065D
:1012E00032680C460492726805460392B168029116
:1012F000F06804F0E061B1F1E06F01906AD004F0B1
:101300007000702872D004F4E020B0F5E02F7BD09C
:1013100004F4E000B0F5E00F00F0848004F0070072
:10132000072800F08C8004F4E060B0F5E06F00F076
:10133000948004F4E040B0F5E04F00F09C8047F268
:101340007770C0F27770054200F0A48044F2FE305E
:10135000C4F205000088C00707D14CF28970C0F2C2
:10136000000040F2A92100F083FA44F22007C4F201
:101370000507B87900F00700052840F0958030692E
:10138000C00707D14CF28970C0F200004FF42C71F5
:1013900000F06EFA4FF6EE20CFF6FF7030604FF09F
:1013A000FF307060B060F0601E2000F091FA386885
:1013B00004EA0501A843084438601E2000F088FABA
:1013C00004983060039870600298B0600198F060F3
:1013D00070E000BF4CF28970C0F2000040F2A12121
:1013E00000F046FA04F0700070288CD14CF289703D
:1013F000C0F2000040F2A22100F03AFA04F4E0202A
:10140000B0F5E02F7FF484AF4CF28970C0F2000099
:1014100040F2A32100F02CFA04F4E000B0F5E00F54
:101420007FF47CAF4CF28970C0F200004FF4297158
:1014300000F01EFA04F0070007287FF474AF4CF2A6
:101440008970C0F2000040F2A52100F011FA04F406
:10145000E060B0F5E06F7FF46CAF4CF28970C0F2E1
:10146000000040F2A62100F003FA04F4E040B0F5D9
:10147000E04F7FF464AF4CF28970C0F2000040F29C
:10148000A72100F0F5F947F27770C0F277700542B6
:101490007FF45CAF4CF28970C0F200004FF42A7107
:1014A00000F0E6F952E700BF386804EA0501A843F6
:1014B000084438601E2000F00BFA05B0BDE8F0408B
:1014C00004F08AB970B584B048F20005C4F204058E
:1014D0002968044603916968062C0291A968019164
:1014E000E868009007D34CF28970C0F2000040F227
:1014F000372100F0BDF944F22606C4F20506B6F81D
:10150000D803C00707D14CF28970C0F200004FF435
:101510000E7100F0ADF93078052C05D000F0070011
:10152000052801D0347023E02869C00707D14CF2A8
:101530008970C0F200004FF4107100F099F94FF675
:10154000EE20CFF6FF7028604FF0FF306860A86093
:10155000E8601E2000F0BCF91E20347000F0B8F9DD
:1015600003982860029868600198A8600098E86075
:101570001E2000F0ADF904B0BDE8704004F02CB9B5
:10158000B0B582B000285FD004460078022807D3A7
:101590004CF28970C0F200004FF45F7100F068F9FE
:1015A0006078010141EA1010C0B2042850D2A0783E
:1015B00040F04000402858D1E07840F0800080287A
:1015C00060D120790138092807D34CF28970C0F224
:1015D00000004FF4607100F04BF944F23C05C4F296
:1015E0000505B5F8C203C00707D14CF28970C0F2F7
:1015F000000040F2813100F03BF9207985F8660067
:101600006178E278A378114344F210421943C4F29E
:10161000050220781170B5F8C213002801F001000E
:101620003ED038B94CF28970C0F2000040F29D31D2
:1016300000F01EF915F8160C00F0070003286DD114
:101640006FF0050002B0B0BD6FF0020002B0B0BD97
:101650004CF28970C0F2000040F27D3100F008F9D0
:10166000A07840F040004028A6D04CF28970C0F22B
:10167000000040F27E3100F0FBF8E07840F080009E
:1016800080289ED04CF28970C0F2000040F27F3179
:1016900000F0EEF820790138092896D29DE700BFC6
:1016A00038B94CF28970C0F2000040F29D3100F070
:1016B000DFF8002005F80A0C01900198B0F5805F72
:1016C00027D82878000735D4019801300190019877
:1016D000B0F5805F1DD8287800072BD40198013021
:1016E00001900198B0F5805F13D82878000721D4C5
:1016F0000198013001900198B0F5805F09D82878F1
:10170000000717D40198013001900198B0F5805F6F
:10171000D7D96FF0070002B0B0BD00BFD5F8C40044
:10172000000604D415F8120C00283FF489AF0120FC
:1017300005F80A0C002002B0B0BD000070470000A0
:10174000002804BF6FF002007047014601200880A6
:1017500000204FF4B0628870A1F8032070470000A9
:1017600010B544F20044C4F2020420464FF4803124
:1017700004F010F9012818BF10BD20464FF4803145
:1017800004F0DAF848F2BC30C1F6FF7001680131AC
:10179000016010BD0A884FF0000C8281D1E901324E
:1017A000C968C0E90432816149F2515148F23902F5
:1017B000C0F20001C0F20002A0F80EC0C0E900C1F2
:1017C0008260704710B584B048F28024C1F6FF747F
:1017D000207898B90B4800900AA0C268D0E901109F
:1017E0000392CDE90110201D6946FFF7D3FF41F6B2
:1017F0001500C0F20000606001202070201D04B0C0
:1018000010BD00BF0F0000006488FF1F5C8CFF1F2D
:10181000A088FF1F087804281CBF002070470879A3
:10182000497940EA0140704780B588B04CF20671B2
:10183000C0F200010978014202D0C943014201D03F
:1018400008B080BD8DF80800022004218DF8090041
:1018500001A88DF8041006F03DFE08B080BD000020
:10186000704700007047000070470000704700009C
:10187000FEE7000083B0029048F20400C1F6FF705A
:10188000006844F22001C4F205010968C1F3026155
:10189000C84041F26F71084441F6F111C0F276512F
:1018A000A0FB0101C8090090FFE70298411E0291C8
:1018B00060B1FFE700980190FFE70198411E019198
:1018C00010B1FFE7F9E700BFEFE700BF03B07047D3
:1018D00083B0029048F20400C1F6FF70006844F241
:1018E0002001C4F205010968C1F30261C84048F64D
:1018F0007F51C0F25B01084449F68171C1F25E611B
:10190000A0FB0101C80C0090FFE70298411E029164
:1019100060B1FFE700980190FFE70198411E019137
:1019200010B1FFE7F9E700BFEFE700BF03B0704772
:1019300070470000704700007047000070470000CB
:1019400070470000704700007047000070470000BB
:1019500070470000704700007047000070470000AB
:10196000704700007047000070470000704700009B
:10197000704700007047000070470000704700008B
:10198000704700007047000070470000704700007B
:1019900070B5154643F20042044640F48060C4F23C
:1019A000050290420E4649D1042E51D2022D07D392
:1019B0004CF2F570C0F2000040F27D11FFF758FFC5
:1019C00048F2C031C1F6FF71087800281CBF4FF003
:1019D000FF3070BD01200870E36900FA06FC6FEA71
:1019E0000C0E13EA0E0F18D0E069002E18BF10F08D
:1019F000010039D1E069012E18BF10F0020051D169
:101A0000E069022E18BF10F004006BD1E069032ECC
:101A100018BF10F0080040F08980E0690CF00F0357
:101A20000EEA000202F00F02012D08BF40EA030295
:101A30000020E26100220A7070BD00BF4CF2F57018
:101A4000C0F2000040F27B11FFF712FF042EADD36D
:101A50004CF2F570C0F200004FF4BE71FFF708FFC2
:101A6000022DADD3A4E700BFA06CA36E1B0C0A2B04
:101A7000C0D8000C8342BDD2002344F6FD70E26959
:101A8000D207B7D0E269D2071CBFE2695FEAC2722F
:101A9000B0D0834203F10303F1D96FF007000022B5
:101AA0000A7070BDD4F88800D4F8A820130C0A2B53
:101AB000A6D8000C8342A3D2002344F6FD70E2694D
:101AC00092079DD5E269920744BFE2695FEA82729C
:101AD00096D5834203F10303F1D96FF0070000228A
:101AE0000A7070BDD4F8C800D4F8E820130C0A2B93
:101AF0003FF68CAF000C8342BFF488AF002344F65E
:101B0000FD70E26952077FF581AFE269520744BF79
:101B1000E2695FEA42727FF579AF834203F1030322
:101B2000EFD96FF0070000220A7070BDD4F80801E9
:101B3000D4F82821130C0A2B3FF66FAF000C834218
:101B4000BFF46BAF002344F6FD70E26912077FF526
:101B500064AFE269120744BFE2695FEA02727FF58F
:101B60005CAF834203F10303EFD96FF0070000225B
:101B70000A7070BDB0B543F20042044640F4806084
:101B8000C4F2050290420D4602D155B90EE000BFE5
:101B90004CF2F570C0F200004FF4B271FFF768FE2E
:101BA00025B125F00F1008B9A561B0BD4CF2F57054
:101BB000C0F2000040F26511FFF75AFEA561B0BD0A
:101BC000B0B543F20042044640F48060C4F205021E
:101BD00090420D4604D1022D0BD22560B0BD00BF4E
:101BE0004CF2F570C0F20000FB21FFF741FE022D20
:101BF000F3D34CF2F570C0F20000FC21FFF738FE81
:101C00002560B0BDB0B543F20042044640F48060A8
:101C1000C4F2050290420D4606D1042D0ED204EB0B
:101C20008510806E000CB0BD4CF2F570C0F2000063
:101C300040F27251FFF71CFE042DF0D34CF2F57008
:101C4000C0F2000040F27351FFF712FE04EB851062
:101C5000806E000CB0BD000070B5144643F2004227
:101C6000054640F48060C4F2050290420E460FD152
:101C7000042E17D204B3E068002844D0B0F5007FEA
:101C80001ED0B0F5807F1ED12079C0071BD12AE07D
:101C90004CF2F570C0F200004FF46B71FFF7E8FDF5
:101CA000042EE7D34CF2F570C0F2000040F2AD31E3
:101CB000FFF7DEFD002CDED16FF0020070BD00BF2B
:101CC0002079800714D04CF2F570C0F2000040F289
:101CD000B231FFF7CDFDE068A8B1B0F5007F07D0C5
:101CE000B0F5807F07D1207AC00704D10BE000BF98
:101CF000207A800707D04CF2F570C0F2000040F265
:101D0000B331FFF7B5FDA069032807D34CF2F57096
:101D1000C0F200004FF46D71FFF7AAFDE0690828DA
:101D20002ED8012101FA00F040F21111084227D00B
:101D30002069B0F5806F2FD8206840F48050B0F54E
:101D4000805F37D1606805EB86110864A06848643D
:101D5000D4E904026FF39F2040EA02408864C86D12
:101D60002368E668D4E9065433432B4341F20F322B
:101D7000234390431A401044C865002070BD00BF43
:101D80004CF2F570C0F2000040F2B531FFF770FD83
:101D90002069B0F5806FCFD94CF2F570C0F2000029
:101DA00040F2B631FFF764FD206840F48050B0F592
:101DB000805FC7D04CF2F570C0F2000040F2B7313E
:101DC000FFF756FDBEE7000070B5144643F200422F
:101DD000054640F48060C4F2050290420E465FD191
:101DE000042E07D34CF2F570C0F2000040F2062139
:101DF000FFF73EFD05F14000B101445005F16002DE
:101E00005358A34202D1002070BD00BF00234450AC
:101E10005658A642F7D044505658A642F3D04450E4
:101E20005658A642EFD044505658A642EBD04450E4
:101E30005658A642E7D044505658A642E3D04450E4
:101E40005658A642DFD044505658A642DBD04450E4
:101E50005658A642D7D044505658A642D3D04450E4
:101E60005658A642CFD044505658A642CBD04450E4
:101E70005658A642C7D044505658A642C3D04450E4
:101E80005658A642BFD044505658A642BBD01E0951
:101E9000FE2E11D8445056581133A642B7D1B2E79E
:101EA0004CF2F570C0F2000040F20521FFF7E0FCB3
:101EB000042E97D29EE700BF6FF0070070BD0000B0
:101EC00070B5144643F20042054640F48060C4F207
:101ED000050290420E4640F0AD80042E07D34CF22E
:101EE000F570C0F2000040F24121FFF7C1FC05F19E
:101EF0004800B1014258C2EA0442425005F168026A
:101F00005358B4EB134F01D1002070BD23040026B9
:101F10004558ADB21D4345505558B4EB154FF3D05D
:101F20004558ADB21D4345505558B4EB154FEBD055
:101F30004558ADB21D4345505558B4EB154FE3D04D
:101F40004558ADB21D4345505558B4EB154FDBD045
:101F50004558ADB21D4345505558B4EB154FD3D03D
:101F60004558ADB21D4345505558B4EB154FCBD035
:101F70004558ADB21D4345505558B4EB154FC3D02D
:101F80004558ADB21D4345505558B4EB154FBBD025
:101F90004558ADB21D4345505558B4EB154FB3D01D
:101FA0004558ADB21D4345505558B4EB154FABD015
:101FB0004558ADB21D4345505558B4EB154FA3D00D
:101FC0004558ADB21D4345505558B4EB154F9BD005
:101FD0004558ADB21D4345505558B4EB154F93D0FD
:101FE0004558ADB21D4345505558B4EB154F3FF41D
:101FF0008BAF4558ADB21D4345505558B4EB154F06
:102000003FF482AF4558ADB21D4345505558B4EB2F
:10201000154F3FF479AF3509FE2D17D845581136C5
:10202000ADB21D4345505558B4EB154F7FF470AF1A
:102030006AE700BF4CF2F570C0F200004FF4107177
:10204000FFF716FC042EBFF44AAF50E76FF007000D
:1020500070BD0000002804BF6FF002007047014609
:1020600000200122C1E90000C1E90200C1E9042009
:10207000C1E906007047000070B5164643F2004201
:10208000044640F48060C4F2050290420D4601D13E
:102090004DB913E04CF2F570C0F2000040F241116E
:1020A000FFF7E6FB55B125F00F1038B9022E0FD21D
:1020B000D6B12069A843206170BD00BF4CF2F57015
:1020C000C0F200004FF4A171FFF7D2FB022EEFD354
:1020D0004CF2F570C0F2000040F24311FFF7C8FB6C
:1020E0002069A843206170BD20692843206170BD2C
:1020F00010B50446022807D34CF66100C0F2000078
:1021000040F27111FFF7B4FB40F20040C4F201004D
:102110000068012807D04CF66100C0F200004FF4BF
:10212000B971FFF7A5FB48F24010C4F2202004600B
:1021300010BD000010B50446022807D34CF661001C
:10214000C0F2000040F26311FFF792FB40F2004042
:10215000C4F201000068012807D04CF66100C0F20B
:1021600000004FF4B271FFF783FB48F26010C4F235
:102170002020046010BD0000704700007047000080
:1021800070470000F0B581B040F20847C4F2010783
:1021900057F8081C0446012907D04CF66100C0F22C
:1021A000000040F24F11FFF763FBF12C07D34CF610
:1021B0006100C0F200004FF4A871FFF759FB3968C5
:1021C000220962F30711396048F20401C1F6FF7178
:1021D00044F22000096841F25972C4F2050000235C
:1021E000CDF2B7123D6805F0F005A54240D0056874
:1021F000C5F3026521FA05F5A5FB0256B3EB963F40
:1022000031D23E6806F0F006A64231D006680133AE
:10221000C6F3026621FA06F6A6FB0265B3EB953F0C
:1022200021D23E6806F0F006A64221D006680133AE
:10223000C6F3026621FA06F6A6FB0265B3EB953FEC
:1022400011D23E6806F0F006A64211D00668C6F329
:10225000026621FA06F6A6FB02655E1CB6EB953F08
:1022600003F10203BED36FF0070001B0F0BD00BF61
:10227000002001B0F0BD0000704700007047000072
:102280007047000070470000704700007047000072
:102290007047000070470000704700007047000062
:1022A0007047000070470000704700007047000052
:1022B0007047000070470000704700007047000042
:1022C000704700007047000010B5044601384FF613
:1022D000FF71884207D34CF6A610C0F2000040F20E
:1022E0000F21FFF7C5FA41F25800C4F2050004605F
:1022F00010BD000070B504460D4628B143F6EE202F
:10230000C7F20C00204006D04CF6CD00C0F2000011
:102310007121FFF7ADFA022D06D34CF6CD00C0F2C5
:1023200000007221FFF7A4FA48F20006C4F2040686
:102330003069C00706D14CF6CD00C0F20000732111
:10234000FFF796FA3068012D14BF2043A043306098
:1023500070BD000070B504460D4688B140F286207D
:10236000CFF2F00020400BD148F20406022DC4F257
:10237000040612D2012D17D13068A043306070BD21
:102380004CF6CD00C0F200008421FFF771FA48F24C
:102390000406022DC4F20406ECD34CF6CD00C0F2C4
:1023A00000008521FFF764FA30682043306070BD7B
:1023B00070B504460D4688B147F60000CFF6F870B8
:1023C00020400BD148F20806022DC4F2040612D2B6
:1023D000012D17D13068A043306070BD4CF6CD00A0
:1023E000C0F200009621FFF743FA48F20806022DDA
:1023F000C4F20406ECD34CF6CD00C0F200009721E5
:10240000FFF736FA30682043306070BD7047000037
:102410007047000070470000F0B581B043F60447F4
:10242000C4F20507154637F8082C0C46D1070646B6
:1024300000F0B080062E80F0B880002C00F0C08044
:10244000B001391F012D04F0010240F0C3801AB120
:10245000425A42F400424252022CC0F04981A10784
:1024600003D5C15B41F40041C153042CC0F040814D
:10247000610704D539188A8842F400428A80082C02
:10248000C0F03681210704D539180A8942F4004288
:102490000A81102CC0F02C81E10604D539188A89F4
:1024A00042F400428A81202CC0F02281A10604D58A
:1024B00039180A8A42F400420A82402CC0F018817E
:1024C000610604D539188A8A42F400428A82802C37
:1024D000C0F00E81210604D539180A8B42F400425F
:1024E0000A83B4F5807FC0F00381E10504D5391873
:1024F0008A8B42F400428A83B4F5007FC0F0F880F2
:10250000A10504D539180A8C42F400420A84B4F5B6
:10251000806FC0F0ED80610504D539188A8C42F4D3
:1025200000428A84B4F5006FC0F0E280210504D532
:1025300039180A8D42F400420A85B4F5805FC0F074
:10254000D780E10404D539188A8D42F400428A8587
:10255000B4F5005FC0F0CC80A10404D539180A8E10
:1025600042F400420A86B4F5804FC0F0C180610495
:1025700004D539188A8E42F400428A8621B2B1F11C
:10258000FF3F00F3B5803844018F41F400410187DB
:10259000AEE000BF4CF63910C0F2000040F28121DD
:1025A000FFF766F9062EFFF448AF4CF63910C0F27B
:1025B000000040F28221FFF75BF9002C7FF440AF6E
:1025C0004CF63910C0F2000040F28321FFF750F9B9
:1025D00036E700BF1AB10A5A6FF3DF320A52022CF3
:1025E000C0F08680A10703D5C15B6FF3DF31C15313
:1025F000042C7DD3610704D539188A886FF3DF3244
:102600008A80082C74D3210704D539180A896FF3FE
:10261000DF320A81102C6BD3E10604D539188A8980
:102620006FF3DF328A81202C62D3A10604D53918DA
:102630000A8A6FF3DF320A82402C59D3610604D52F
:1026400039188A8A6FF3DF328A82802C50D32106B0
:1026500004D539180A8B6FF3DF320A83B4F5807F13
:1026600046D3E10504D539188A8B6FF3DF328A83AC
:10267000B4F5007F3CD3A10504D539180A8C6FF35B
:10268000DF320A84B4F5806F32D3610504D539187E
:102690008A8C6FF3DF328A84B4F5006F28D321056A
:1026A00004D539180A8D6FF3DF320A85B4F5805FDF
:1026B0001ED3E10404D539188A8D6FF3DF328A8581
:1026C000B4F5005F14D3A10404D539180A8E6FF352
:1026D000DF320A86B4F5804F0AD3610404D5391875
:1026E0008A8E6FF3DF328A8621B2B1F1FF3F01DDBE
:1026F00001B0F0BD3844018F6FF3DF31018701B0C5
:10270000F0BD0000F0B581B0002A00F0D58043F69E
:10271000FC37C4F205070646388814460D46C00744
:1027200000F0CE80062E80F0D680002D00F0DE80F6
:102730002088022880F0E680608840F002000228AD
:1027400040F0EE80A08840F00400042840F0F680BD
:10275000E088002818BF102840F0FA80208940F453
:102760008040B0F5804F40F0FF80608940F040002D
:10277000402840F00781A08940F40070B0F5007F48
:1027800040F00F81E08940F48050B0F5805F40F068
:102790001781208A40F40040B0F5004F40F01F81BF
:1027A00007EB861000F110010C2242F6885C4DF216
:1027B000772700BFE80718D020886688E388304371
:1027C000A688304318436389A6891843E3893043B8
:1027D00026891843238A304331F80C6C184306EAE3
:1027E0000C033840184421F80C0C022D60D3A807C4
:1027F00018D520886388E6881843A388184363891E
:102800003043A6891843E389304326891843238A35
:10281000304331F8086C184306EA0C03384018447A
:1028200021F8080C042D43D3680718D52088638845
:10283000E6881843A388184363893043A689184360
:10284000E389304326891843238A304331F8046CE6
:10285000184306EA0C033840184421F8040C082DEC
:1028600026D3280716D520886388E6881843A388CE
:10287000184363893043A6891843E3893043268986
:102880001843238A30430E88184306EA0C03384065
:1028900018440880102D4FF0000007D32D09002A9E
:1028A000A2F1040201F110017FF484AF01B0F0BD88
:1028B000002001B0F0BD00BF6FF0020001B0F0BD1C
:1028C0004CF63910C0F200004FF48071FEF7D0FFD3
:1028D000062EFFF42AAF4CF63910C0F2000040F289
:1028E0000111FEF7C5FF002D7FF422AF4CF6391021
:1028F000C0F200004FF48171FEF7BAFF2088022871
:10290000FFF41AAF4CF63910C0F2000040F2031188
:10291000FEF7AEFF608840F0020002283FF412AFDD
:102920004CF63910C0F200004FF48271FEF7A0FFA0
:10293000A08840F0040004283FF40AAF4CF6391098
:10294000C0F2000040F20511FEF792FF00E700BF61
:1029500020283FF403AF4CF63910C0F200004FF4CA
:102960008371FEF785FFF9E64CF63910C0F20000DE
:1029700040F20711FEF77CFF608940F040004028DC
:102980003FF4F9AE4CF63910C0F200004FF48471F8
:10299000FEF76EFFA08940F40070B0F5007F3FF4B1
:1029A000F1AE4CF63910C0F2000040F20911FEF70A
:1029B0005FFFE08940F48050B0F5805F3FF4E9AEFE
:1029C0004CF63910C0F200004FF48571FEF750FF4D
:1029D000208A40F40040B0F5004F3FF4E1AE4CF6E1
:1029E0003910C0F2000040F20B11FEF741FFD7E6AC
:1029F000B0B5054606280C4607D34CF63910C0F290
:102A000000004FF4FF71FEF733FF3CB94CF639106C
:102A1000C0F2000040F2FF11FEF72AFF43F600016A
:102A20002801C4F20501085A204018BF0120B0BD9A
:102A3000B0B5054606280C4607D34CF63910C0F24F
:102A4000000040F24A21FEF713FF3CB94CF6391062
:102A5000C0F2000040F24B21FEF70AFF43F60A01E4
:102A60002801C4F205010A5A22430A52B0BD0000EF
:102A7000F0B581B01546064606280C4604D26CB166
:102A8000102D15D220E000BF4CF63910C0F2000026
:102A90004FF4BE71FEF7ECFE002CF1D14CF639106C
:102AA000C0F2000040F27D11FEF7E2FE102D0BD3C4
:102AB000A5F120001C2807D34CF63910C0F2000005
:102AC0004FF4BF71FEF7D4FE43F6FC37C4F205079E
:102AD0003888C0070AD0E0074FEA861105F03F00AA
:102AE00012D1022C18D201B0F0BD00BF4CF6391043
:102AF000C0F2000040F27F11FEF7BAFEE0074FEA95
:102B0000861105F03F00ECD07A18D38823F03F03FC
:102B10000344D380022CE6D3A20705D57A18538943
:102B200023F03F0303445381042CDCD3620705D513
:102B30007A18D38923F03F030344D381082CD2D3DE
:102B4000220705D57A18538A23F03F0303445382A2
:102B5000102CC8D3E20605D57A18D38A23F03F0398
:102B60000344D382202CBED3A20605D57A18538BFA
:102B700023F03F0303445383402CB4D3620605D5AE
:102B80007A18D38B23F03F030344D383802CAAD33A
:102B9000220605D57A18538C23F03F03034453844F
:102BA000B4F5807F9FD3E20505D57A18D38C23F046
:102BB0003F030344D384B4F5007F94D3A20505D525
:102BC0007A18538D23F03F0303445385B4F5806F87
:102BD000FFF489AF620505D57A18D38D23F03F0342
:102BE0000344D385B4F5006FFFF47DAF220505D50E
:102BF0007A18538E23F03F0303445386B4F5805F65
:102C0000FFF471AFE20405D57A18D38E23F03F03A9
:102C10000344D386B4F5005FFFF465AFA20405D585
:102C20007A18538F23F03F0303445387B4F5804F42
:102C3000FFF459AF620405D57A18D38F23F03F0310
:102C40000344D38722B2B2F1FF3F3FF74CAF394480
:102C5000B1F8422022F03F021044A1F8420001B036
:102C6000F0BD0000B0B5054606280C4607D34CF66B
:102C70003910C0F200004FF40E71FEF7F9FD3CB9B7
:102C80004CF63910C0F2000040F23921FEF7F0FD99
:102C900043F608012801C4F205010A5A22430A52E8
:102CA000B0BD0000B0B50446800407D04CF6391022
:102CB000C0F200004FF4ED71FEF7DAFD43F6F8358F
:102CC000C4F20505A888C00707D14CF63910C0F238
:102CD000000040F2DB11FEF7CBFD288804F44041F0
:102CE0006FF39F3008442880B0BD0000002804BF67
:102CF0006FF002007047014600200882C8608860BB
:102D00004860086070470000B0B5054606280C46CC
:102D100007D34CF63910C0F2000040F26D21FEF7E7
:102D2000A7FD3CB94CF63910C0F2000040F26E210C
:102D3000FEF79EFD43F60C012801C4F205010A5A74
:102D400022430A52B0BD000048F21801C1F6FF71DB
:102D50000A78002A08BF7047896809B1084700BF90
:102D60007047000010B548F21804C1F6FF742078CF
:102D700010B1002040B210BD606828B1804701202A
:102D80002070002040B210BDFF2040B210BD0000F6
:102D900080B582B047F67D7047F6617147F679726B
:102DA000C0F20000C0F20001C0F2000200F072F8B0
:102DB00047F6E17047F6D57147F6C972C0F20000D8
:102DC000C0F20001C0F2000200F078F847F6F17C92
:102DD00047F6F97047F6FD7147F6ED7247F6F57361
:102DE000C0F2000CC0F20000C0F20001C0F200020C
:102DF000C0F20003CDF800C000F074F848F20500FE
:102E000048F20101C0F20000C0F2000100F08AF8AF
:102E100047F64170C0F2000000F030F802B0BDE8A3
:102E20008040FFF79FBF000048F21801C1F6FF7114
:102E30000A781AB1896909B1084700BF4FF0FF301D
:102E40007047000048F21801C1F6FF710A781AB104
:102E5000496909B1084700BF4FF0FF3070470000D3
:102E600048F21801C1F6FF710A781AB1096909B16F
:102E7000084700BF4FF0FF307047000000280FBF29
:102E8000FC2048F21801C1F6FF71886318BF0020CA
:102E900040B2704700284FF0FC0318BF002901D151
:102EA00058B27047002AFBD048F21803C1F6FF73EE
:102EB000043307C3002358B27047000000284FF0C6
:102EC000FC0318BF002901D158B27047002AFBD07B
:102ED00048F21803C1F6FF73103307C3002358B23A
:102EE0007047000080B500284FF0FC0C18BF002987
:102EF00002D14FFA8CF080BD002AFAD0002BF8D016
:102F0000DDF808E0BEF1000FF3D048F2180CC1F66E
:102F1000FF7C0CF11C0C8CE80F404FF0000C4FFABA
:102F20008CF080BD00284FF0FC0218BF002901D1B1
:102F300050B2704748F21802C1F6FF72C2E90C01A4
:102F4000002250B27047000048F21801C1F6FF712C
:102F50000A781AB1096B09B1084700BF4FF0FF307A
:102F60007047000070470000704700007047000085
:102F70007047000070470000704700007047000075
:102F80007047000070470000704700007047000065
:102F90007047000070470000704700007047000055
:102FA0007047000070470000704700007047000045
:102FB0007047000070470000704700007047000035
:102FC00070470000B0B568B3B0F800C00446BCF567
:102FD000007F08D34CF6A610C0F20000CD21FEF70A
:102FE00047FCB4F800C04FEA5C1101EB4103B4F8B0
:102FF00002E003F1100148000FFA8EF188424FF011
:1030000000004FF025054FF0000288BF012005EBBE
:1030100043038B4238BF01221043012806D1BEF181
:103020001F0F03D96FF00200B0BD00BF41F25C0278
:10303000C4F2050252F8210040F2FF136FF35F2043
:10304000984203D142F821C009E000BF52F82100A4
:103050006FF35F2060451CBF6FF00100B0BD60687A
:1030600048F69842C1F6FF7242F821000020B0BD38
:1030700080B548F69840C1F6FF7000688047BFF3FE
:103080004F8F80BD80B548F69840C1F6FF7040680C
:103090008047BFF34F8F80BD80B548F69840C1F69A
:1030A000FF7080688047BFF34F8F80BD80B548F6C2
:1030B0009840C1F6FF70C0688047BFF34F8F80BD56
:1030C00080B548F69840C1F6FF7000698047BFF3AD
:1030D0004F8F80BD80B548F69840C1F6FF704069BB
:1030E0008047BFF34F8F80BD80B548F69840C1F64A
:1030F000FF7080698047BFF34F8F80BD80B548F671
:103100009840C1F6FF70C0698047BFF34F8F80BD04
:1031100080B548F69840C1F6FF70006A8047BFF35B
:103120004F8F80BD80B548F69840C1F6FF70406A69
:103130008047BFF34F8F80BD80B548F69840C1F6F9
:10314000FF70806A8047BFF34F8F80BD80B548F61F
:103150009840C1F6FF70C06A8047BFF34F8F80BDB3
:1031600080B548F69840C1F6FF70006B8047BFF30A
:103170004F8F80BD80B548F69840C1F6FF70406B18
:103180008047BFF34F8F80BD80B548F69840C1F6A9
:10319000FF70806B8047BFF34F8F80BD80B548F6CE
:1031A0009840C1F6FF70C06B8047BFF34F8F80BD62
:1031B00080B548F69840C1F6FF70006C8047BFF3B9
:1031C0004F8F80BD80B548F69840C1F6FF70406CC7
:1031D0008047BFF34F8F80BD80B548F69840C1F659
:1031E000FF70806C8047BFF34F8F80BD80B548F67D
:1031F0009840C1F6FF70C06C8047BFF34F8F80BD11
:1032000080B548F69840C1F6FF70006D8047BFF367
:103210004F8F80BD80B548F69840C1F6FF70406D75
:103220008047BFF34F8F80BD80B548F69840C1F608
:10323000FF70806D8047BFF34F8F80BD80B548F62B
:103240009840C1F6FF70C06D8047BFF34F8F80BDBF
:1032500080B548F69840C1F6FF70006E8047BFF316
:103260004F8F80BD80B548F69840C1F6FF70406E24
:103270008047BFF34F8F80BD80B548F69840C1F6B8
:10328000FF70806E8047BFF34F8F80BD80B548F6DA
:103290009840C1F6FF70C06E8047BFF34F8F80BD6E
:1032A00080B548F69840C1F6FF70006F8047BFF3C5
:1032B0004F8F80BD80B548F69840C1F6FF70406FD3
:1032C0008047BFF34F8F80BD80B548F69840C1F668
:1032D000FF70806F8047BFF34F8F80BD80B548F689
:1032E0009840C1F6FF70C06F8047BFF34F8F80BD1D
:1032F00080B548F69840C1F6FF70D0F8800080474E
:10330000BFF34F8F80BD000080B548F69840C1F6EE
:10331000FF70D0F884008047BFF34F8F80BD00005E
:1033200080B548F69840C1F6FF70D0F88800804715
:10333000BFF34F8F80BD000080B548F69840C1F6BE
:10334000FF70D0F88C008047BFF34F8F80BD000026
:1033500080B548F69840C1F6FF70D0F890008047DD
:10336000BFF34F8F80BD000080B548F69840C1F68E
:10337000FF70D0F894008047BFF34F8F80BD0000EE
:1033800080B548F69840C1F6FF70D0F898008047A5
:10339000BFF34F8F80BD000080B548F69840C1F65E
:1033A000FF70D0F89C008047BFF34F8F80BD0000B6
:1033B00080B548F69840C1F6FF70D0F8A00080476D
:1033C000BFF34F8F80BD000080B548F69840C1F62E
:1033D000FF70D0F8A4008047BFF34F8F80BD00007E
:1033E00080B548F69840C1F6FF70D0F8A800804735
:1033F000BFF34F8F80BD000080B548F69840C1F6FE
:10340000FF70D0F8AC008047BFF34F8F80BD000045
:1034100080B548F69840C1F6FF70D0F8B0008047FC
:10342000BFF34F8F80BD000080B548F69840C1F6CD
:10343000FF70D0F8B4008047BFF34F8F80BD00000D
:1034400080B548F69840C1F6FF70D0F8B8008047C4
:10345000BFF34F8F80BD000080B548F69840C1F69D
:10346000FF70D0F8BC008047BFF34F8F80BD0000D5
:1034700080B548F69840C1F6FF70D0F8C00080478C
:10348000BFF34F8F80BD000080B548F69840C1F66D
:10349000FF70D0F8C4008047BFF34F8F80BD00009D
:1034A00080B548F69840C1F6FF70D0F8C800804754
:1034B000BFF34F8F80BD000080B548F69840C1F63D
:1034C000FF70D0F8CC008047BFF34F8F80BD000065
:1034D00080B548F69840C1F6FF70D0F8D00080471C
:1034E000BFF34F8F80BD000080B548F69840C1F60D
:1034F000FF70D0F8D4008047BFF34F8F80BD00002D
:1035000080B548F69840C1F6FF70D0F8D8008047E3
:10351000BFF34F8F80BD000080B548F69840C1F6DC
:10352000FF70D0F8DC008047BFF34F8F80BD0000F4
:1035300080B548F69840C1F6FF70D0F8E0008047AB
:10354000BFF34F8F80BD000080B548F69840C1F6AC
:10355000FF70D0F8E4008047BFF34F8F80BD0000BC
:1035600080B548F69840C1F6FF70D0F8E800804773
:10357000BFF34F8F80BD000080B548F69840C1F67C
:10358000FF70D0F8EC008047BFF34F8F80BD000084
:1035900080B548F69840C1F6FF70D0F8F00080473B
:1035A000BFF34F8F80BD000080B548F69840C1F64C
:1035B000FF70D0F8F4008047BFF34F8F80BD00004C
:1035C00080B548F69840C1F6FF70D0F8F800804703
:1035D000BFF34F8F80BD000080B548F69840C1F61C
:1035E000FF70D0F8FC008047BFF34F8F80BD000014
:1035F00080B548F69840C1F6FF70D0F800018047CA
:10360000BFF34F8F80BD000080B548F69840C1F6EB
:10361000FF70D0F804018047BFF34F8F80BD0000DA
:1036200080B548F69840C1F6FF70D0F80801804791
:10363000BFF34F8F80BD000080B548F69840C1F6BB
:10364000FF70D0F80C018047BFF34F8F80BD0000A2
:1036500080B548F69840C1F6FF70D0F81001804759
:10366000BFF34F8F80BD000080B548F69840C1F68B
:10367000FF70D0F814018047BFF34F8F80BD00006A
:1036800080B548F69840C1F6FF70D0F81801804721
:10369000BFF34F8F80BD000080B548F69840C1F65B
:1036A000FF70D0F81C018047BFF34F8F80BD000032
:1036B00080B548F69840C1F6FF70D0F820018047E9
:1036C000BFF34F8F80BD000080B548F69840C1F62B
:1036D000FF70D0F824018047BFF34F8F80BD0000FA
:1036E00080B548F69840C1F6FF70D0F828018047B1
:1036F000BFF34F8F80BD000080B548F69840C1F6FB
:10370000FF70D0F82C018047BFF34F8F80BD0000C1
:1037100080B548F69840C1F6FF70D0F83001804778
:10372000BFF34F8F80BD000080B548F69840C1F6CA
:10373000FF70D0F834018047BFF34F8F80BD000089
:1037400080B548F69840C1F6FF70D0F83801804740
:10375000BFF34F8F80BD000080B548F69840C1F69A
:10376000FF70D0F83C018047BFF34F8F80BD000051
:1037700080B548F69840C1F6FF70D0F84001804708
:10378000BFF34F8F80BD000080B548F69840C1F66A
:10379000FF70D0F844018047BFF34F8F80BD000019
:1037A00080B548F69840C1F6FF70D0F848018047D0
:1037B000BFF34F8F80BD000080B548F69840C1F63A
:1037C000FF70D0F84C018047BFF34F8F80BD0000E1
:1037D00080B548F69840C1F6FF70D0F85001804798
:1037E000BFF34F8F80BD000080B548F69840C1F60A
:1037F000FF70D0F854018047BFF34F8F80BD0000A9
:1038000080B548F69840C1F6FF70D0F8580180475F
:10381000BFF34F8F80BD000080B548F69840C1F6D9
:10382000FF70D0F85C018047BFF34F8F80BD000070
:1038300080B548F69840C1F6FF70D0F86001804727
:10384000BFF34F8F80BD000080B548F69840C1F6A9
:10385000FF70D0F864018047BFF34F8F80BD000038
:1038600080B548F69840C1F6FF70D0F868018047EF
:10387000BFF34F8F80BD000080B548F69840C1F679
:10388000FF70D0F86C018047BFF34F8F80BD000000
:1038900080B548F69840C1F6FF70D0F870018047B7
:1038A000BFF34F8F80BD000080B548F69840C1F649
:1038B000FF70D0F874018047BFF34F8F80BD0000C8
:1038C00080B548F69840C1F6FF70D0F8780180477F
:1038D000BFF34F8F80BD000080B548F69840C1F619
:1038E000FF70D0F87C018047BFF34F8F80BD000090
:1038F00080B548F69840C1F6FF70D0F88001804747
:10390000BFF34F8F80BD000080B548F69840C1F6E8
:10391000FF70D0F884018047BFF34F8F80BD000057
:1039200080B548F69840C1F6FF70D0F8880180470E
:10393000BFF34F8F80BD000080B548F69840C1F6B8
:10394000FF70D0F88C018047BFF34F8F80BD00001F
:1039500080B548F69840C1F6FF70D0F890018047D6
:10396000BFF34F8F80BD000080B548F69840C1F688
:10397000FF70D0F894018047BFF34F8F80BD0000E7
:1039800080B548F69840C1F6FF70D0F8980180479E
:10399000BFF34F8F80BD000080B548F69840C1F658
:1039A000FF70D0F89C018047BFF34F8F80BD0000AF
:1039B00080B548F69840C1F6FF70D0F8A001804766
:1039C000BFF34F8F80BD000080B548F69840C1F628
:1039D000FF70D0F8A4018047BFF34F8F80BD000077
:1039E00080B548F69840C1F6FF70D0F8A80180472E
:1039F000BFF34F8F80BD000080B548F69840C1F6F8
:103A0000FF70D0F8AC018047BFF34F8F80BD00003E
:103A100080B548F69840C1F6FF70D0F8B0018047F5
:103A2000BFF34F8F80BD000080B548F69840C1F6C7
:103A3000FF70D0F8B4018047BFF34F8F80BD000006
:103A400080B548F69840C1F6FF70D0F8B8018047BD
:103A5000BFF34F8F80BD000080B548F69840C1F697
:103A6000FF70D0F8BC018047BFF34F8F80BD0000CE
:103A700080B548F69840C1F6FF70D0F8C001804785
:103A8000BFF34F8F80BD000080B548F69840C1F667
:103A9000FF70D0F8C4018047BFF34F8F80BD000096
:103AA00080B548F69840C1F6FF70D0F8C80180474D
:103AB000BFF34F8F80BD000080B548F69840C1F637
:103AC000FF70D0F8CC018047BFF34F8F80BD00005E
:103AD00080B548F69840C1F6FF70D0F8D001804715
:103AE000BFF34F8F80BD000080B548F69840C1F607
:103AF000FF70D0F8D4018047BFF34F8F80BD000026
:103B000080B548F69840C1F6FF70D0F8D8018047DC
:103B1000BFF34F8F80BD000080B548F69840C1F6D6
:103B2000FF70D0F8DC018047BFF34F8F80BD0000ED
:103B300080B548F69840C1F6FF70D0F8E0018047A4
:103B4000BFF34F8F80BD000080B548F69840C1F6A6
:103B5000FF70D0F8E4018047BFF34F8F80BD0000B5
:103B600080B548F69840C1F6FF70D0F8E80180476C
:103B7000BFF34F8F80BD000080B548F69840C1F676
:103B8000FF70D0F8EC018047BFF34F8F80BD00007D
:103B900080B548F69840C1F6FF70D0F8F001804734
:103BA000BFF34F8F80BD000080B548F69840C1F646
:103BB000FF70D0F8F4018047BFF34F8F80BD000045
:103BC00080B548F69840C1F6FF70D0F8F8018047FC
:103BD000BFF34F8F80BD000080B548F69840C1F616
:103BE000FF70D0F8FC018047BFF34F8F80BD00000D
:103BF000B0B540F6802541F25C20C4F2A225C4F2A3
:103C0000050004682868012804D114F0010001D0DF
:103C1000FEF73AFB6868012804D114F0020001D0D5
:103C2000FEF734FBA868012804D114F0040001D089
:103C3000FEF72EFBE868012804D114F0080001D03B
:103C4000FEF728FB2869012804D114F0100001D0E8
:103C5000FEF722FB6869012804D114F0200001D08E
:103C6000FEF71CFBA869012804D114F0400001D024
:103C7000FEF716FBE869012804D114F0800001D09A
:103C8000FEF710FB286A012804D114F4807001D0DB
:103C9000FEF70AFB686A012804D114F4007001D011
:103CA000FEF704FBA86A012804D114F4806001D057
:103CB000FEF7FEFAE86A012804D114F4006001D08E
:103CC000FEF7F8FA286B012804D114F4805001D0D3
:103CD000FEF7F2FA686B012804D114F4005001D009
:103CE000FEF7ECFAA86B012804D114F4804001D04F
:103CF000FEF7E6FAE86B012804D114F4004001D085
:103D0000FEF7E0FABFF34F8FB0BD00002DE9F0439E
:103D100081B040F2441641F26020C4F2A626C4F2FB
:103D200005000468D6F86C0A43F204090128C4F2BD
:103D3000050924D1D6F8BC0040B956F8440C012836
:103D400004D114F0010001D0FDF702FED6F8FC000A
:103D500040B956F8040C012804D114F4807001D045
:103D6000FDF7E6FDD9F80000D9F80810884310F0F7
:103D7000011F18BF14F4803001D0FDF7E1FD41F2BE
:103D8000B037C4F2A6273868012821D1D6F8C00080
:103D900040B956F8400C012804D114F0020001D0BB
:103DA000FDF7D8FDD6F8000138B93068012804D1F4
:103DB00014F4007001D0FDF7BDFDD9F80000D9F86A
:103DC0000810884310F0021F18BF14F4803029D166
:103DD000D7F8000801282BD1D6F8C40040B956F80E
:103DE0003C0C012804D114F0040001D0FDF7B4FD0F
:103DF000D6F8040138B97068012804D114F4806041
:103E000001D0FDF799FDD9F80000D9F808108843D2
:103E100010F0041F18BF14F4803009D0FDF794FD92
:103E200006E000BFFDF78EFDD7F800080128D3D0CB
:103E300042F2B030C4F2A6200068012823D1D6F89F
:103E4000C80040B956F8380C012804D114F0080015
:103E500001D0FDF783FDD6F8080138B9B068012814
:103E600004D114F4006001D0FDF768FDD9F800001A
:103E7000D9F80810884310F0081F18BF14F48030D8
:103E800001D0FDF763FD48F20017C4F2A627D7F86A
:103E9000B00A43F20C480128C4F2050822D1D7F831
:103EA000000138B93868012804D114F0100001D09D
:103EB000FDF766FDD7F8400138B9386C012804D108
:103EC00014F4805001D0FDF74BFDD9F80004D8F868
:103ED0000010884310F0011F18BF14F4003001D007
:103EE000FDF746FD49F2B035C4F2A6252868012841
:103EF00020D1D7F8040138B97868012804D114F02A
:103F0000200001D0FDF73EFDD7F8440138B93068F4
:103F1000012804D114F4005001D0FDF723FDD9F895
:103F20000004D8F80010884310F0021F18BF14F4E2
:103F3000003027D1D5F80008012829D1D7F8080189
:103F400038B9B868012804D114F0400001D0FDF759
:103F50001BFDD7F8480138B97068012804D114F462
:103F6000804001D0FDF700FDD9F80004D8F800101A
:103F7000884310F0041F18BF14F4003008D0FDF778
:103F8000FBFC05E0FDF7F6FCD5F800080128D5D0CC
:103F90004AF2B030C4F2A6200068012822D1D7F836
:103FA0000C0138B9F868012804D114F0800001D060
:103FB000FDF7ECFCD7F84C0138B9B068012804D102
:103FC00014F4004001D0FDF7D1FCD9F80004D8F872
:103FD0000010884310F0081F18BF14F4003001D0FF
:103FE000FDF7CCFC48F21025C4F22025D5F8F000EE
:103FF000012809D140F21040C4F201000068000716
:1040000018BF14F480200DD1D5F8F80001280FD185
:10401000686801280CD114F4002009D0FEF7ACF830
:1040200006E000BFFEF7ACF8D5F8F8000128EFD0A5
:10403000D5F8F400012807D12868012804D114F428
:10404000801001D0FEF79AF80C20C9F600400068F5
:10405000000604D514F4800001D001F06BFB7C2035
:10406000C4F2A420006801280DD142F20400C4F279
:104070000500416900680840400618BF14F40000BC
:1040800001D0FDF7EDFB48F27C00C4F2A4200068EB
:10409000012812D142F2184042F20401C4F2050094
:1040A000C4F205010068D1F800140840400618BFAA
:1040B00014F0807001D0FDF7D5FB7C20C4F2A52060
:1040C000006801280FD142F21840C4F20500D0F870
:1040D0000014D0F8EC030840400618BF14F000703C
:1040E00001D0FDF7C1FB48F27C00C4F2A5200068B6
:1040F000012811D14FF614404FF60041CFF6FF7062
:10410000CFF6FF7159F8000059F801100840400639
:1041100018BF14F0806005D1BFF34F8F01B0BDE828
:10412000F08300BFFDF7A2FBBFF34F8F01B0BDE8E6
:10413000F0830000B0B540F2082541F26420C4F2DB
:104140004825C4F2050004682868012807D1A86F33
:10415000012804D114F0010001D001F0E5FB286C26
:10416000012808D1D5F8B800012804D114F00200C4
:1041700001D001F0DBFB48F20825C4F2482528688D
:10418000012807D1A86F012804D114F0040001D040
:1041900001F0CEFB286C012808D1D5F8B800012821
:1041A00004D114F0080001D001F0C4FB44F2400037
:1041B000C4F205000178C90707D04078C00718BFCE
:1041C00014F4001001D0FDF7B9FA4CF20040C4F22B
:1041D00004000088C00404D514F4800001D001F06C
:1041E00071FA49F20440C4F20400006810F4403F40
:1041F00018BF14F4000003D1BFF34F8FB0BD00BF50
:1042000001F0D0FABFF34F8FB0BD000070B540F69B
:10421000802541F26820C4F23025C4F2050004680C
:104220002868012808D1D5F88003012804D114F0AA
:10423000010001D001F0AAFD6868012808D1D5F875
:104240008403012804D114F0020001D001F0A0FD84
:10425000A868012808D1D5F88803012804D114F0F2
:10426000040001D001F096FDE868012808D1D5F8D6
:104270008C03012804D114F0080001D001F08CFD5A
:104280002869012808D1D5F89003012804D114F039
:10429000100001D001F082FD6869012808D1D5F82D
:1042A0009403012804D114F0200001D001F078FD1E
:1042B000A869012808D1D5F89803012804D114F081
:1042C000400001D001F070FDE869012808D1D5F85F
:1042D0009C03012804D114F0800001D001F066FD98
:1042E000286A012808D1D5F8A003012804D114F4C4
:1042F000807001D001F056FD48F25405C4F201056A
:104300002868E96901EAD01010F4C06F18BF14F4EE
:10431000006001D001F04CFD2868E96901EAD01085
:1043200010F4C05F18BF14F4805001D001F042FDBA
:1043300048F68026C4F230263068012808D1D6F825
:104340008003012804D114F4803001D001F034FD41
:104350007068012808D1D6F88403012804D114F428
:10436000003001D001F02AFDB068012808D1D6F84C
:104370008803012804D114F4802001D001F020FD2D
:10438000F068012808D1D6F88C03012804D114F470
:10439000002001D001F016FD3069012808D1D6F8BF
:1043A0009003012804D114F4801001D001F00CFD19
:1043B0007069012808D1D6F89403012804D114F4B7
:1043C000001001D001F002FDB069012808D1D6F833
:1043D0009803012804D114F4800001D001F0FAFC04
:1043E000F069012808D1D6F89C03012804D114F4FF
:1043F000000001D001F0F0FC306A012808D1D6F8A5
:10440000A003012804D114F0807001D001F0E0FC79
:1044100048F27046C4F20106D5F80004316801EA9A
:10442000D01010F4C06F18BF14F0006001D001F07C
:10443000D5FCD5F80004316801EAD01010F4C05F53
:1044400018BF14F0805003D1BFF34F8F70BD00BF71
:1044500001F0C6FCBFF34F8F70BD0000B0B540F651
:10446000802541F26C20C4F23125C4F205000468B5
:104470002868012808D1D5F88003012804D114F058
:10448000010001D001F0AEFC6868012808D1D5F820
:104490008403012804D114F0020001D001F0A4FC2F
:1044A000A868012808D1D5F88803012804D114F0A0
:1044B000040001D001F09AFCE868012808D1D5F881
:1044C0008C03012804D114F0080001D001F090FC05
:1044D0002869012808D1D5F89003012804D114F0E7
:1044E000100001D001F086FC6869012808D1D5F8D8
:1044F0009403012804D114F0200001D001F07CFCC9
:10450000A869012808D1D5F89803012804D114F02E
:10451000400001D001F074FCE869012808D1D5F809
:104520009C03012804D114F0800001D001F06AFC42
:10453000286A012808D1D5F8A003012804D114F471
:10454000807001D001F05AFC48F65405C4F2010510
:104550002868E96901EAD01010F4C06F18BF14F49C
:10456000006001D001F050FC2868E96901EAD01030
:1045700010F4C05F18BF14F4805003D1BFF34F8F05
:10458000B0BD00BF01F042FCBFF34F8FB0BD0000D3
:104590002DE9F04141F2300541F27C20C4F22A2598
:1045A000C4F2050004682868012807D1A86801281A
:1045B00004D114F0010001D001F02CFC686801283E
:1045C00007D1E868012804D114F0020001D001F0FD
:1045D00023FC45F29005C4F201052888A98908400A
:1045E000000618BF14F0040001D001F011FC49F2DC
:1045F0003006C4F22A263068012807D1B0680128A5
:1046000004D114F0080001D001F00AFC7068012800
:1046100007D1F068012804D114F0100001D001F096
:1046200001FC45F29C46C4F20106B5F8000431884D
:104630000840000618BF14F0200001D001F0EEFB86
:1046400041F23005C4F22B252868012807D1A8685B
:10465000012804D114F0400001D001F0E7FB6868A4
:10466000012807D1E868012804D114F0800001D0A6
:1046700001F0DEFBB6F8F403B6F8001408400006BB
:1046800018BF14F4807001D001F0CEFB49F2300560
:10469000C4F22B252868012807D1A868012804D175
:1046A00014F4007001D001F0C7FB6868012807D13D
:1046B000E868012804D114F4806001D001F0BEFB49
:1046C00045F69045C4F201052888A98908400006EE
:1046D00018BF14F4006001D001F0ACFB41F23006C9
:1046E000C4F22C263068012807D1B068012804D113
:1046F00014F4805001D001F0A5FB7068012807D1A7
:10470000F068012804D114F4005001D001F09CFBA2
:1047100046F29C06C4F20106B5F800043188084050
:10472000000618BF14F4804001D001F089FB49F263
:104730003005C4F22C252868012807D1A868012873
:1047400004D114F4803001D001F082FB68680128A4
:1047500007D1E868012804D114F4003001D001F039
:1047600079FBB6F8F403B6F800140840000618BF49
:1047700014F4802001D001F069FB40F20010C4F273
:1047800080300068012810D11420C4F20C00416868
:10479000006808404FF6FB41CFF27C71084218BF19
:1047A00014F4002001D002F0C3FD4DF20008C4F261
:1047B0000108D8F80060D8F80C70B80605D516F0D6
:1047C0000B0018BF14F4800004D107EA0605A80600
:1047D00006D40AE002F00EF807EA0605A80604D59A
:1047E00014F4000001D002F007F8280604D514F0F4
:1047F000807001D002F082F8680604D514F00070D1
:1048000001D002F079F8B80707D516F4807018BF08
:1048100014F0806001D001F0F1FF4DF20C40C4F2C1
:104820000100D8F800540668B00605D515F00B0055
:1048300018BF14F0006005D106EA0507B80607D4D2
:104840000BE000BF02F05CF806EA0507B80604D5E5
:1048500014F0805001D002F055F8380604D514F059
:10486000005001D002F054F8780604D514F08040CE
:1048700001D002F04BF8B00707D515F4807004D0D2
:10488000B4F1FF3F01DC02F03FF8BFF34F8FBDE80A
:10489000F08100002DE9F04141F2000841F2802052
:1048A000C4F20208C4F205000468D8F80060D8F821
:1048B0000C70B80605D516F00B0018BF14F00100F7
:1048C00004D107EA0605A80606D40AE002F022F899
:1048D00007EA0605A80604D514F0020001D002F08C
:1048E0001BF8280604D514F0040001D002F01AF8D1
:1048F000680604D514F0080001D002F011F8B807DA
:1049000007D516F4807018BF14F0100001D002F023
:1049100005F841F20C40C4F20200D8F800540668D1
:10492000B00605D515F00B0018BF14F0200005D116
:1049300006EA0507B80607D40BE000BF01F0F4FF54
:1049400006EA0507B80604D514F0400001D001F0CE
:10495000EDFF380604D514F0800001D001F0ECFF23
:10496000780604D514F4807001D001F0E3FFB0079D
:1049700007D515F4807018BF14F4007001D001F051
:10498000D7FF4CF20405C4F201052F682E697805A3
:1049900005D516F0800018BF14F4006002D1B805E8
:1049A00004D409E000F0D0FEB80505D516F02000CB
:1049B00018BF14F4805003D1380505D40CE000BFB3
:1049C00000F0C4FE380507D516F0020004D114F437
:1049D000005001D000F0B6FEF80505D516F01D0018
:1049E00018BF14F4804007D1D5F80064D5F81054EE
:1049F000700509D40EE000BF00F0A2FED5F80064F7
:104A0000D5F81054700505D515F0800018BF14F4C2
:104A1000803003D1B00505D40AE000BF00F09CFE51
:104A2000B00505D515F0200018BF14F4003003D1EF
:104A3000300505D40CE000BF00F090FE300507D52E
:104A400015F0020004D114F4802001D000F082FEA1
:104A5000F00507D515F01D0018BF14F4002001D093
:104A600000F076FE0425C4F202052F682E69780551
:104A700005D516F0800018BF14F4001002D1B80557
:104A800004D409E000F070FEB80505D516F020004A
:104A900018BF14F4800003D1380505D40CE000BF22
:104AA00000F064FE380507D516F0020004D114F4B6
:104AB000000001D000F056FEF80505D516F01D00E7
:104AC00018BF14F0807007D1D5F80064D5F81054E1
:104AD000700509D40EE000BF00F042FED5F8006476
:104AE000D5F81054700505D515F0800018BF14F0E6
:104AF000806003D1B00505D40AE000BF00F03CFEA1
:104B0000B00505D515F0200018BF14F0006003D1E2
:104B1000300505D40CE000BF00F030FE300507D5AD
:104B200015F0020004D114F0805001D000F022FEF4
:104B3000F00505D515F01D0018BF14F0005003D185
:104B4000BFF34F8FBDE8F08100F012FEBFF34F8F2F
:104B5000BDE8F08170B541F2842047F21805C4F237
:104B60000500C4F2010504682E88E00705D016F0A0
:104B7000100018BF16F0400002D1A00704D409E0CD
:104B800001F0C2F8A00705D516F0200018BF16F0F6
:104B9000800003D1AE88600705D40AE001F0B6F8C2
:104BA000AE88600705D516F0100018BF16F040005B
:104BB00002D1200704D409E001F0AAF8200705D5A6
:104BC00016F0200018BF16F0800003D12E89E006F1
:104BD00005D40AE001F09EF82E89E00605D516F00E
:104BE000100018BF16F0400002D1A00604D409E05E
:104BF00001F092F8A00605D516F0200018BF16F0B7
:104C0000800003D12E8E600605D40AE001F086F8FC
:104C10002E8E600605D516F4807018BF16F400704D
:104C200002D1200604D409E001F07AF8200605D567
:104C300016F4005018BF16F4804005D1B5F88C501A
:104C4000E00507D40EE000BF01F06CF8B5F88C5019
:104C5000E00507D515F0010004D115F0100001D0D2
:104C600001F062F8A00507D515F0020004D115F493
:104C7000807001D001F05AF8600507D515F00400E6
:104C800004D115F4805001D001F052F844F6180513
:104C9000C4F202052E88E00305D516F0100018BFF7
:104CA00016F0400002D1A00304D409E001F02CF872
:104CB000A00305D516F0200018BF16F0800003D120
:104CC000AE88600305D40AE001F020F8AE886003E6
:104CD00005D516F0100018BF16F0400002D12003D1
:104CE00004D409E001F02AF8200305D516F02000CD
:104CF00018BF16F0800003D12E89E00205D40AE027
:104D000001F01EF82E89E00205D516F0100018BF3C
:104D100016F0400002D1A00204D409E001F012F81C
:104D2000A00205D516F0200018BF16F0800003D1B0
:104D30002E8E600205D40AE001F006F82E8E600285
:104D400005D516F4807018BF16F4007002D1200249
:104D500004D409E000F0FAFF200205D516F4005053
:104D600018BF16F4804005D1B5F88C50E00107D487
:104D70000EE000BF00F0ECFFB5F88C50E00107D565
:104D800015F0010004D115F0100001D000F0E2FF91
:104D9000A00107D515F0020004D115F4807001D0F0
:104DA00000F0DAFF600107D515F0040004D115F416
:104DB000805001D000F0D2FFBFF34F8F70BD0000D4
:104DC00070B541F2882044F61845C4F20500C4F2DB
:104DD000020504682E88E00705D016F0100018BF01
:104DE00016F0400002D1A00704D409E000F0B8FF9B
:104DF000A00705D516F0200018BF16F0800003D1DB
:104E0000AE88600705D40AE000F0ACFFAE8860070A
:104E100005D516F0100018BF16F0400002D120078B
:104E200004D409E000F0A0FF200705D516F020000B
:104E300018BF16F0800003D12E89E00605D40AE0E1
:104E400000F094FF2E89E00605D516F0100018BF7B
:104E500016F0400002D1A00604D409E000F088FF5B
:104E6000A00605D516F0200018BF16F0800003D16B
:104E70002E8E600605D40AE000F07CFF2E8E6006C0
:104E800005D516F4807018BF16F4007002D1200604
:104E900004D409E000F070FF200605D516F4005098
:104EA00018BF16F4804005D1B5F88C50E00507D442
:104EB0000EE000BF00F062FFB5F88C50E00507D5AA
:104EC00015F0010004D115F0100001D000F02CFF06
:104ED000A00507D515F0020004D115F4807001D0AB
:104EE00000F050FF600507D515F0040004D115F45B
:104EF000805001D000F048FFBFF34F8F70BD00001D
:104F000070B547F60C4541F28C20C4F20105C4F29D
:104F1000050004682868A9680840000718BF14F055
:104F2000400001D0FDF7A8F9286AA96A08400007E7
:104F300018BF14F0800001D0FDF7A0F9286CA96C0F
:104F40000840000718BF14F4807001D0FDF798F9ED
:104F5000286EA96E0840000718BF14F4007001D035
:104F6000FDF790F90425C4F23C252868012807D1F3
:104F7000E86F012804D114F4803001D0FEF70EF858
:104F8000A868012808D1D5F88000012804D114F4BC
:104F9000003001D0FEF700F8E8684EF2080501285D
:104FA000C4F2010507D12868800718BF14F48020D7
:104FB00001D0FDF7EFFF48F20406C4F23C2630684A
:104FC000012807D1F06F012804D114F4002001D08A
:104FD000FDF7EAFFB068012808D1D6F88000012863
:104FE00004D114F4801001D0FDF7DCFFF068012833
:104FF00008D1D5F80004800718BF14F4001001D0C0
:10500000FDF7CEFF0425C4F244252868012807D106
:10501000E86F012804D114F4800001D0FDF7CAFF25
:10502000A868012808D1D5F88000012804D114F41B
:10503000000001D0FDF7BCFFE86842F20805012836
:10504000C4F2020507D12868800718BF14F08070E9
:1050500001D0FDF7ABFF48F20406C4F244263068E5
:10506000012807D1F06F012804D114F0007001D09D
:10507000FDF7A6FFB068012808D1D6F88000012806
:1050800004D114F0806001D0FDF798FFF06801288A
:1050900006D1D5F80004800718BF14F0006003D1D2
:1050A000BFF34F8F70BD00BFFDF786FFBFF34F8F7B
:1050B00070BD0000F0B581B08C2541F29020C4F2A3
:1050C0009C25C4F205000468E868012808D1D5F8D9
:1050D0000C03012804D114F0100001D0FDF744FFA7
:1050E0002869012808D1D5F81003012804D114F04B
:1050F000200001D0FDF73CFF2868012808D1D5F831
:105100000003012804D114F0400001D0FDF72EFF68
:105110004EF20405C4F204052868A96945F2172671
:10512000C0F2F0060840304218BF14F0800001D0F1
:10513000FDF718FF48F28C07C4F29C27F868012895
:1051400008D1D7F80C03012804D114F4807001D0E1
:10515000FDF712FF3869012808D1D7F8100301289C
:1051600004D114F4007001D0FDF70AFF386801285B
:1051700008D1D7F80003012804D114F4806001D0CD
:10518000FDF7FCFED5F80004D5F8181430400842AD
:1051900018BF14F4006001D0FDF7ECFE8C27C4F2B8
:1051A0009D27F868012808D1D7F80C03012804D1FD
:1051B00014F4805001D0FDF7E7FE3869012808D1CA
:1051C000D7F81003012804D114F4005001D0FDF7E2
:1051D000DFFE3868012808D1D7F80003012804D180
:1051E00014F4804001D0FDF7D1FE4EF61C01D5F835
:1051F0000008C4F2040109683040084218BF14F4E2
:10520000004001D0FDF7BEFE44F21345C4F205058F
:10521000287844F2E10600F003000128C4F20506F4
:1052200007D13078800704D514F4003001D000F0A5
:1052300045FA287800F03000102807D13078800631
:1052400004D514F4802001D000F03AFA48F2003579
:10525000C4F290252868012808D1D5F880000128DB
:1052600004D114F4801001D0FDF7D2F86868012849
:1052700008D1D5F88400012804D114F4001001D01D
:10528000FDF7C4F8A868012808D1D5F888000128DE
:1052900004D114F4800001D0FDF7BCF849F20400F9
:1052A000C4F20400006810F4403F18BF14F400007A
:1052B00004D1BFF34F8F01B0F0BD00BF02F03AF848
:1052C000BFF34F8F01B0F0BD2DE9F04F81B041F237
:1052D000204541F294204FF2C04BC4F28025C4F225
:1052E0000500CFF6FF7B046855F80B004FF2A0488D
:1052F0000128CFF6FF7808D155F80800012804D11D
:1053000014F0010001D0FBF79DFC4FF2C446CFF62C
:10531000FF76A8594FF2A4490128CFF6FF7908D1AA
:1053200055F80900012804D114F0020001D0FBF760
:105330008BFC286840F2B00A4FF6FF77C4F2040AEB
:105340000128C0F2010706D1DAF80000384218BF80
:1053500014F004000CD1286801280ED1DAF80000FE
:10536000384218BF14F0080007D0FBF76FFC04E0C8
:10537000FBF766FC28680128F0D049F22045C4F20A
:10538000802555F80B00012808D155F808000128A0
:1053900004D114F0100001D0FBF75CFCA8590128DF
:1053A00008D155F80900012804D114F0200001D0DB
:1053B000FBF752FC2868012806D1DAF80004C00582
:1053C00018BF14F040000FD12868012806D1DAF880
:1053D0000004C00518BF14F080000BD1BFF34F8F3D
:1053E00001B0BDE8F08F00BFFBF732FC2868012850
:1053F000F4D1ECE7FBF732FCBFF34F8F01B0BDE80F
:10540000F08F0000B0B541F29820C4F205000468A6
:105410004FF630456007C4F2060507D4A0061CD439
:10542000600636D4BFF34F8FB0BD00BF2A882B89EA
:10543000688869891A4040F2F7131A4204D000F0D4
:105440007BF9A006ECD508E0084040F27F11084245
:1054500018BF00F071F9A006E2D53221C4F20701AD
:10546000B5F80024CB88088809891A4040F2F71360
:105470001A4205D000F062F96006D3D509E000BFFA
:10548000084040F27F11084218BF00F057F960064B
:10549000C8D540F2A440C4F207004278037881786E
:1054A000C07E85061BD412F0010518D11A40012ACE
:1054B00015D801F00302032A11D001F00C020C2AC6
:1054C0000DD001F03001302909D000F01801182961
:1054D00005D04106A6D540B2B0F1FF3FA2DCFBF7F4
:1054E00099FCBFF34F8FB0BD10B545F20004C4F274
:1054F00001042046402100F0FDFC012818BF10BD2A
:105500002046402100F0A8FC0120BDE8104002F038
:105510009BB9000080B5C10709D040F20041C4F238
:10552000010140F223120A6043F210220A6081074F
:1055300007D548F210010122C4F20401CAF2A552B3
:105540000A6041074AF2015C42BF43F6FC32C4F2F2
:105550000502A2F800C0820640F28C0EC4F2050ECD
:1055600044BF49F2A563CEF80030C30644F2FE33CF
:10557000C4F2050304D519880CF107021143198000
:10558000410604D519880CF1020211431980000666
:1055900042BF7720CEF87807CEF8800780BD0000A4
:1055A000C1072FD1810735D4410706D543F6FC3119
:1055B000C4F205014FF425420A80810640F28C01B5
:1055C000C4F2050144BF49F2A4620A60C20644F273
:1055D000FE32C4F2050205D5138843F4254323F0B7
:1055E00008031380430605D5138843F4254323F0AD
:1055F00003031380000642BF7620C1F87807C1F884
:105600008007704740F20041C4F2010100220A60A5
:105610008107C9D548F210010022C4F20401CAF280
:10562000A5520A604107C1D4C7E7000010B584B095
:1056300048F24024C1F6FF74207898B90B480090D6
:105640000AA0C268D0E901100392CDE90110201D23
:105650006946FCF79FF845F27D60C0F2000060608B
:1056600001202070201D04B010BD00BF0300000009
:105670009C8EFF1FB48EFF1FA88EFF1F0868704707
:1056800010B544F20244C4F2050434F8040C800757
:1056900007D44CF61920C0F2000040F2AD41FCF7EF
:1056A000E7F8207800F0C0000F3020701020607301
:1056B0001E20FCF70DF9002010BD0000704700000F
:1056C000704700007047000000000000000000006C
:1056D000EFF30980BFF36F8F154B1A681EF0100FA0
:1056E00008BF20ED108A20E9F04F10602DE9090075
:1056F0004FF0500080F31188BFF34F8FBFF36F8FCF
:1057000004F090FE4FF0000080F31188BDE809001E
:1057100019680868B0E8F04F1EF0100F08BFB0EC31
:10572000108A80F30988BFF36F8F704700BF00BFF6
:10573000648FFF1F70470000704700007047000033
:10574000704700007047000070470000704700007D
:10575000704700007047000070470000704700006D
:10576000704700007047000070470000704700005D
:10577000704700007047000070470000704700004D
:10578000074B19680868B0E8F04F80F30988BFF349
:105790006F8F4FF0000080F31188704700BF00BF8B
:1057A000648FFF1F7047000080B54FF0500080F3FA
:1057B0001188BFF36F8FBFF34F8F06F055FA30B1EA
:1057C0004EF60450CEF200004FF0805101600020F0
:1057D00080F3118880BD000080B540F28460C4F27F
:1057E0000100006842F2004148F2000C44F200124D
:1057F000C0F2F401C1F6FF7CC4F20502C00704BF89
:1058000042F60051C0F23111CCF8001012F8DA3C27
:1058100003F00703052B88BF80BDDFE803F0070313
:105820000B030B1141F20021C0F27A01CCF80410F5
:1058300080BD00BF4FF40041CCF8041080BD00BF14
:105840001068D2F800E01368126803F01F03120614
:105850005CBF41F20021C0F27A015A1CC0F308205B
:10586000B1FBF2F101304843012101EB1E71B0FBA5
:10587000F1F1CCF8041080BD10B54EF6885ECEF282
:10588000000EDEF8001042F2004241F47001CEF842
:10589000001040F28461C4F20101096848F2000C72
:1058A00044F20013C0F2F402C1F6FF7CC4F2050317
:1058B000C90704BF42F60052C0F23112CCF80020F2
:1058C00013F8DA1C01F00701052929D8DFE801F0F7
:1058D00026040A040A0E00BF41F20022C0F27A0236
:1058E0001CE000BF4FF4004218E000BF18681968C0
:1058F0001C681B6804F01F041B065CBF41F20022F9
:10590000C0F27A02631CC0F30820B2FBF3F201304C
:105910005043012202EB1171B0FBF1F2CCF80420EC
:1059200000204EF8800C10BD70470000704700004A
:105930007047000070470000B0B544F200420446D2
:1059400040F48060C4F2020290420D4602D155B983
:1059500012E000BF4CF68520C0F2000040F2612149
:10596000FBF786FF45B125F0011028B94FF0011073
:10597000A8436061B0BD00BF4CF68520C0F20000B6
:1059800040F26221FBF774FF4FF00110A843606101
:10599000B0BD0000B0B544F20042044640F480605F
:1059A000C4F2020290420D4602D155B90CE000BF8C
:1059B0004CF68520C0F2000040F24A21FBF758FF68
:1059C00015B125F0011038B14CF68520C0F2000069
:1059D00040F24B21FBF74CFF6069284018BF0120C3
:1059E000B0BD000070B5164644F20042044640F4D3
:1059F0008060C4F2020290420D460FD1022D17D2F0
:105A0000022E1FD2012E25D128014FF48041226998
:105A100001FA00F01043206170BD00BF4CF68520F4
:105A2000C0F2000040F21621FBF722FF022DE7D35F
:105A30004CF68520C0F2000040F21721FBF718FF5A
:105A4000022EDFD34CF68520C0F200004FF4067121
:105A5000FBF70EFF28014FF48041226901FA00F0A4
:105A600022EA0000206170BD70B5164644F2004283
:105A7000044640F48060C4F2020290420D460FD109
:105A8000022D17D2022E1FD2012E25D128014FF44C
:105A90008051226901FA00F01043206170BD00BFFF
:105AA0004CF68520C0F200004FF4F271FBF7E0FEE7
:105AB000022DE7D34CF68520C0F2000040F2E5113C
:105AC000FBF7D6FE022EDFD34CF68520C0F2000095
:105AD0004FF4F371FBF7CCFE28014FF4805122699B
:105AE00001FA00F022EA0000206170BD002A04BF24
:105AF0006FF00200704770B50E4644F20041044654
:105B000040F48060C4F202011546884208D1022E9A
:105B10000FD228684FEA3020052816D924E000BFAC
:105B20004CF68520C0F20000C321FBF7A1FE022E37
:105B3000EFD34CF68520C0F20000C421FBF798FE9D
:105B400028684FEA302005280ED8012101FA00F01C
:105B500010F0270F08D068684FEA30100B280FD2DA
:105B6000A868B0B920E000BF4CF68520C0F2000064
:105B7000C521FBF77DFE68684FEA30100B28EFD394
:105B80004CF68520C0F20000C621FBF771FEA86824
:105B900050B148F20201884206D04CF68520C0F28E
:105BA0000000C721FBF764FE002044F82600A98905
:105BB00004EB860291602169320148F2F27C0CFA12
:105BC00002F6B143D5E90063AD6833432B4303EAE2
:105BD0000C0303FA02F21143216170BD70B5164641
:105BE00044F20042044640F48060C4F20202904253
:105BF0000D4601D14DB913E04CF68520C0F20000EE
:105C00004FF40C71FBF734FE55B125F0041038B990
:105C1000022E0FD2012E15D120692843206170BDBC
:105C20004CF68520C0F2000040F23121FBF720FE47
:105C3000022EEFD34CF68520C0F2000040F2322154
:105C4000FBF716FE2069A843206170BDB0B544F291
:105C50000042044640F48060C4F2020290420D46C5
:105C600010D1022D06D34CF68520C0F20000F92198
:105C7000FBF7FEFD28010121226901FA00F0104323
:105C80002061B0BD4CF68520C0F20000F821FBF782
:105C9000EFFD022DEED3E6E7B0B544F20042044634
:105CA00040F48060C4F2020290420D4612D1022DEF
:105CB00007D34CF68520C0F200004FF48671FBF745
:105CC000D7FD28010121226901FA00F022EA000033
:105CD0002061B0BD4CF68520C0F2000040F20B11EF
:105CE000FBF7C6FD022DECD3E3E70000002804BF5C
:105CF0006FF002007047014600204FF6FF72C1E9C5
:105D0000000088608A81704770470000704700007B
:105D100070470000704700007047000070470000A7
:105D20007047000070470000704700007047000097
:105D30007047000070470000704700007047000087
:105D40007047000070470000704700007047000077
:105D50007047000070470000704700007047000067
:105D60007047000070470000704700007047000057
:105D70007047000070470000704700007047000047
:105D80007047000070470000704700007047000037
:105D90007047000070470000704700007047000027
:105DA0007047000070470000704700007047000017
:105DB0007047000070470000704700007047000007
:105DC00070470000704700007047000070470000F7
:105DD00070470000704700007047000070470000E7
:105DE00070470000704700007047000070470000D7
:105DF00070470000704700007047000070470000C7
:105E000070470000704700007047000070470000B6
:105E100070470000704700007047000070470000A6
:105E20007047000070470000704700007047000096
:105E30007047000070470000704700007047000086
:105E40007047000070470000704700007047000076
:105E50007047000070470000B0B50C464FF63F7128
:105E6000CFF600710C4205462AD14CB345F2000032
:105E7000C4F2010000F58063291AEB1AB1FA81F22D
:105E8000B3FA83F352095B091A4300F50063EB1A76
:105E900000F54060B3FA83F3281A5B09B0FA80F08A
:105EA0001A4340091043A1F58052B2FA82F2A1F5DB
:105EB000A0515209B1FA81F110434909084307D1B1
:105EC0004CF6F220C0F2000040F21441FBF7D0FC87
:105ED00095F8810004F0C00100F03F00084480F014
:105EE000C00085F881006FEA1440C0B2A5F89C009C
:105EF000B0BD0000B0B50C464FF63F71CFF6007153
:105F00000C4205462AD14CB345F20000C4F2010010
:105F100000F58063291AEB1AB1FA81F2B3FA83F320
:105F200052095B091A4300F50063EB1A00F5406063
:105F3000B3FA83F3281A5B09B0FA80F01A434009D8
:105F40001043A1F58052B2FA82F2A1F5A051520994
:105F5000B1FA81F110434909084307D14CF6F22008
:105F6000C0F2000040F2FB31FBF782FC95F88100A3
:105F7000B5F89C10204000F0C00001EA144108432D
:105F800018BF0120B0BD000070B50446A0F18040EC
:105F9000A0F5A8304FEAB026062E0D4607D34CF6E2
:105FA000F220C0F200004FF48B71FBF761FCCDB31F
:105FB0002878022808D34CF6F220C0F200004FF4F3
:105FC0008C71FBF755FC287880B3A888B0F5005F8A
:105FD00007D34CF6F220C0F200004FF49271FBF7A9
:105FE00047FCE888B0F5005F07D34CF6F220C0F21A
:105FF00000004FF49371FBF73BFCA888A4F88800DD
:10600000E888A4F88C00AD68062E07D34CF6F22081
:10601000C0F200004FF45171FBF72AFC0020A5806C
:1060200070BD00BF6FF0020070BD00BFA87840F0E7
:106030000400042826D1E87840F0020002282ED17E
:10604000687880F08001020142EA11116FF00702C6
:1060500052FA81F2082A0BD3C9B2032908D34CF6AD
:10606000F220C0F2000040F21D11FBF701FC68783D
:10607000A978EA781143084384F88000AD68062EB9
:10608000CCD3C3E74CF6F220C0F2000040F21B1163
:10609000FBF7EEFBE87840F002000228D0D04CF687
:1060A000F220C0F200004FF48E71FBF7E1FBC7E76E
:1060B000F0B581B00E464FF6CF71CFF600711546A0
:1060C0000E42044642D1002E40D045F20000C4F2F8
:1060D000010000F58063211AE31AB1FA81F2B3FAE4
:1060E00083F352095B091A4300F50063E31A00F5D4
:1060F0004060B3FA83F3201A5B09B0FA80F01A43C8
:1061000040091043A1F58052B2FA82F2A1F5A051E4
:106110005209B1FA81F110434909084316D006F03B
:106120003007022D4FEA16461ED2012D24D194F8D5
:106130008100384340F0C00084F88100B4F890003A
:106140003043A4F8900001B0F0BD00BF4CF6F2203F
:10615000C0F2000040F22941FBF78AFB06F030074D
:10616000022D4FEA1646E0D34CF6F220C0F20000B2
:1061700040F22A41FBF77CFB94F88100B84340F0E1
:10618000C00084F88100B4F89000B043A4F89000F7
:1061900001B0F0BD10B50446A0F18040A0F5A830D4
:1061A0004FEAB020062807D34CF6F220C0F20000D8
:1061B00040F25641FBF75CFB94F8800040F0010090
:1061C00084F8800010BD0000002804BF6FF00200BA
:1061D000704701464FF0007200204FF6FF73C1E98F
:1061E00000208B6070470000B0B584B04DF2904540
:1061F000C1F6FF75002405F1F800CDE9000405F5AE
:10620000A073322000210122029404F01DFFC5F882
:10621000F00005F58E70CDE9000405F5B973322064
:1062200000210122029404F00FFFC5F8F4004FF0A2
:10623000030C05F19C03012000210022CDF800C0D1
:1062400004F03EFAC5F898004DF20C00C1F6FF705C
:10625000C5F8A4410470047104B0B0BDB0B54DF2EE
:106260009042C1F6FF72D2F8F41002F164050446C0
:106270000846294632224FF0FF3304F045FF00283C
:1062800008BF0546C4E90050B0BD00004DF2904182
:10629000C1F6FF71C1F8A4017047000070B584B069
:1062A0004DF29045C1F6FF75D5F8F000294632222F
:1062B0004FF0FF3304F028FF044690B1D5F8980062
:1062C0000021002604F0E8FD01A8CDE901548DF875
:1062D0000C60FCF739FED5F898004FF47A7104F0A1
:1062E000DBFD4DF29040C1F6FF703221FAF733FA30
:1062F000204604B070BD000010B50C4601460028D1
:106300004FF0000018BF002C00D110BD4DF290409E
:10631000C1F6FF70D0F8F00022464FF0FF3304F0D2
:10632000DFFFA04218BF10BD4DF20C00C1F6FF7098
:10633000012101700221017102F0CCF8204610BD4C
:106340004DF29040C1F6FF703230704732207047F6
:106350002DE9F04F91B04EF618584EF2001943F265
:10636000000B4FF080700121CEF20008CEF2000940
:10637000C4F2050B0127FBF7EDFF01AD2846FCF742
:10638000B5FC4020ADF80E002020ADF80A00022038
:1063900010212A46ADF80470FCF7B4F90220202140
:1063A0002A46FCF7AFF9022010212122FCF760FBFE
:1063B000022020212022FCF75BFB06AE304600F0D5
:1063C0009FFF032007904FF4006008904FF4E130E6
:1063D00009904FF40040ABF5583A0D9050463146C5
:1063E0000022002500F076FE4FF480400121FBF7EB
:1063F00081FF4FF400300121FBF77CFF06AE3046F1
:10640000FBF728FE4FF4805406940A97FFF79EFF8F
:106410000B900995FFF794FF08904AF20600CFF61B
:10642000FC705844079004200D90584600213246D5
:106430000C95FBF711FC00283ED12020C0F2020091
:10644000019046F25970C0F20000029001A8FCF7DA
:10645000B9FDBDF8060001B2B1F1FF3F10DD00F05B
:106460001F01012202FA01F1420909EB8203C3F87C
:1064700080114844F02380F8003349F8221005E0E9
:1064800001F00F004044F02100F8041C40F6140015
:10649000C4F2010040F21711FAF7E2FB584601215D
:1064A000FBF78EFB584601210122FBF7E5FD58461C
:1064B00000210122FBF76CFA06AE3046FBF7CAFD5D
:1064C000ABF55730A0F57F70089058460121324651
:1064D0000694CDE90957CDE90C75FBF7BDFBD8BB98
:1064E0002120C0F20600019046F6B900C0F200007B
:1064F000029001A8FCF766FDBDF8060001B2B1F1FB
:10650000FF3F11DD00F01F01012202FA01F14209F3
:1065100009EB8203C3F880114844F02380F800336C
:1065200049F8221006E000BF01F00F004044F021BE
:1065300000F8041C40F61400C4F2010004304FF4CB
:106540008C71FAF78DFB58460121FBF739FB584651
:1065500002210122FBF790FD40F21910C0F2070062
:10656000069046F6DD00C0F20000079006A8FCF792
:1065700029FDBDF81A0001B2B1F1FF3F10DD00F0B6
:106580001F01012202FA01F1420909EB8203C3F85B
:1065900080114844F02380F8003349F8221005E0C8
:1065A00001F00F004044F02100F8041C40F21610E6
:1065B000C0F20300069046F2D970C0F200000790C6
:1065C00006A8FCF7FFFCBDF81A0001B2B1F1FF3FCD
:1065D00010DD00F01F01012202FA01F1420909EB6E
:1065E0008203C3F880114844F02380F8003349F84F
:1065F000221005E001F00F004044F02100F8041CD7
:1066000040F21A10C0F20400069046F60100C0F2F3
:106610000000079006A8FCF7D5FCBDF81A0001B2EF
:10662000B1F1FF3F10DD00F01F01012202FA01F17C
:10663000420909EB8203C3F880114844F02380F833
:10664000003349F8221005E001F00F004044F0212A
:1066500000F8041C01200121FBF7AAFE0120FAF733
:10666000F3FB06AE3046FFF741FB4FF48070069017
:1066700030200790002008904FF40070ABF53C34B8
:10668000ADF82400204600213246FFF72FFA032000
:10669000FBF7F0F8204600210122FFF7E5F920463C
:1066A00000210122FFF79EF950462721012200F028
:1066B00091F911B0BDE8F08F80B582B04DF29040F5
:1066C000C1F6FF70D0F898000021019178B101A9BE
:1066D00004F07CFA019850B14EF60450CEF200005E
:1066E0004FF080510160BFF34F8FBFF36F8F02B047
:1066F00080BD0000B0B582B002460020019042B3D8
:106700004DF29041C1F6FF71D1F8F40001F132046D
:1067100001AD21462B4604F0C5FE20463221F9F793
:10672000F8FF4DF20C00C1F6FF7002210170032149
:106730000171294601F000FF019850B14EF6045056
:10674000CEF200004FF080510160BFF34F8FBFF3D6
:106750006F8F02B0B0BD000070B588B03220FFF777
:10676000C9FF6E463046FBF775FC4FF48050009031
:1067700001200490FFF7EAFD002505900395FFF73F
:10678000DFFD4DF20004C4F201040290A01D01904F
:106790000695042004F55835079028460021324616
:1067A000FBF75AFA20460121002200F013F9204697
:1067B0004FF4807100F0C2F804F5E0400021FFF7CB
:1067C0006BFA20460121012200F004F9284601213C
:1067D000FBF7D0F908B070BD10B54DF20004C4F25B
:1067E0000104204600F04CF920460B21BDE8104082
:1067F00000F0A4B870470000704700007047000028
:1068000070B588B043F20004C4F2050420460021AC
:106810000026FBF7F7F9C0F1320080B232282AD8FF
:10682000FFF768FF6D462846FBF714FC4FF48050D5
:10683000009001200490FFF789FD05900396FFF773
:106840007FFD02904AF20600CFF6FC7020440190D2
:1068500004200790204600212A460696FBF7FCF903
:10686000A4F53C300021FFF717FAA4F558304FF497
:10687000807100F063F808B070BD0000B0B543F25D
:106880000005C4F205050A46044628460121FBF727
:1068900017FB284601212246FBF796FA28460121DC
:1068A0000122FBF775F8A5F5583008210122BDE853
:1068B000B04000F08FB8000010B54DF20004C4F2F3
:1068C000010420464021012200F084F804F55830EC
:1068D0000221BDE81040FBF74DB9000080B54DF234
:1068E0000000C4F201004821002200F073F8BDE866
:1068F0008040FFF7E1BE00007047000070470000D5
:1069000070470000704700007047000070470000AB
:10691000704700007047000070470000704700009B
:10692000704700007047000070470000704700008B
:10693000704700007047000070470000B0B5044683
:1069400040F6FF70C4F2020084420D460CDC4DF2AA
:106950000000C4F20100844212D04DF20040C4F2A3
:10696000010084420CD029E041F20000C4F2020090
:10697000844205D041F20040C4F2020084421DD19D
:106980002DB14FF61460CFF6FE70284007D04CF6BC
:106990005F30C0F2000040F20141FAF769FF15F0E4
:1069A0000B0003D0E16841EA0040E060E80558BF11
:1069B000B0BDE06840F48010E060B0BD4CF65F30E0
:1069C000C0F200004FF48061FAF752FF002DD8D1D9
:1069D000DDE7000070B5044640F6FF70C4F2020027
:1069E000154684420E460DDC4DF20000C4F2010053
:1069F000844213D04DF20040C4F2010084420DD015
:106A000032E000BF41F20000C4F20200844205D02F
:106A100041F20040C4F20200844225D1022D07D386
:106A20004CF65F30C0F200004FF46F71FAF720FFB0
:106A300016B126F0EF0038B14CF65F30C0F200001E
:106A400040F2BD31FAF714FFB0B2002808BF70BDA4
:106A5000012D03D1E1680843E06070BDE16821EADF
:106A60000000E06070BD00BF4CF65F30C0F2000077
:106A700040F2BB31FAF7FCFE022DD1D2D8E700007C
:106A800010B5044640F6FF70C4F2020084420DDCEB
:106A90004DF20000C4F20100844205D04DF20040E6
:106AA000C4F2010084420DD1E08810BD41F2000023
:106AB000C4F202008442F7D041F20040C4F2020066
:106AC0008442F1D04CF65F30C0F2000040F27251C7
:106AD000FAF7CEFEE08810BD2DE9F04F81B02DED24
:106AE000028B84B017468946054699B140F6FF747B
:106AF000C4F20204A5421BDC4DF20000C4F2010006
:106B0000854229D04DF20040C4F20100854223D0D5
:106B10001AE000BF4CF65F30C0F2000040F2A9510D
:106B2000FAF7A6FE40F6FF74C4F20204A542E3DDC4
:106B300041F20000C4F2020085420DD041F2004053
:106B4000C4F20200854207D04CF65F30C0F200006C
:106B500040F2AA51FAF78CFEE86810F00C0F07D04B
:106B60004CF65F30C0F2000040F2AB51FAF780FE05
:106B7000A5420DDC4DF20000C4F2010085421BD09D
:106B80004DF20040C4F20100854215D00CE000BF78
:106B900041F20000C4F2020085420DD041F20040F3
:106BA000C4F20200854207D04CF65F30C0F200000C
:106BB00040F24921FAF75CFE48F2040044F2200159
:106BC000C1F6FF70C4F20501006809680622C1F32E
:106BD0000211C840A969EB6802EA4101DA0120FA12
:106BE00001FB15D46869800622D4A54200F3A48075
:106BF0004DF20000C4F20100854200F0B1804DF278
:106C00000040C4F20100854200F0AA80A0E000BF6D
:106C1000A5421FDC4DF20000C4F2010085422DD0D8
:106C20004DF20040C4F20100854227D01EE000BFB3
:106C3000A54200F3D9804DF20000C4F20100854264
:106C400000F0E6804DF20040C4F20100854200F001
:106C5000DF80D5E041F20000C4F2020085420DD091
:106C600041F20040C4F20200854207D04CF65F308A
:106C7000C0F2000040F2A511FAF7FAFD9FEDE78A95
:106C8000B9F1000F4FF0FF3018BFBBF1000F00F05B
:106C900011824FEA8904BBFBF4F0461EFF2E00F27E
:106CA0002B8100FB14B00397002800F029810420F9
:106CB00010EB86004FEA9671A9FB008041F10001BC
:106CC00009FB01005A46000240EA186A00205FEA08
:106CD00050014FEA3B0010EB082041EB0A01002372
:106CE000F9F7F4FBA0F180077F2F00F23F8117F145
:106CF00080004FF00002A0FB0B0142F1000202FBFA
:106D00000B11B1464FEA082605F04AFC04468846B6
:106D10003046514605F044FC02460B4620464146AB
:106D200005F0D0FA05F09CFA00EE100ABFEE001A4A
:106D300030EE018A4E46ACE141F20000C4F202009E
:106D400085420DD041F20040C4F20200854207D0D6
:106D50004CF65F30C0F200004FF4A771FAF788FDDF
:106D60009FEDDB8AB9F1000F4FF0FF3018BFBBF188
:106D7000000F00F09F81E868C0F3C030C0F102014D
:106D800009FB01F14FEAC10ABBFBFAF14E1EFF2ECF
:106D900000F2E88001FB1AB10397002900F0B080EF
:106DA0001023711CA3EBC0044FF00000A9FB0112DB
:106DB00040F1000309FB0322A1FB048102FB041143
:106DC000090241EA18625FEA50014FEA3B0010EB0A
:106DD00008205141CDE9012600F0F6805A460023F3
:106DE000F9F774FBF2E000BF41F20000C4F20200C8
:106DF00085420DD041F20040C4F20200854207D026
:106E00004CF65F30C0F2000040F2F311FAF730FDAB
:106E10009FEDAF8AB9F1000F4FF0FF3018BFBBF103
:106E2000000F00F047810397686910F4400F00F4E9
:106E3000600406D0B4F5C00F18BFB4F5200F40F0C1
:106E4000B5804CF20871200DC0F2000131F80080CD
:106E500009FB08F04FEA400ABBFBFAF0461EFF2E82
:106E600052D800FB1AB000284AD0701CA9FB0812A7
:106E70004FF0000CA1FB00734CF1000401FB043146
:106E8000002302FB00105FEA5C014FEA402040EA69
:106E9000D7544FEA3B0010EB472061415A46019717
:106EA0000296F9F713FBA0F180077F2F2CD817F17A
:106EB00080004FF00002A0FB0B0142F1000202FB38
:106EC0000B11019A560205F06BFB224604468846D8
:106ED0003046114605F064FB02460B46204641460B
:106EE00005F0F0F905F0BCF9029E00EE100ABFEEC5
:106EF000001A30EE018ACCE04FF0FF30DAE000BF3C
:106F00009FED738AC4E000BF0BEB8B004000B0FB29
:106F1000FAF04CF6CD410530CCF6CC41A0FB010196
:106F20004FF0FF3000EBD102039FFF2A00F2C28036
:106F3000501CA9FB08174FF00004A1FB003644F1D8
:106F4000000401FB04615E0007FB001014464000D2
:106F500040EAD37A584605F00FFB0746884630468C
:106F6000514684E04FF0FF30A4E000BF0BEB8B00F4
:106F70004000B0FBF4F04CF6CD410530CCF6CC41EE
:106F8000A0FB01014FF0FF3000EBD104FF2C00F219
:106F90009B80042010EB84004FEA9471A0FB09A0B1
:106FA00041F1000101FB09065AE000BFB4F5400FB2
:106FB0003FF447AF4CF65F30C0F2000040F2F911E9
:106FC000FAF756FC3DE700BFB0FBFBF0A0F18007ED
:106FD0007F2F25D817F180004FF00002A0FB0B0196
:106FE00042F1000202FB0B114FEA082605F0D8FA25
:106FF0000C4601998246304605F0D2FA02460B460D
:107000005046214605F05EF905F02AF900EE100A17
:10701000BFEE001A029E30EE018A3AE00000000046
:107020000BEB8B004000B0FBFAF04CF6CD41053085
:10703000CCF6CC41A0FB01014FF0FF30224600EB23
:10704000D104FF2C40D8601CA2FB09124FF00006AF
:10705000A1FB00A346F1000601FB063102FB00166E
:10706000584605F089FA074688465046314605F0ED
:1070700097FA02460B463846414605F023F905F0DB
:10708000EFF800EE100ABFEE001A264630EE018A35
:10709000FF27A8684FF67F7147EA06228843114010
:1070A0000844FF2FA86003D0E86840F00050E86073
:1070B0000020039F002F18BF87ED008A04B0BDECAD
:1070C000028B01B0BDE8F08F9FED018AF1E700BFB0
:1070D000000000002DE9F04381B0A9B1814640F6DF
:1070E000FF70C4F2020090460D46814512DC4DF25D
:1070F0000000C4F20100814520D04DF20040C4F2EE
:10710000010081451AD011E06FF0020001B0BDE826
:10711000F08300BF41F20000C4F2020081450DD0AF
:1071200041F20040C4F20200814507D04CF65F30C6
:10713000C0F2000040F22D31FAF79AFB286840F4C3
:107140008050B0F5805F2FD1A86840F40060B0F5A2
:10715000006F37D1A869002818BFB0F5806F3BD108
:10716000286940F48050B0F5805F41D1686940F4EF
:107170000050B0F5005F49D1E86940F40040B0F537
:10718000004F51D1286A40F08050B0F1805F59D152
:10719000686A40F00040B0F1004F61D1A86AB0F5D4
:1071A000807F69D174E000BF4CF65F30C0F2000010
:1071B00040F22E31FAF75CFBA86840F40060B0F5AD
:1071C000006FC7D04CF65F30C0F2000040F22F31A4
:1071D000FAF74EFBBEE700BFB0F5C06FC0D04CF66B
:1071E0005F30C0F200004FF44C71FAF741FBB7E793
:1071F0004CF65F30C0F2000040F23131FAF738FB54
:10720000686940F40050B0F5005FB5D04CF65F30CF
:10721000C0F2000040F23231FAF72AFBE86940F48C
:107220000040B0F5004FADD04CF65F30C0F200002A
:1072300040F23331FAF71CFB286A40F08050B0F17D
:10724000805FA5D04CF65F30C0F200004FF44D7166
:10725000FAF70EFB686A40F00040B0F1004F9DD095
:107260004CF65F30C0F2000040F23531FAF700FB17
:10727000A86AB0F5807F0BD0B0F5007F08D04CF63F
:107280005F30C0F2000040F23631FAF7F1FAA86A36
:1072900005F11807D5E904EC98CFA96843EA0E0375
:1072A000A0F500706E6A2A683B43B0FA80F0234371
:1072B00041EA0C014009334311434002C9F80C3044
:1072C000C9F81010C9F8140022B1002001B0BDE8BF
:1072D000F08300BF6868042808D34CF65F30C0F222
:1072E00000004FF45171FAF7C3FA6868C9F8180042
:1072F000E9684846424601B0BDE8F043FFF7ECBB01
:10730000002804BF6FF002007047014600204FF4D0
:107310001652C1E90000C1E90202C1E90400C1E955
:10732000060020314FF000424FF480730DC17047CA
:10733000704700007047000048F2C43147F25930EE
:1073400040F20002C1F6FF710023C0F20000C0F25B
:1073500000020B60F9F73FB8B0B50568044600209D
:10736000206085B1686A002818BF02F04BFC05F167
:107370000C0000F00BF86968284600F083F82846F6
:107380002C2100F0CAF82046B0BD00002DE9F043E2
:1073900081B0D0E901560446AE4237D0A04658F835
:1073A000142F6FF0030C58F8043C1A440CEA5301F4
:1073B00003F007070CEA52036858EB5802F0070283
:1073C00007EB470702EB420200EB870703EB82095A
:1073D0004F451ED00D4408E00C37391A602904BF10
:1073E00055F8040F07464F450CD097F90B10B1F133
:1073F000FF3FF1DCB968386821F0004100F08DF8FA
:107400002868E9E7D4E9015603E000BF04F1140855
:107410002E46701B00210928C8F800100BD300BFAE
:107420002868602100F079F8D4E90106051D701B79
:1074300008286560F4D88008012803D0022803D109
:10744000082000E004202061B54210D055F8040B5C
:10745000602100F062F8B542F8D1D4E90110884209
:1074600005D0091A033121F003010844A060206807
:1074700018B1E168091A00F050F8204601B0BDE8E3
:10748000F0830000002908BF7047B0B50C460968BA
:107490000546FFF7F7FF61682846FFF7F3FFA06A8C
:1074A000416809B1E069884794F91B00B0F1FF3FDA
:1074B00006DD20462C21BDE8B04000F02EB800BF0C
:1074C000A169206921F0004100F027F820462C2115
:1074D000BDE8B04000F021B8804701A000F01FF8DF
:1074E0007465726D696E6174655F68616E646C6508
:1074F0007220756E65787065637465646C7920724E
:10750000657475726E65640048F21000C1F6FF7014
:107510000068FFF7E1FFF8F7B2BFFFF7FCBFF8F72D
:107520004FFF000048F2D410C1F6FF7040680028F9
:1075300014BF4FF0FF31704703F0AEBC82B004F0CF
:107540008DFB01AC019000BF02F0D4F900F096F879
:1075500002F0F4F92046012104F0ECF8F4E7000011
:107560002DE9F04381B0804634201C4617468946F9
:10757000F8F756FF30B348F2B806C1F6FF76054675
:10758000B06A8047306900281CBF4562A8627169F3
:107590000898002908BF7561C5E90250F06A00210A
:1075A000356185F83010EC6269622F84C5E900917D
:1075B000C5E90451A961C5F81C808047A86801B0DD
:1075C000BDE8F083002001B0BDE8F08370B548F25B
:1075D000B806C1F6FF7672780D4604460AB9B06A5D
:1075E0008047ACB1616811B104F11000884770693F
:1075F000844221D03069A56A84422FD0606A6862D3
:1076000085622046F8F73BFF707880B135E000BF17
:10761000746944B1E06A2946F9F7C6F80028E1D058
:10762000646A002CF6D17078002818BF70BDF06A2B
:10763000BDE87040004700BF656A002105F12800E1
:10764000002D08BF06F1100001602046F8F717FF73
:10765000756170780028EAD00FE000BF05F12400C2
:10766000002D08BF06F11400002101602046F8F744
:1076700006FF356170780028D9D070BD2DE9F04340
:1076800081B048F2B805C1F6FF752879012838D1D4
:10769000D5E905464FF00009C5F8189085F8049023
:1076A0007CB3A86A80474FF0010885F8018001E0AB
:1076B000646A14B3D4E9061031448142A161F7D35E
:1076C00094F83020081A012AA06107D0216804F13B
:1076D000080084F83080884784F83090208C002897
:1076E000E6D0013801042084E2D1676A20460021F7
:1076F000FFF76CFF002F3C46DCD1E86A8047002092
:10770000687001B0BDE8F083D0E9001048F2B8021B
:10771000C1F6FF72C2E90A107047000080B548F256
:10772000B801C1F6FF7101F1180C9CE80C1003447C
:1077300002EB000E0122ACEB00000A71C1E906E386
:10774000086280BD80B5012902D9002080BD00BF3C
:1077500048F2080EC1F6FF7E724612F8043FFF2B76
:1077600012D0724612F8053FFF2B11D0724612F864
:10777000063FFF2B10D01EF8072FFF2AE5D14FF050
:10778000030C72460AE000BF4FF0000C06E000BF99
:107790004FF0010C02E000BF4FF0020C107048F2F5
:1077A0005830C1F6FF7060444171B1FA81F1490966
:1077B0004172012080BD000048F25831C1F6FF71CE
:1077C000086148F20800C1F6FF704FF0FF324260D6
:1077D0000022C1E90722A1F803200A701F210170CD
:1077E0007047000048F25830C1F6FF7000787047CB
:1077F00048F2583CC1F6FF7C9CF80030D3B128B168
:107800009CF80420624492F8242002709CF8040042
:1078100021B10CEB000292F828200A700130C1B2AD
:10782000043918BF0146581E8CF804108CF800006B
:1078300009E000BF00281CBFFF22027000291EBF04
:1078400000200870704770472DE9F04F81B048F272
:107850005835C1F6FF752969002900F0738148F297
:10786000080983464FF0000AC1F6FF79002185F828
:1078700001A007E086F820A00131C8B20428697091
:1078800080F0608159FA81F00079FF28F4D02969ED
:107890008847697840B16818027E80F814A0132ADE
:1078A0000CD85A44027617E06818027D80F818A0B8
:1078B000132A09D85A4402750EE000BF427A5AB919
:1078C0000122AA70427207E0427A012A02BF012215
:1078D000AA7080F809A000BF6E1896F805E096F827
:1078E0000980A878F04511D1002871D009EB01007A
:1078F00099F8004090F804C0E70785F802A03DD150
:10790000600750D4E00656D462E000BF002800F0C3
:107910008B80307F85F802A0012840F0B78099F86D
:10792000004086F81CA004F01800082800F0B6807B
:1079300004F01C00082800F0CD80A00715D5EA78D7
:1079400009EB01000079AB180227013283F8287097
:10795000D7B2EA70042F83F8240008BF85F803A08B
:10796000287803289CBF01302870304610F8202F5B
:10797000022A08BF80F800A056E000BFEF7801227D
:10798000E819013780F82820FAB2EF70042A80F84D
:1079900024C008BF85F803A02F78032F9CBF781C54
:1079A00028706007AED50120307705EB4100A0F8C4
:1079B0002CA0E0060CD596F82070012F00F0A480D2
:1079C00037B9012086F8200005EB4100A0F834A06B
:1079D000304610F81C2F012A26D105EB4102978D65
:1079E0005F44BCB2B4F57A7F97851DD399F8002027
:1079F000520716D5EF7809EB010292F804C0EC1992
:107A00000422013784F82820FAB2EF70042A84F89F
:107A100024C008BF85F803A02F78032F9CBF7A1CD1
:107A20002A7080F800A000BF96F8200001287FF49B
:107A300023AF05EB4100828E5A4493B2B3F5967F93
:107A40008286FFF419AF307F00287FF413AFF04532
:107A50003FF410AF99F8000000077FF50BAFEA780C
:107A600009EB01000079AB180827013283F8287070
:107A7000D7B2EA70042F83F8240008BF85F803A06A
:107A8000287803289CBF01302870F3E699F800405D
:107A900004F01C0008287FF450AF1BE0EA7809EBE3
:107AA000010090F804C0AF180820013287F82800C0
:107AB000D0B2EA70042887F824C008BF85F803A074
:107AC000287803289CBF0130287004F01C00082887
:107AD0007FF433AFEA7809EB01000079AF1808238F
:107AE000013287F82830D3B2EA70042B87F82400DB
:107AF00008BF85F803A0287803289CBF01302870B0
:107B0000A0073FF51CAF30E7E87810232A180130B2
:107B1000C4B282F82830E870042C82F824C008BF70
:107B200085F803A0287803289CBF01302870022024
:107B300086F82000304610F81C2F012A3FF44DAF84
:107B400072E700BF01B0BDE8F08F000082B0F9F726
:107B500033F90125466848F2E902C0F20805C0F28F
:107B60000002294600230446B047666848F2FD0239
:107B7000691CC0F2000220460023B047666848F244
:107B80001112A91CC0F2000220460023B04766680B
:107B900048F22512E91CC0F2000220460023B0473B
:107BA00001AD6E1C03E000BF0A20FBF7CDF8FFF724
:107BB00019FE0028F8D028463146FFF719FEA268C2
:107BC000204629469047EFE78CB048F2F828C1F6E6
:107BD000FF78D8F8001071B948F6DC02002708F1E8
:107BE0000403C1F6FF720A201C21009702F068FD11
:107BF0000146C8F80000042000F0D8FCF9F7E2FDC7
:107C00000446F9F7DFFD054646684CF20570C0F200
:107C1000000090F800A048F25117C0F20007284673
:107C200051463A460023CDF80CA0B0474CF2047000
:107C3000C0F2000090F800B06E68284659463A46F7
:107C40000023B0474CF20370C0F200006E68017868
:107C500028463A4600230491B0474CF20270C0F225
:107C600000006E68017828463A4600230291B0472A
:107C70004CF20670C0F2000090F800906E68284642
:107C800049463A460023B04748F245176E68C0F2AD
:107C900000070AF5803128463A460023B0476E684F
:107CA0000BF5803128463A460023B04704986E68A9
:107CB00000F5803128463A460023B047DDF808A099
:107CC0006E680AF5803128463A460023B0476E6850
:107CD00009F5803128463A460023B047039848F218
:107CE00039176E68C0F2000700F5003128463A46A1
:107CF0000023B0476E680BF5003128463A46002352
:107D0000B04704986E6800F5003128463A460023D3
:107D1000B0476E680AF5003128463A460023B0475E
:107D20006E6809F5003128463A460023B04705AD94
:107D3000D8F80000294600F0BBFD0028F8D0A26862
:107D4000204629469047F3E770B586B00820012108
:107D50000126FAF72DFB03AC2046FEF735FA41F277
:107D60000000C0F2002045F2004503904CF24F3075
:107D7000C4F20105059028462146FEF705F928467C
:107D800010210122FEF794F940F20310C0F208001E
:107D9000019040F6B540C0F20000029001A8FBF748
:107DA00011F9BDF8060001B2B1F1FF3F14DD4EF24A
:107DB000001300F01F014209CEF2000306FA01F1A0
:107DC00003EB8206C6F880111844F02680F80063A1
:107DD00043F8221006B070BD01F00F004EF61451AA
:107DE000CEF20001F022425406B070BD70B586B0EC
:107DF0000220012102250126FAF7DAFA0120F9F71B
:107E000023F802AC2046FDF771FF4FF48070ADF807
:107E1000145044F2004502900020C4F20205CDE95E
:107E20000300284601212246FDF760FE0320F9F7F2
:107E300021FD28464FF480210122FDF7CFFE43208B
:107E4000009041F26170C0F2000001906846FBF7BB
:107E5000B9F8BDF8020001B2B1F1FF3F14DD4EF2F6
:107E6000001300F01F014209CEF2000306FA01F1EF
:107E700003EB8206C6F880111844F02680F80063F0
:107E800043F8221006B070BD01F00F004EF61451F9
:107E9000CEF20001F022425406B070BD70B586B03B
:107EA000042001210126FAF783FA03AC2046FEF7ED
:107EB0008BF941F20000C0F2002045F2000503906A
:107EC0004CF24F30C4F20105059028462146FEF7DA
:107ED0005BF8284610210122FEF7EAF840F2001074
:107EE000C0F20100019045F2E940C0F200000290AA
:107EF00001A8FBF767F8BDF8060001B2B1F1FF3F3A
:107F000014DD4EF2001300F01F014209CEF200030F
:107F100006FA01F103EB8206C6F880111844F02638
:107F200080F8006343F8221006B070BD01F00F0026
:107F30004EF61451CEF20001F022425406B070BD4C
:107F400050B1416841B181680020002908BF6FF03D
:107F5000030040B2704700BFFC2040B270470000F1
:107F60004FF47A71484344F6D351C1F26201A0FB49
:107F70000101880901F0C4BE03F070BE80B5FF2086
:107F8000FDF7C8FAF8F7B6FEFFF730FFFFF786FFF8
:107F9000FFF7DAFEFEF7DCF9FEF726F900F036F916
:107FA00000F016F900F0FAF801F09CFA01F048FB35
:107FB00001F054FB01F030FB00F014FAFF20BDE8A3
:107FC0008040FDF7EDBA000080B500F057F90020C1
:107FD00080BD000080B500F079F9002080BD000070
:107FE00080B500F09BF9002080BD000000207047A4
:107FF0000020704700207047002070470020704725
:108000000020704780B598B10146006880B14A6889
:1080100072B1097A4B1E032B02D2002040B280BD00
:1080200031B991B2FEF72AFC002040B280BD00BFFA
:10803000FC2040B280BD00002DE9F04381B0026811
:10804000054688469047B5F80E90B9F1000F3BD031
:108050002B69C9F1000CA9F1010E00210C2704E0E5
:108060000431894507F110072ED0DA1952F80C2C8B
:10807000824203D16A6952F8212062BB8E4523D027
:1080800003EB81067268824204D16A6902EB8102C5
:108090005268EAB90CEB0104A21C15D0B268824206
:1080A00004D16A6902EB810292689AB9E21C0BD092
:1080B000DA598242D4D16A6902EB8102D268002A7D
:1080C000CED0033107E000BF002001B0BDE8F0834F
:1080D000013100E00231A86950F82100414601B0A9
:1080E000BDE8F0431047000080B54CF20570C0F2C7
:1080F00000000078F9F798FB012080BD80B54CF2B4
:108100000470C0F200000078F9F78EFB012080BDFA
:1081100080B54CF20370C0F200000078F9F784FBE0
:10812000012080BD80B54CF20270C0F200000078E2
:10813000F9F77AFB012080BD80B50879FAF774FE63
:10814000012080BD80B50879FAF77CFE012080BD52
:1081500080B50879FAF784FE012080BD10B582B0A1
:1081600068460C46FEF77AF80098BF210170207926
:1081700000994870DDE90001FEF7BEF8012002B069
:1081800010BD000080B54868FEF780F8012080BD72
:1081900080B5FEF783F8012080BD000080B549F26C
:1081A000A940C0F20000FFF707FB01200021FFF704
:1081B000C9FA02200021FFF7C5FA03200021FFF7CA
:1081C000C1FA04200021BDE88040FFF7BBBA0000DF
:1081D00010B586B001AC2046FAF788FD0220802158
:1081E0002246FAF78FFA022040212246FAF78AFA4D
:1081F00003204FF400412246FAF784FA03204FF49B
:1082000080412246FAF77EFA06B010BD10B586B05E
:1082100001AC2046FAF76AFD0220ADF80600012005
:108220004FF400512246FAF76DFA01204FF4004155
:108230002246FAF767FA03204FF400712246FAF754
:1082400061FA03204FF480612246FAF75BFA0120BD
:108250004FF40051FAF7ECFB01204FF40041FAF71C
:10826000E7FB03204FF40071FAF7E2FB03204FF421
:108270008061FAF7DDFB06B010BD000010B50446C2
:10828000C00713D1A00718D4600704D503204FF40A
:108290000071FAF739FD200758BF10BD03204FF4D5
:1082A0008061BDE81040FAF72FBD00BF01204FF4F8
:1082B0000051FAF729FDA007E6D501204FF400414F
:1082C000FAF722FD6007E6D5E0E7000010B50446A6
:1082D000C00713D1A00718D4600704D503204FF4BA
:1082E0000071FAF7A5FB200758BF10BD03204FF41B
:1082F0008061BDE81040FAF79BBB00BF01204FF43E
:108300000051FAF795FBA007E6D501204FF4004194
:10831000FAF78EFB6007E6D5E0E7000010B50446EB
:10832000C00713D1A00718D4600704D503204FF469
:108330000071FAF797FC200758BF10BD03204FF4D7
:108340008061BDE81040FAF78DBC00BF01204FF4FA
:108350000051FAF787FCA007E6D501204FF4004151
:10836000FAF780FC6007E6D5E0E7000082B0FAF794
:108370000FFD49F269614FF0000CC0F2000113A338
:108380004FF47A700022CDF800C0FFF7E9F84CF204
:10839000017148F2503CC0F20001C1F6FF7C09783F
:1083A0004CF8040B40F69D400091C0F2000009A17A
:1083B00080220023CDF804C003F03CF9012803D14A
:1083C00001F0ECFEFEE700BFFEE700BF5461736BF7
:1083D000310000004170705461736B4372656174C9
:1083E00065000000B0B548F2CC14C1F6FF742078E7
:1083F00000286CD148F6F475C1F6FF75281D4FF4BE
:108400003F71F8F7A8F94FF0FF3028602861286223
:1084100028632864286528662867C5F88000C5F8A1
:108420009000C5F8A000C5F8B000C5F8C000C5F8B8
:10843000D000C5F8E000C5F8F000C5F80001C5F8A7
:108440001001C5F82001C5F83001C5F84001C5F894
:108450005001C5F86001C5F87001C5F88001C5F884
:108460009001C5F8A001C5F8B001C5F8C001C5F874
:10847000D001C5F8E001C5F8F001C5F80002C5F863
:108480001002C5F82002C5F83002C5F84002C5F850
:108490005002C5F86002C5F87002C5F88002C5F840
:1084A0009002C5F8A002C5F8B002C5F8C0020021CC
:1084B000C5F8D002C5F8E002C5F8F002012085F841
:1084C000DC1285F8EC1285F8FC1261602070012046
:1084D000B0BD0000F0B581B058B1044648F2CC10F0
:1084E000C1F6FF70007820B12578A81F10F1050FA4
:1084F00002D201B0F0BD00BF01F0FCF948F6F477FC
:108500000026C1F6FF7703E01036B6F5407F0DD0A8
:10851000B819017B0029F7D00179A942F4D180680C
:1085200021460022002302F035F9EDE701B0BDE855
:10853000F04001F003BA00002DE9F04381B088B3A8
:10854000044648F2CC10C1F6FF70007850B326788C
:10855000B01F10F1050F25D348F6F4758946EFF3E7
:1085600011884FF0500080F31188BFF36F8FBFF375
:108570004F8F0027C1F6FF7504E000BF1037B7F535
:10858000407F0DD0E819017B0029F7D00179B14275
:10859000F4D1806821464A46002302F031FAEDE723
:1085A00088F3118801B0BDE8F0830000F0B581B018
:1085B0000546013804284FF0FF3600F275810C465D
:1085C000002900F0718148F2CC17C1F6FF773878A6
:1085D000002808BFFFF706FF01F08CF948F6F47099
:1085E000C1F6FF70017B002900F0EE80017F0029B9
:1085F00000F0EC8090F82C10002900F0E98090F851
:108600003C10002900F0E68090F84C10002900F0A2
:10861000E38090F85C10002900F0E08090F86C1086
:10862000002900F0DD8090F87C10002900F0DA804D
:1086300090F88C10002900F0D78090F89C10002949
:1086400000F0D48090F8AC10002900F0D18090F8B0
:10865000BC10002900F0CE8090F8CC10002900F06A
:10866000CB8090F8DC10002900F0C88090F8EC1066
:10867000002900F0C58090F8FC10002900F0C280AD
:1086800090F80C11002900F0BF8090F81C1100290F
:1086900000F0BC8090F82C11002900F0B98090F80F
:1086A0003C11002900F0B68090F84C11002900F030
:1086B000B38090F85C11002900F0B08090F86C1144
:1086C000002900F0AD8090F87C11002900F0AA800C
:1086D00090F88C11002900F0A78090F89C110029D7
:1086E00000F0A48090F8AC11002900F0A18090F86F
:1086F000BC11002900F09E8090F8CC11002900F0F8
:108700009B8090F8DC11002900F0988090F8EC1123
:10871000002900F0958090F8FC11002900F092806B
:1087200090F80C12002900F08F8090F81C1200299C
:1087300000F08C8090F82C12002900F0898090F8CD
:108740003C12002900F0868090F84C12002900F0BD
:10875000838090F85C12002900F0808090F86C1201
:10876000002900F07D8090F87C12002900F07A80CA
:1087700090F88C12002900F0778090F89C12002964
:1087800000F0748090F8AC12002900F0718090F82D
:10879000BC12002900F06E8090F8CC12002900F085
:1087A0006B8090F8DC12002900F0688090F8EC12E1
:1087B000002900F0658090F8FC12002900F062802A
:1087C0004FF0FF366EE000BF00215CE001215AE06F
:1087D000022158E0032156E0042154E0052152E033
:1087E000062150E007214EE008214CE009214AE033
:1087F0000A2148E00B2146E00C2144E00D2142E033
:108800000E2140E00F213EE010213CE011213AE032
:10881000122138E0132136E0142134E0152132E032
:10882000162130E017212EE018212CE019212AE032
:108830001A2128E01B2126E01C2124E01D2122E032
:108840001E2120E01F211EE020211CE021211AE032
:10885000222118E0232116E0242114E0252112E032
:10886000262110E027210EE028210CE029210AE032
:108870002A2108E02B2106E02C2104E02D2102E032
:108880002E2100E02F217E6800EB01120901731CEC
:10889000B6F1FF3FB8BF0023465001207B60157141
:1088A0009460107301F04AF8304601B0F0BD00004A
:1088B00080B5024600294FF0000018BF002A01D100
:1088C00080BD00BF48F2CC13C1F6FF731B78002BAC
:1088D00008BF80BD10464FF0FF3202F00BFA01389E
:1088E000B0FA80F0400980BD2DE9F04148F2F00671
:1088F00048F66477C1F6FF76C1F6FF770D46D6F8E5
:10890000188039680446081D00F066FF10B1601C2D
:108910000BD023E038680121C06A326801FA00F008
:1089200022EA00003060601C18D1BDB13868396897
:108930003A683B68D7F800C056F8545F7468CCF8C2
:108940001460A7688460CF60A068111D4160181D85
:10895000A060681C3060BDE8F08100BF386814EB8F
:108960000804446006D3306A39680431BDE8F04138
:1089700000F076BFF0693968043100F071FFF06AE9
:10898000844238BFF462BDE8F08100002DE9F04375
:1089900081B0044600F0AEFF48F2F006C1F6FF7663
:1089A000F06848F664790130F060C1F6FF79D9F8D3
:1089B000000048F66875C1F6FF7558B130690028A7
:1089C00043D1D9F80000E16AC06A884298BFC9F86B
:1089D00000403AE0C9F80040F068012835D1284647
:1089E00000F02EFF05F1140000F02AFF05F1280029
:1089F00000F026FF05F13C0000F022FF05F15000D9
:108A000000F01EFF05F1640000F01AFF05F1780088
:108A100000F016FF48F29438C1F6FF78404600F0A7
:108A20000FFF08F11407384600F00AFF06F168004E
:108A300000F006FF06F1400000F002FF06F15400CE
:108A400000F0FEFEC6F81C803762306871680122B3
:108A500001317160A164E16A271D8A4010433060D2
:108A600001EB810005EB80014A6861619368A260B7
:108A7000E360936897605F6055F82010013145F816
:108A8000201000F05BFF306980B1D9F80000E16A86
:108A9000C06A88420AD24EF60450CEF200004FF06F
:108AA00080510160BFF34F8FBFF36F8F01B0BDE8FE
:108AB000F083000048F2F00548F668764EF6045858
:108AC000C1F6FF75C1F6FF76CEF200084FF0805771
:108AD00003E000BF204600F049FFA868D0B100F0D5
:108AE00009FFE86CC468201D00F076FEE8680138D4
:108AF000E860A8680138A86000F020FF94F86100E1
:108B00000228EAD00128E5D070B9206B00F02EFFD2
:108B1000E0E700BF30680228DFD3C8F80070BFF379
:108B20004F8FBFF36F8FD8E74FF0500080F311885D
:108B3000BFF36F8FBFF34F8FFEE700002DE9F043C7
:108B400081B00A9C8146206B16460F46089D910015
:108B5000A5229846F7F74CFC206B002F00EB86000F
:108B6000A0F1040020F00706666454D0387884F839
:108B70003400387800284BD0787884F8350078783D
:108B8000002845D0B87884F83600B87800283FD05F
:108B9000F87884F83700F878D0B3387984F838005A
:108BA0003879A8B3787984F83900787980B3B879BE
:108BB00084F83A00B87958B3F87984F83B00F8792A
:108BC00030B3387A84F83C00387A08B3787A84F87D
:108BD0003D00787AE0B1B87A84F83E00B87AB8B14E
:108BE000F87A84F83F00F87A90B1387B84F8400036
:108BF000387B68B1787B84F84100787B40B1B87BE2
:108C000084F84200B87B00281CBFF87B84F843003E
:108C1000002084F84300072D0AD34FF0500080F362
:108C20001188BFF36F8FBFF34F8F00BFFEE700BF08
:108C3000099F201DE562256500F00EFE04F1180075
:108C400000F00AFEC5F10700A061304649464246E1
:108C50002461646200F014FC002F206018BF3C60A7
:108C600001B0BDE8F08300002DE9F04182B0846CD2
:108C70000190ECB1A16BE06B814223D2A16B8142E8
:108C80002AD294F94570D4F83880226CFEB24AB3E7
:108C9000606801A9F7F7F8FC216CD4E9010200250E
:108CA00008446060904224BF2068606022E000BFFA
:108CB0004FF0500080F31188BFF36F8FBFF34F8FD9
:108CC000FEE700BF4FF0500080F31188BFF36F8FB5
:108CD000BFF34F8FFEE700BF0025284602B0BDE876
:108CE000F08100BF2068002520B9A06803F080F85B
:108CF000A560054608F10100FF2EA06310D000F02A
:108D00007DFDB842E9D97F2E18D14FF0500080F395
:108D10001188BFF36F8FBFF34F8F00BFFEE700BF17
:108D200054F8240F0028D8D0204603F027F9002853
:108D300018BF0125284602B0BDE8F081701C84F8F8
:108D40004500284602B0BDE8F081000008480068F0
:108D5000006880F308884FF0000080F3148862B642
:108D600061B6BFF34F8FBFF36F8F00DF00BF00000E
:108D700008ED00E081B00020009048F25400C1F6F8
:108D8000FF7000684FF0500181F31188BFF36F8FBF
:108D9000BFF34F8F013007D0FEE700BF009830B916
:108DA000009820B9009810B900980028F6D001B0BA
:108DB0007047000084B048F26C19C1F6FF79E846AC
:108DC000D9F8080006681EB1C068D0F800A001E01C
:108DD0004FF0000A01F01EFB02F040FFD9F810101E
:108DE000834688421FD3002EC9F810B060D0DA4500
:108DF0005ED803F037F9D9F80800C068C668371D97
:108E0000384600F0E9FC96F82800410738D400F015
:108E1000FE0086F8280071E000F0FE0086F82800C9
:108E2000316A30468847D9F808000168B1B3C06894
:108E3000C6680568371D384600F0CEFC96F8280055
:108E40004107E9D5B069441974604019366108D208
:108E5000316A30468847B06921180444746036612D
:108E6000F6D3D9F80C00394600F0FAFCD8E700BF79
:108E7000ABEB0A0181423BD3316A30468847A246B8
:108E8000B069366100EB0A045C457460F0D9D345E3
:108E900009F108002ED25445EED22BE0D9F80C107F
:108EA000C9F810B0C9E9021003F0DCF832E000BFE5
:108EB00016B1002206E000BFD9F80C000068B0FA35
:108EC00080F04209D9F80000AAEB0B0100F0EEFE99
:108ED00003F0C8F8F0B94EF60450CEF200004FF09F
:108EE00080510160BFF34F8FBFF36F8F12E000BF5F
:108EF00009F10C000068394600F0B2FC316A3046D6
:108F0000884707E001F0FE008BF82800DBF820100E
:108F100058468847D9F800004146002201F0EAFE91
:108F200000283FF44DAF0098B0F1FF3F06DCDDE9CB
:108F300001200399904700980028EBD4DDF808B091
:108F4000DBF8140018B10BF1040000F045FC02F04E
:108F500085FED9F810108246884208D330E000BF61
:108F600000F0FE0087F82800396A38468847D9F8AB
:108F70000800016801B3C068C76805683C1D204649
:108F800000F02AFC97F828004107E9D5B86946198E
:108F90007E6040193F6108D2396A38468847B8690F
:108FA000311806447E603F61F6D3D9F80C002146A3
:108FB00000F056FCD8E700BFD9F80C10C9E9021040
:108FC0000098C9F810A001380828A3D8DFE800F0FD
:108FD00006061E226A06061E220000BF019ADBF862
:108FE00018009BF8281086185F4641F0010347F8E7
:108FF000046F56458BF82830CBF810B026D992452F
:1090000009F1080328D296422CD225E09BF82800CB
:1090100050E000BF9BF8280040F0010101988BF858
:1090200028100028CBF8180052D05044594609F1B6
:109030000C0241F8040FCBF810B0504588BF09F17D
:109040000802106800F00CFC64E700BFAAEB020203
:10905000824207D209F10C031868394600F000FC7F
:1090600058E700BF4A077FF54DAF019901440AE078
:10907000AAEB0101814223D3DBF820105846884730
:10908000DBF8180021460C185445CBF80440CBF807
:1090900010B0EDD98A4509F1080013D28C42EBD209
:1090A00010E000BF9BF82800810703D4584600F069
:1090B0005DFC2FE700F0FE008BF828002AE700BFD8
:1090C00009F10C000068394600F0CAFB1EE700BF3A
:1090D0004FF0500080F31188BFF36F8FBFF34F8FB5
:1090E000FEE70000F0B581B0044600F003FC94F9FF
:1090F0004560012E18DB04F1240503E0F0B2013EC7
:10910000012811D9A06C28B12046FFF7ADFD40B968
:10911000F4E700BF286838B1284602F02FFF002886
:10912000ECD000F0DBFEE9E7FF2684F8456000F0B4
:1091300005FC00F0DFFB94F94470012F0FDB04F114
:10914000100500BF286850B1284602F017FF00281C
:1091500018BF00F0C3FEF8B2013F0128F2D884F82E
:10916000446001B0BDE8F04000F0E8BB2DE9F04FED
:1091700081B00546D0F804B0007F1446C007894688
:109180001AD19C4228BF1C46002C00F08480A8689D
:109190002746A0EB0B06A64238BF374607EB0B016C
:1091A000814229D94FF0500080F31188BFF36F8FAF
:1091B000BFF34F8FFEE700BF0A980094834205D2A9
:1091C0000024204601B0BDE8F08F00BFA868A0EBE6
:1091D0000B0A5746BAF1040F28BF042707EB0B010F
:1091E00081421FD94FF0500080F31188BFF36F8F79
:1091F000BFF34F8FFEE700BFA869494658443A467F
:10920000F7F742FAA6422CD2A868E21B824223D981
:109210004FF0500080F31188BFF36F8FBFF34F8F73
:10922000FEE700BFA869E846584441463A46F7F7CA
:109230002BFABAF1030F24D8A868C7F104028242BE
:109240001AD94FF0500080F31188BFF36F8FBFF32E
:109250004F8F00BFFEE700BFA86909EB0701F7F7D2
:1092600013FAA8680BEB0401081A38BF08466860B7
:10927000204601B0BDE8F08FA86908EB0701F7F7B9
:1092800003FAA8680BF10401B1EB000B38BF8B4661
:10929000002C7FF47CAF0024204601B0BDE8F08FA5
:1092A00070B5044601F0B6F848F2A813C1F6FF7392
:1092B000186808B124BB29E049F20C40C1F6FF70E0
:1092C000C21D22F0070210F00701A0EB020618BF32
:1092D000104600224FF47055C3E90502002918BF5B
:1092E00006F57055411921F00701A1F108061E602D
:1092F00041E90222311AC0E90061C3E901112CB130
:1093000004F00700A0F11101A14211D2002402F0E3
:10931000A9FE60070AD04FF0500080F31188BFF318
:109320006F8FBFF34F8F00BFFEE700BF204670BDB9
:10933000201A00F11002012A4FF00004E7DB586800
:109340008242E4D81E4656F814EFDEF804409442F8
:109350002BD2DEF80010B9B170464C68944217D297
:109360000D68ADB16C68944216D22E68A6B17468CF
:10937000944215D2306898B14468944214D201687E
:1093800086460029E9D110E003F114060DE000BF84
:109390008E46064609E000BFAE460E4605E000BF19
:1093A000B6462E4601E000BF864618688645ADD019
:1093B000D6F800C0DEF80010A01A112831603CD3A6
:1093C0000EEB0204610709D04FF0500080F31188C2
:1093D000BFF36F8FBFF34F8FFEE700BF606003F1F5
:1093E0001400CEF804200168A1420BD20868A04204
:1093F0000CD20168A14205D208680A46A042F2D305
:1094000005E000BF0246084601E000BF0A46556875
:1094100061685619A64202D1294414465160651864
:10942000854206D11D68A84203D0D0E90005294431
:109430006160A242206018BF1460DEF80400D3E926
:1094400001120CF10804091A40F0004091425960E1
:1094500038BF9960CEF80400D86800210130CEF8FA
:109460000010D86053E7000048F66470C1F6FF7042
:10947000016819B101684A6D01324A650068704798
:10948000034648F67550C0F200004FF0807C21F092
:10949000010103E903106FF0020043F8240CA3F16B
:1094A000440043F8202C70470138032884BF05206E
:1094B0007047DFE800F00313070D00BF0220802192
:1094C000F9F796BA03204FF40041F9F791BA00BFBB
:1094D00003204FF48041F9F78BBA00BF02204021EE
:1094E000F9F786BAB0B586B0012001F0AFF848F2BE
:1094F000D415C1F6FF75686048F2CC30C1F6FF7034
:109500000621CDE9001047F23D5005F10804C0F2F4
:1095100000000BA180220023029402F0BBF8286017
:1095200000F0C2FE4CF2F860C0F20000D0E9000189
:10953000CDE9040104A8FEF7E7F806B0B0BD00BF0E
:10954000426561745461736B48616E646C6572004E
:109550002DE9F047B0F80EE0BEF1000F28D0D0F8AA
:1095600010A0CEF10008AEF101094FF0000C0C275D
:109570000AEB070454F80C4C8C4237D0E14517D065
:109580000AEB8C056E688E4226D008EB0C06B41CE4
:109590000ED0AC688C4223D0F41C09D05AF8074096
:1095A0008C4221D00CF1040CE64507F11007DFD105
:1095B0008789BE4528BFBDE8F087D0E9046747F832
:1095C0002E20826946F82E100EF1010142F82E304D
:1095D000C181BDE8F08700BF0CF1010C06E000BFBF
:1095E0000CF1020C02E000BF0CF1030C416941F8E0
:1095F0002C20806940F82C30BDE8F08748F2D41068
:10960000C1F6FF704068002808BF704700210022A3
:10961000002301F0BFB8000080B545F20040C4F25D
:109620000100FCF7B7FD48F2D410C1F6FF700068E6
:10963000002808BF80BDBDE8804000F035BD0000B7
:1096400080B544F20040C4F202000121FCF7FEFAAA
:109650000120BDE88040F8F70DB9000045F2000098
:10966000C4F20100FCF796BD7047000010B584B04D
:109670004CF20070C0F2000004784DF22C404DF224
:109680002C01C1F6FF70C1F6FF71CDE9011049F25E
:109690004570C0F2000020A14FF4807200230094B6
:1096A00001F0F8FF4DF22801C1F6FF71086048F69D
:1096B000000048F20061C1F6FF70C1F6FF71CDE90C
:1096C000011047F64D30C0F2000016A180220023A1
:1096D000009401F0DFFF48F2FC51C1F6FF71086011
:1096E00048F6F810C1F6FF7048F6F83CCDE90040A6
:1096F00047F6C930C1F6FF7CC0F200000CA1802201
:109700000023CDF808C001F0C5FF48F6F411C1F6FA
:10971000FF71086004B010BD5553415254312054BC
:1097200061736B00427574746F6E205461736B00CB
:10973000436F6D6D6F6E20436F6E74726F6C20544B
:1097400061736B0088B048F2A026C1F6FF763068DE
:1097500058B949F2F4220025331DC1F6FF720A20E0
:109760001C21009500F0ACFF3060FBF75FFF4568FF
:1097700048F29112C0F20002012100230446A847DA
:10978000656848F25D12C0F2000220460221002303
:10979000A847656848F28512C0F2000220460521FC
:1097A0000023A84731680120FEF700FF316802203E
:1097B000FEF7FCFE31680520FEF7F8FE01AD00BFA4
:1097C00030682946FFF774F80028F9D0A2682046CF
:1097D00029469047F4E70000D0E9013201699A6018
:1097E000D1F804C082688445536008BF4A600022F3
:1097F00002610868013808600868704748F2F000A4
:10980000C1F6FF70C06870474DF63803C1F6FF73AC
:1098100003604DF23860C1F6FF7008608020106070
:10982000704700004DF69C43C1F6FF7303604DF690
:109830009C00C1F6FF7008604FF4807010607047A4
:109840004FF0FF31024642F8081F00214260C0E994
:109850000322016070470000002101617047000091
:1098600010B5D1F800E01EF1010213D000F1080498
:1098700062681368734511D853681C68744511D821
:109880005A68146874450FD854682368A446734511
:10989000EED90BE00269D2F804C007E094462246F4
:1098A00004E000BF9C4601E094461A46C1F804C09B
:1098B000CCF808108A6051600861016801310160CC
:1098C00010BD0000D0F800C0436808619A684B6082
:1098D0008A609A68996051600CF1010101607047DB
:1098E000DFF80C00016841F470010160704700006E
:1098F00088ED00E04FF0500080F31188BFF36F8FC8
:10990000BFF34F8F48F25400C1F6FF7001684A1C44
:10991000026009B1704700BF4EF60450CEF200005D
:109920000068000608BF70474FF0500080F31188B0
:10993000BFF36F8FBFF34F8FFEE7000048F2540074
:10994000C1F6FF70016839B10139016018BF704775
:10995000002080F3118870474FF0500080F3118889
:10996000BFF36F8FBFF34F8FFEE70000B0B5002845
:1099700008BFB0BD044650F8040C00280AD44FF0CC
:10998000500080F31188BFF36F8FBFF34F8F00BF7C
:10999000FEE700BFA4F10805296849B14FF0500067
:1099A00080F31188BFF36F8FBFF34F8FFEE700BFC7
:1099B00020F0004044F8040C00F02CFD48F2A81CF4
:1099C000C1F6FF7C54F8042CDCF804101144CCF8E8
:1099D00004100CF1140100BF0B68AB420AD21968E5
:1099E000A94229D20B68AB4204D219681C46A9428D
:1099F000F2D301E00C4619466368E018A84202D190
:109A00001A4425466260A818884207D1DCF8000095
:109A1000814203D0D1E9001010446860AC42296053
:109A200018BF2560DCF810000130CCF81000BDE84C
:109A3000B04002F017BB00BF1C466368E018A842A4
:109A4000E1D1DDE74EF21000CEF20000002101600E
:109A5000816048F20401C1F6FF71096844F6D352EF
:109A6000C1F26202A1FB02124FF0FF3101EB921131
:109A7000416007210160704748F2C410EFF305818F
:109A80001029C1F6FF7011D34EF2F032CEF200026F
:109A9000895C0278914209D24FF0500080F311881E
:109AA000BFF36F8FBFF34F8FFEE700BF4EF60C5131
:109AB000CEF200010968406801F4E061814298BF7C
:109AC00070474FF0500080F31188BFF36F8FBFF3E2
:109AD0004F8F00BFFEE70000B0B5002868D0002916
:109AE00008BFB0BD4DF60052C1F6FF725368834205
:109AF00068D0D368834267D05369834268D0D36902
:109B0000834269D0536A83426AD0D36A83426BD05E
:109B1000536B83426CD0D36B83426DD0154655F89E
:109B2000084FD2F800E0002C14464FF0000C18BF8C
:109B30006546BEF1000F54F810EF134608BF1546F6
:109B4000BEF1000F18BF644653F818EF002D18BF80
:109B50002C461546BEF1000F18BF634655F820EF9E
:109B6000002C18BF23461446BEF1000F18BF6546EF
:109B700054F828EF002B18BF1D461346BEF1000F06
:109B800018BF644653F830EF002D18BF2C46BEF1C5
:109B9000000F18BF6346002C18BF234673BB52F852
:109BA000383F002B134608BFC3E9001028E000BF70
:109BB0004FF0500080F31188BFF36F8FBFF34F8FCA
:109BC000FEE700BF134619E002F1080316E000BFEC
:109BD00002F1100312E000BF02F118030EE000BF13
:109BE00002F120030AE000BF02F1280306E000BFF3
:109BF00002F1300302E000BF02F13803C3E90010B4
:109C0000B0BD000080B34DF60051C1F6FF710B46A8
:109C100053F8042F4FF0000C82422FD00B4653F81C
:109C20000C2F82422CD00B4653F8142F824229D09D
:109C30000B4653F81C2F824226D00B4653F8242F94
:109C4000824223D00B4653F82C2F824220D00B4661
:109C500053F8342F82421DD00B4653F83C2F8242DA
:109C60001DD1072217E000BF4FF0500080F311888C
:109C7000BFF36F8FBFF34F8FFEE700BF00220AE0F4
:109C8000012208E0022206E0032204E0042202E0AE
:109C9000052200E0062241F832C0C3F800C090F867
:109CA0004610002918BF7047FFF760BE70B5154613
:109CB0000E460446FFF71EFE94F84400FF2804BF3A
:109CC000002084F8440094F84500FF2804BF0020D9
:109CD00084F84500FFF732FEA06B28B12046BDE8AE
:109CE0007040FFF7FFB900BF04F1240031462A4657
:109CF00000F018F92046BDE87040FFF7F3B9000006
:109D0000F0B581B0002847D048F2F005C1F6FF75E4
:109D10000446686950B14FF0500080F31188BFF3DA
:109D20006F8FBFF34F8F00BFFEE700BF686948F633
:109D3000647601306861C1F6FF76AF69306804303F
:109D4000FFF74AFD60B13068E419446015D3286A12
:109D500031680431FFF784FD02F084F9C8B91BE0D3
:109D600030680121C06A2A6801FA00F022EA000086
:109D700028603068E4194460E9D2E8693168043148
:109D8000FFF76EFDE86A844238BFEC6202F06AF9C0
:109D900010B101B0F0BD00BF4EF60450CEF200008D
:109DA0004FF080510160BFF34F8FBFF36F8F01B051
:109DB000F0BD0000F0B581B00446FFF79BFD48F60A
:109DC0006476002CC1F6FF7608BF3468251D28464E
:109DD000FFF702FD48F2F007C1F6FF7780B9E06AAD
:109DE00048F6687200EB8001C1F6FF7252F821104C
:109DF00031B901213A6801FA00F022EA0000386026
:109E0000A06A18B104F11800FFF7E6FC7868013089
:109E100078603068844209D0F8680138F860F869E1
:109E2000006888B1F869C06800680FE007F1400079
:109E30002946FFF747FDB8680130B860FFF77EFD9F
:109E40003068844208D114E04FF0FF30F862FFF729
:109E500075FD306884420CD094F86100022808D067
:109E6000012803D0C0B9206BFFF780FD2046FFF723
:109E70007DFD386910B13068844201D001B0F0BD79
:109E8000786998B14FF0500080F31188BFF36F8F5D
:109E9000BFF34F8FFEE700BF4FF0500080F31188F3
:109EA000BFF36F8FBFF34F8FFEE700BF4EF6045036
:109EB000CEF200004FF080510160BFF34F8FBFF32F
:109EC0006F8F01B0F0BD000048F2F001C1F6FF71E4
:109ED0004A6B0260896941607047000048F2F000F7
:109EE000C1F6FF70012141627047000010B578B1E2
:109EF0000C4648F66471C1F6FF7109681831FFF726
:109F0000AFFC20460121BDE81040FEF7EDBC00BFCC
:109F10004FF0500080F31188BFF36F8FBFF34F8F66
:109F2000FEE70000F0B581B010B348F66475C1F6E5
:109F3000FF750C4641682B68D9618B682F683B62BE
:109F40002B688F6803F118037B602B6803F11803FB
:109F50008B6029688862016801F1010101608AB1A2
:109F60004FF0FF30114601B0BDE8F040FEF7BCBC39
:109F70004FF0500080F31188BFF36F8FBFF34F8F06
:109F8000FEE700BF48F2F006C1F6FF76B769286821
:109F90000430FFF721FC58B12868E419446014D359
:109FA000306A2968043101B0BDE8F040FFF758BCC1
:109FB00028680121C06A326801FA00F022EA000034
:109FC00030602868E4194460EAD2F06929680431F5
:109FD000FFF746FCF06A844238BFF46201B0F0BD7E
:109FE00070B500284BD0426D0446002A48D0236D3E
:109FF000E06A8B4288BF1946884240D0012A3ED190
:10A0000048F66472C1F6FF721268A24242D0A26999
:10A01000E162002A5CBFC1F10701A16148F66876E0
:10A02000616900EB8000C1F6FF7606EB800081429B
:10A0300018BF70BD251D2846FFF7CEFBE16A01223F
:10A04000002848F2F00002FA01F2C1F6FF7002D1D6
:10A0500003689343036003681A43026001EB8100C5
:10A0600006EB80014A6861619368A260E3609368CF
:10A0700095605D6056F82010013146F8201070BDE3
:10A080004FF0500080F31188BFF36F8FBFF34F8FF5
:10A09000FEE700BF4FF0500080F31188BFF36F8FD1
:10A0A000BFF34F8FFEE70000F0B581B0C0B148F6B6
:10A0B0006476C1F6FF7604463068A0421AD0FFF7F6
:10A0C00019FC48F2F0076069C1F6FF7707F1540107
:10A0D000884211D001B0BDE8F040FFF72FBC00BFAF
:10A0E0004FF0500080F31188BFF36F8FBFF34F8F95
:10A0F000FEE700BF01B0F0BDA06A0028EAD1251D2F
:10A100002846FFF769FBE06A01213A688140114364
:10A1100048F6687C396000EB8001C1F6FF7C0CEBEF
:10A1200081035F686361BA68A760E260BA68BD6076
:10A1300055605CF8212001324CF821203168C96A51
:10A140008842C7D34EF60450CEF200004FF0805143
:10A150000160BFF34F8FBFF36F8F01B0BDE8F040D8
:10A16000FFF7ECBB10B578B10446FFF7C3FB48F22C
:10A17000F000C1F6FF70416B216080696060BDE84E
:10A180001040FFF7DBBB00BF4FF0500080F3118899
:10A19000BFF36F8FBFF34F8FFEE7000070B588B03D
:10A1A0000020CDE9050006A805A904AAFFF72CFBAD
:10A1B000059E002E4CD0069C002C53D06420049D9C
:10A1C00007900798642857D1079820466421F6F72E
:10A1D000A0FA022084F8610007A800212663CDE9D7
:10A1E000001048F6B520C0F200002DA12A46002339
:10A1F0000294FEF7A3FC2046FEF7C8FB079848F23E
:10A20000F004C1F6FF74A062D8B101F0CFFF411C89
:10A210003CD0012815D14FF0500080F31188BFF3D6
:10A220006F8FBFF34F8F4FF0FF30E062012048F295
:10A23000BC3120610020C1F6FF71A061086000F010
:10A2400043F94CF6D030C0F20000006808B070BD91
:10A250004FF0500080F31188BFF36F8FBFF34F8F23
:10A26000FEE700BF4FF0500080F31188BFF36F8FFF
:10A27000BFF34F8FFEE700BF4FF0500080F311880F
:10A28000BFF36F8FBFF34F8FFEE700BF4FF050005B
:10A2900080F31188BFF36F8FBFF34F8FFEE700BFCE
:10A2A00049444C4500000000F0B581B00446FFF77A
:10A2B00021FB48F66476002CC1F6FF7608BF3468AF
:10A2C000251D2846FFF788FA48F2F007C1F6FF7708
:10A2D00080B9E06A48F6687200EB8001C1F6FF724F
:10A2E00052F8211031B901213A6801FA00F022EA4E
:10A2F00000003860A06A18B104F11800FFF76CFA8A
:10A3000007F154002946FFF7DDFA94F860000128B0
:10A3100004BF002084F86000FFF710FB386970B1BB
:10A32000FFF7E8FAF869006820B1F869C0680068CA
:10A3300002E000BF4FF0FF30F862FFF7FFFA30682D
:10A34000844201D001B0F0BD386958B1786988B154
:10A350004FF0500080F31188BFF36F8FBFF34F8F22
:10A36000FEE700BF786DF968884211D100203060A7
:10A3700001B0F0BD4EF60450CEF200004FF0805117
:10A380000160BFF34F8FBFF36F8F01B0F0BD00BF0F
:10A39000786918B10120786201B0F0BD00207862C0
:10A3A00048F2BC30C1F6FF700068B863B96BF86B57
:10A3B000814205D9B96B3268081A936D18449065CB
:10A3C000B86B48F66871F8633868B0FA80F0C0B2CC
:10A3D000C0F11F0000EB8000C1F6FF7151F8202092
:10A3E00072B101EB800151F8040F40680A1D9042E0
:10A3F000086001D140680860C068306001B0F0BDFD
:10A400004FF0500080F31188BFF36F8FBFF34F8F71
:10A41000FEE7000048F2F000C1F6FF70416901312B
:10A420004161704780B548F2F001C1F6FF7148699B
:10A4300010B10120486280BD0020486248F2BC3063
:10A44000C1F6FF70006848F6647C8863886BCA6B4D
:10A45000C1F6FF7C904208D9D1F838E0DCF8000062
:10A46000AEEB0202836D1A448265886B48F668720F
:10A47000C8630868B0FA80F0C0B2C0F11F0000EBFA
:10A480008001C1F6FF7252F8210068B102EB81022F
:10A4900052F8040F4168101D814211600ED0C86847
:10A4A000CCF8000080BD00BF4FF0500080F3118851
:10A4B000BFF36F8FBFF34F8FFEE700BF4968116096
:10A4C000C868CCF8000080BDB0B584B04EF2004C36
:10A4D000CEF2000C4CF27021C4F20F11DCF800290E
:10A4E0004B1C9A420AD14FF0500080F31188BFF301
:10A4F0006F8FBFF34F8F00BFFEE700BFDCF800296E
:10A500008A4209D14FF0500080F31188BFF36F8F5A
:10A51000BFF34F8FFEE700BF9CF800100291FF21B0
:10A520008CF800109CF800108DF807109DF80710AB
:10A5300001F0500248F2C411C1F6FF710A700722FF
:10A540004A609DF90720B2F1FF3F69DC032200BF9A
:10A55000D31C4B609DF8070040008DF807009DF963
:10A560000700B0F1FF3F23DC931C4B609DF8070010
:10A5700040008DF807009DF90700B0F1FF3F17DCA0
:10A58000531C4B609DF8070040008DF807009DF9B3
:10A590000700B0F1FF3F0BDC4A609DF80700043A6A
:10A5A00040008DF807009DF907000028D0D4131D46
:10A5B000032B35D14FF44070486002988CF80000AE
:10A5C000DCF8200940F47000CCF82009DCF8200900
:10A5D00040F07040CCF82009FFF734FA48F25404F8
:10A5E000C1F6FF7400252560FFF77AF94EF6347046
:10A5F000CEF20000016841F040410160FEF7A6FB89
:10A60000FFF710FF039520684FF0500181F3118888
:10A61000BFF36F8FBFF34F8F013011D0FEE700BF44
:10A620004FF0500080F31188BFF36F8FBFF34F8F4F
:10A63000FEE700BF039830B9039820B9039810B91A
:10A6400003980028F6D0002004B0B0BD70B50546D0
:10A650005420FEF725FE044678B30026012084F836
:10A6600046602460C4E90F06FFF744F92068D4E986
:10A670000F12A66302FB0103013901FB0201C4E9C9
:10A680000103FF20E16084F8440084F8450004F1F0
:10A690001000FFF7D5F804F12400FFF7D1F8FFF719
:10A6A0004DF9204600210022002384F85050A66472
:10A6B0002660C4E9026600F06DF8204670BD000017
:10A6C00070B582B083B120B11C4601B90AB9A9B1F5
:10A6D000A2B94FF0500080F31188BFF36F8FBFF322
:10A6E0004F8F00BFFEE700BF4FF0500080F311888E
:10A6F000BFF36F8FBFF34F8FFEE700BF542301936B
:10A70000019B542B16D1A0FB0135019B012300298D
:10A7100084F8463008BF22462260E06321649DB180
:10A720004FF0500080F31188BFF36F8FBFF34F8F4E
:10A73000FEE700BF4FF0500080F31188BFF36F8F2A
:10A74000BFF34F8FFEE700BF069DFFF7D3F82068E9
:10A75000D4E90F12002602FB0103013901FB0201BB
:10A76000A663C4E90103FF20E16084F8440084F893
:10A77000450004F11000FFF763F804F12400FFF72F
:10A780005FF8FFF7DBF884F850502046A66402B06B
:10A7900070BD00002DE9F04F83B00292C0B11D469C
:10A7A00017460E460446E9B1022D03D1E06B01289D
:10A7B00040F0888001F042FA10BB0FB34FF0500018
:10A7C00080F31188BFF36F8FBFF34F8FFEE700BF99
:10A7D0004FF0500080F31188BFF36F8FBFF34F8F9E
:10A7E000FEE700BF206C0028DED04FF0500080F361
:10A7F0001188BFF36F8FBFF34F8F00BFFEE700BF1D
:10A80000FFF778F8A06B022D66D0E16B884263D326
:10A8100004F1100801206F460DF108090DE000BF9A
:10A820002046FEF75FFC01F01DFCFFF763F8A06B0C
:10A83000E16B88424FF000004ED30299002975D099
:10A84000C00702D03846FFF73FFBFFF777F8FFF766
:10A85000E1FDFFF74FF894F84400FF2804BF002003
:10A8600084F8440094F84500FF2804BF002084F8D1
:10A870004500FFF763F83846494600F087FE002898
:10A880005AD1FFF737F8D4F838A0D4F83CB0FFF726
:10A8900055F8DA45C4D102994046FFF727FB204618
:10A8A000FEF720FC01F0DEFB0028BED14EF604507E
:10A8B000CEF200004FF080510160BFF34F8FBFF325
:10A8C0006F8FB2E74FF0500080F31188BFF36F8FA6
:10A8D000BFF34F8FFEE700BFD4F83880226CA76B20
:10A8E000D2B19DB3E0683146F5F7CEFEE168206C49
:10A8F0002268091A9142E16003D2A16840420844EB
:10A90000E060A81EB0FA80F040093946002F18BF59
:10A91000012108403F1A26E02068002620BBA068DD
:10A9200001F066FAA66006461EE000BFFFF706F8D3
:10A93000002003B0BDE8F08F2046FEF7D3FB01F006
:10A9400091FB002003B0BDE8F08F00BF6068314686
:10A95000F5F79AFE216CD4E9010208449042606048
:10A9600001D3206860600026781CA063A06CC8B189
:10A97000022D02D1B8F1000F0ED12046FEF774F976
:10A9800050B14EF60450CEF200004FF080510160FD
:10A99000BFF34F8FBFF36F8FFEF7D0FF012003B0DF
:10A9A000BDE8F08F54F8240FB0B1204601F0E6FA6C
:10A9B0000028F1D04EF60450CEF200004FF0805146
:10A9C0000160BFF34F8FBFF36F8FFEF7B7FF01201A
:10A9D00003B0BDE8F08F00BF002EDDD04EF604506E
:10A9E000CEF200004FF080510160BFF34F8FBFF3F4
:10A9F0006F8FFEF7A3FF012003B0BDE8F08F0000CA
:10AA00002DE9F04F81B008B31E46144605460F46A7
:10AA100031B3022E02D1E86B012857D1FFF72CF891
:10AA2000EFF311884FF0500080F31188BFF36F8F60
:10AA3000BFF34F8FA86B022E20D0E96B88421DD345
:10AA4000002088F3118801B0BDE8F08F4FF050006E
:10AA500080F31188BFF36F8FBFF34F8FFEE700BF06
:10AA6000286C0028D5D04FF0500080F31188BFF338
:10AA70006F8FBFF34F8F00BFFEE700BF95F945B062
:10AA8000A86BD5F838902A6C5FFA8BFA00903AB32D
:10AA900076B3E8683946F5F7F7FDE968286C2A6867
:10AAA000091A9142E96003D2A96840420844E8606B
:10AAB000B01EB0FA80F040094946B9F1000F18BF46
:10AAC00001210840A9EB00091FE000BF4FF0500032
:10AAD00080F31188BFF36F8FBFF34F8FFEE700BF86
:10AAE000286890B9A86801F083F90020A8600CE0FC
:10AAF00068683946F5F7C8FD296CD5E901020844B4
:10AB00009042686001D32868686009F10100BAF1D9
:10AB1000FF0FA86310D0FEF771FE584518D9BAF19F
:10AB20007F0F1BD14FF0500080F31188BFF36F8F60
:10AB3000BFF34F8FFEE700BFA86CC8B1022E2DD126
:10AB4000009858B3012088F3118801B0BDE8F08F58
:10AB5000012088F3118801B0BDE8F08F0AF10100EF
:10AB600085F84500012088F3118801B0BDE8F08F19
:10AB700055F8240F20B3284601F000FA0146002CB6
:10AB80004FF001003FF45DAF00291CBF01202060A1
:10AB900088F3118801B0BDE8F08F00BF2846FEF7AA
:10ABA00063F80146002C4FF001003FF44AAF002942
:10ABB0001CBF0120206088F3118801B0BDE8F08F30
:10ABC000012088F3118801B0BDE8F08F2DE9F04134
:10ABD00060B10546006C98B14FF0500080F31188C9
:10ABE000BFF36F8FBFF34F8FFEE700BF4FF05000F2
:10ABF00080F31188BFF36F8FBFF34F8FFEE700BF65
:10AC000028680C4660B3FEF737FFEFF311884FF06A
:10AC1000500080F31188BFF36F8FBFF34F8FA86B85
:10AC2000E96B884216D295F945600130F7B2FF2FE3
:10AC3000A86323D0FEF7E2FDB04231D97F2F35D192
:10AC40004FF0500080F31188BFF36F8FBFF34F8F29
:10AC5000FEE700BF002088F31188BDE8F08100BF47
:10AC6000A8680028CFD04FF0500080F31188BFF3C0
:10AC70006F8FBFF34F8F00BFFEE700BFA86CD8B146
:10AC80002846FDF7F1FF0146002C4FF0010018BFE8
:10AC900000291ED00120206088F31188BDE8F081D2
:10ACA000012088F31188BDE8F08100BF781C85F889
:10ACB000450001200DE000BF55F8240F70B1284673
:10ACC00001F05CF90146002C4FF0010018BF00298B
:10ACD0000AD188F31188BDE8F08100BF012088F314
:10ACE0001188BDE8F08100BF0120206088F3118841
:10ACF000BDE8F0812DE9F04F83B0029290B1164685
:10AD00000D460446002947D000F098FFA0B99EB137
:10AD10004FF0500080F31188BFF36F8FBFF34F8F58
:10AD2000FEE700BF4FF0500080F31188BFF36F8F34
:10AD3000BFF34F8FFEE700BFFEF7DCFDD4F838A06D
:10AD4000BAF1000F36D0226C52B1D4E9023081182A
:10AD5000E160994224BF2168E1602846F5F794FC40
:10AD6000AAF10100A06354F8100F70B1204601F061
:10AD700005F950B14EF60450CEF200004FF080516C
:10AD80000160BFF34F8FBFF36F8F0124FEF7D6FD35
:10AD9000204603B0BDE8F08F206C0028B4D04FF0FF
:10ADA000500080F31188BFF36F8FBFF34F8F00BF48
:10ADB000FEE700BF04F1240801206F464FF00009B0
:10ADC0000DF1080B2EE000BFFEF7B8FDFFF722FBE8
:10ADD000FEF790FD94F84400FF2808BF84F84490E3
:10ADE00094F84500FF2808BF84F84590FEF7A6FDBB
:10ADF0003846594600F0CAFBE0B12046FEF772F92A
:10AE000001F030F9FEF776FDA66BFEF797FD002EF8
:10AE10003CD0FEF76FFDD4F838A00020BAF1000F47
:10AE20007FF491AF029949B3C007CDD03846FFF700
:10AE30004BF8C9E7FEF75EFDA66BFEF77FFD2EB16E
:10AE40002046FEF74FF901F00DF9E2E7029940467E
:10AE5000FFF74CF82046FEF745F901F003F900280A
:10AE6000D7D14EF60450CEF200004FF08051016071
:10AE7000BFF34F8FBFF36F8FCBE700BF0024FEF708
:10AE80005DFD204603B0BDE8F08F00BF00242046E2
:10AE900003B0BDE8F08F00002DE9F04F83B00291C0
:10AEA00060B10446006C98B14FF0500080F31188F7
:10AEB000BFF36F8FBFF34F8FFEE700BF4FF050001F
:10AEC00080F31188BFF36F8FBFF34F8FFEE700BF92
:10AED0000D4600F0B3FE58B955B14FF0500080F365
:10AEE0001188BFF36F8FBFF34F8F00BFFEE700BF26
:10AEF000FEF700FDA16BD9B1481EA063206810B910
:10AF0000FEF7B2FAA06054F8100F70B1204601F0BD
:10AF100035F850B14EF60450CEF200004FF080519B
:10AF20000160BFF34F8FBFF36F8F012485E000BF37
:10AF300004F124094FF0000B01206E4602AF4FF0E0
:10AF400000082AE0FEF7FAFCFFF764FAFEF7D2FCED
:10AF500094F84400FF2808BF84F844B094F84500F2
:10AF6000FF2808BF84F845B0FEF7E8FC30463946B4
:10AF700000F00CFBD0B12046FEF7B4F801F072F8F7
:10AF8000FEF7B8FCA56BFEF7D9FC002D40D0FEF70C
:10AF9000B1FCA16B00200029AED1029900294BD051
:10AFA000C007CFD03046FEF78FFFCBE7FEF7A2FCFD
:10AFB000D4F838A0FEF7C2FCBAF1000F06D0204644
:10AFC000FEF790F801F04EF8E1E700BF206838B9CD
:10AFD000FEF790FCA06800F06FFF8046FEF7AEFC25
:10AFE00002994846FEF782FF2046FEF77BF801F003
:10AFF00039F80028CBD14EF60450CEF200004FF0C5
:10B0000080510160BFF34F8FBFF36F8FBFE700BF69
:10B01000B8F1000F0AD0FEF76DFCD9F8000038B186
:10B02000206B0068C0F1070103E000BF002406E0C8
:10B030000021A068FEF7D4FF0024FEF77FFC204625
:10B0400003B0BDE8F08F00002DE9F04182B07BB184
:10B05000089FBFB10C46064681421DD94FF05000F3
:10B0600080F31188BFF36F8FBFF34F8FFEE700BFF0
:10B070004FF0500080F31188BFF36F8FBFF34F8FF5
:10B08000FEE700BF4FF0500080F31188BFF36F8FD1
:10B09000BFF34F8FFEE700BF042E09D84FF05000DA
:10B0A00080F31188BFF36F8FBFF34F8FFEE700BFB0
:10B0B00024200190019824281CD14FF00308002A75
:10B0C000184631464FF055021D4608BF4FF00208A2
:10B0D000002C08BF0124F5F783F938462421F5F741
:10B0E00018FBBD61C7E90264384687F81C8002B0CE
:10B0F000BDE8F0814FF0500080F31188BFF36F8FEF
:10B10000BFF34F8FFEE700002DE9F04F83B0D9B1B8
:10B11000044618B3207F0D4604211F46904601EADD
:10B1200080092BB3FEF7E6FB6068A168226808443B
:10B13000801A461A38BF06464E4525D9FEF7FEFB53
:10B140004E4540F29F8048E04FF0500080F3118858
:10B15000BFF36F8FBFF34F8FFEE700BF4FF050007C
:10B1600080F31188BFF36F8FBFF34F8FFEE700BFEF
:10B170006068A16822680844801A461A38BF0646EB
:10B180004E4540F27F8028E000200021002600F09C
:10B19000DBFC206950B14FF0500080F31188BFF301
:10B1A0006F8FBFF34F8F00BFFEE700BF00F040FD81
:10B1B0002061FEF7C3FB002000210022002300973E
:10B1C00000F0E4FC2661A068616822680144891AE5
:10B1D0000E1A38BF0E464E4554D9D4F800B0207F21
:10B1E000C00735D0D4F808A0AAEB0B094F46B9F137
:10B1F000040F28BF042707EB0B0050450AD94FF076
:10B20000500080F31188BFF36F8FBFF34F8F00BFE3
:10B21000FEE700BFA0693A46019000EB0B0102A8CF
:10B22000F5F732FAB9F1030F06D802A801993844AC
:10B23000C7F10402F5F728FA0BF10400B0EB0A0B92
:10B2400038BF83460298043E404588BF00208046B0
:10B25000B04538BF4646AEB1A0683746A0EB0B08F4
:10B26000B04538BF474607EB0B01814210D94FF07C
:10B27000500080F31188BFF36F8FBFF34F8F00BF73
:10B28000FEE700BF0026304603B0BDE8F08F00BFE8
:10B29000A0693A4600EB0B012846F5F7F5F9B045F1
:10B2A00004D2A169E819F21BF5F7EEF9A0680BEBDF
:10B2B0000601081A38BF08462060FFF7ABF860693E
:10B2C00040B160690025002100220023009500F0B4
:10B2D000B1FA656100F0C6FE304603B0BDE8F08FFC
:10B2E0002DE9F04F85B0002904935DD00446002875
:10B2F00064D08B46217FA068C9079246A0F1010166
:10B3000066D1514528BF51460D46002B00F07A808A
:10B310000DF108094846FEF725FF0DF1100800BFA2
:10B32000FEF7E8FAA06800BF236821686268276812
:10B33000BB4211D02368216862682768BB420BD0EA
:10B340002368216862682768BB4205D023682168AA
:10B3500062682768BB42E7D10144D24311440F1A07
:10B3600038BF0F46AF4249D20020002100F0ECFB6D
:10B370006069002840F08C8000F05AFC6061FEF7A4
:10B38000DDFA049E0020002100220023009600F038
:10B39000FDFB002060614846414600F0F7F80028B8
:10B3A000BED0002F4CD12CE04FF0500080F311881C
:10B3B000BFF36F8FBFF34F8FFEE700BF4FF050001A
:10B3C00080F31188BFF36F8FBFF34F8FFEE700BF8D
:10B3D0001AF1040F0AD34FF0500080F31188BFF325
:10B3E0006F8FBFF34F8F00BFFEE700BF0AF1040568
:10B3F0008D427FF68AAF0021049103E0FEF79EFAAA
:10B40000F7B9A0682368216862682768BB4211D039
:10B410002368216862682768BB420BD023682168D3
:10B4200062682768BB4205D0236821686268276884
:10B43000BB42E7D10144D24311440F1A38BF0F4633
:10B440002046594652463B460095FDF78FFE05467D
:10B45000C8B16068D4E9021223680844C01A411ACE
:10B4600038BF014691420ED3FEF7D4FF206940B1A8
:10B4700020690026002100220023009600F0DAF95E
:10B48000266100F0EFFD284605B0BDE8F08F00BF53
:10B490004FF0500080F31188BFF36F8FBFF34F8FD1
:10B4A000FEE700002DE9F04182B000295AD00546A0
:10B4B000002861D098462B7FA86803F0010C00BFDC
:10B4C0002F682E686C682B689F4211D02B682E68FD
:10B4D0006C682F68BB420BD02B682E686C682F6895
:10B4E000BB4205D02B682E686C682F68BB42E7D141
:10B4F0003318E643BCF1000F17461E4418BF04374B
:10B50000331A284638BF33460097FDF72FFE06460C
:10B5100018B36868D5E902122B680844C01A411AAA
:10B5200038BF0146914218D3EFF311844FF0500019
:10B5300080F31188BFF36F8FBFF34F8F286950B12D
:10B54000286900270021002200230097CDF80480FD
:10B5500000F02AFA2F6184F31188304602B0BDE86A
:10B56000F08100BF4FF0500080F31188BFF36F8F60
:10B57000BFF34F8FFEE700BF4FF0500080F31188FC
:10B58000BFF36F8FBFF34F8FFEE70000B0B5E8B198
:10B590000D4629B30446FEF7ADF948F2F00CC1F6AA
:10B5A000FF7CDCF8182029684B1C23D0D4E9000E5E
:10B5B000DCF83430834223D0724521D30020286048
:10B5C0000124FEF7BBF92046B0BD00BF4FF050008C
:10B5D00080F31188BFF36F8FBFF34F8FFEE700BF7B
:10B5E0004FF0500080F31188BFF36F8FBFF34F8F80
:10B5F000FEE700BF0024FEF7A1F92046B0BD00BF62
:10B60000A2EB0E0291420DD9881A2860DCF83400B2
:10B610002060DCF8180060600024FEF78FF92046F7
:10B62000B0BD00BF002001242860FEF787F9204646
:10B63000B0BD00002DE9F04F83B00746900098465A
:10B6400015468946FDF72CFEF8B106466420FDF745
:10B6500027FEB8B1DDE90CBA64210446F5F759F8C4
:10B66000384649462A4643462663CDE900BA029445
:10B67000FDF764FA2046FDF789F9012003B0BDE823
:10B68000F08F00BF3046FEF771F94FF0FF3003B086
:10B69000BDE8F08F2DE9F04786B00F9E66B3DDF868
:10B6A0004090B9F1000F31D0044664200490049812
:10B6B000642835D104980F46DDF838A04846642147
:10B6C00098461546F5F725F8022089F8610005A887
:10B6D000C9F83060CDE900A0204639462A464346E5
:10B6E000CDF80890FDF72AFA4846FDF74FF905987E
:10B6F00006B0BDE8F08700BF4FF0500080F311881E
:10B70000BFF36F8FBFF34F8FFEE700BF4FF05000C6
:10B7100080F31188BFF36F8FBFF34F8FFEE700BF39
:10B720004FF0500080F31188BFF36F8FBFF34F8F3E
:10B73000FEE70000F0B581B080B1C9B148F2F00574
:10B74000C1F6FF756A69EAB14FF0500080F31188C5
:10B75000BFF36F8FBFF34F8FFEE700BF4FF0500076
:10B7600080F31188BFF36F8FBFF34F8FFEE700BFE9
:10B770004FF0500080F31188BFF36F8FBFF34F8FEE
:10B78000FEE700BF6A6901326A61AA690368194469
:10B790009A42016006D299424FF0000435D291429C
:10B7A00006D832E0994203D3914201D800242CE01C
:10B7B00048F66474C1F6FF74AE6920688F1A0430CD
:10B7C000FEF70AF850B12068F619466013D3286ACC
:10B7D00021680431FEF744F816E000BF206801211B
:10B7E000C06A2A6801FA00F022EA00002860206896
:10B7F000F6194660EBD2E86921680431FEF730F8AB
:10B80000E86A864238BFEE62012400F02BFC18B1D2
:10B81000204601B0F0BD00BF4EF60450CEF200004D
:10B820004FF080510160BFF34F8FBFF36F8F204601
:10B8300001B0F0BDF0B581B051B14FF0500080F3D0
:10B840001188BFF36F8FBFF34F8F00BFFEE700BFBC
:10B850000446E8B1069F1E461546FEF74BF8002F3A
:10B860001CBFE06D386094F860000221042E84F85B
:10B87000601017D8DFE806F02D04262C6C0000BFFE
:10B88000E16D2943E165012840F0878023E000BF96
:10B890004FF0500080F31188BFF36F8FBFF34F8FCD
:10B8A000FEE700BF48F2F001C1F6FF71896981B17E
:10B8B0004FF0500080F31188BFF36F8FBFF34F8FAD
:10B8C000FEE700BFE16D0131E165012865D102E0CD
:10B8D000E565012861D1D4E9023261699A604F6857
:10B8E000E268201D8742536008BF4A600A6848F238
:10B8F000F007013A0A60D4E90AC1C1F6FF770123D3
:10B900003E688B4033433B6048F6687701EB810328
:10B91000C1F6FF7707EB830675686661AA68A560C4
:10B92000E260AA68A860506057F82300BCF1000FDD
:10B9300000F1010047F8230012D04FF0500080F3CF
:10B940001188BFF36F8FBFF34F8F00BFFEE700BFBB
:10B9500002281FD10024FDF7F1FF204601B0F0BD01
:10B9600048F66470C1F6FF700068C06A814214D95D
:10B970004EF60450CEF200004FF080510160BFF34C
:10B980004F8F0124BFF36F8FFDF7D8FF204601B022
:10B99000F0BD00BFE56501289DD00124FDF7CEFF75
:10B9A000204601B0F0BD0000F0B581B050B199B1B2
:10B9B0004FF0500080F31188BFF36F8FBFF34F8FAC
:10B9C000FEE700BF4FF0500080F31188BFF36F8F88
:10B9D000BFF34F8FFEE700BF069F1E461546044685
:10B9E000FEF74AF8EFF311814FF0500080F3118811
:10B9F000BFF36F8FBFF34F8F002F1CBFE06D386018
:10BA000094F860000222042E84F8602008D8DFE851
:10BA100006F01E03171D2D00E26D2A4312E000BF41
:10BA200048F2F002C1F6FF72926982B14FF0500005
:10BA300080F31188BFF36F8FBFF34F8FFEE700BF16
:10BA4000E26D0132E265012833D102E0E5650128AB
:10BA50002FD1A06A90B14FF0500080F31188BFF34E
:10BA60006F8FBFF34F8F00BFFEE700BF02281DD1CD
:10BA7000002081F3118801B0F0BD00BF48F2F00C46
:10BA8000C1F6FF7CDCF81400C0B1604650F8682FA6
:10BA900004F11806436801329F68E36127629F68DA
:10BAA0009E607E60A0620260E36A32E0E565012884
:10BAB000CFD0012081F3118801B0F0BDD4E9026735
:10BAC0006369B7605D68E768201D85427E6008BFD6
:10BAD0005F601F6848F6687E013F1F60E36A0127C8
:10BAE000DCF800609F403743CCF8007003EB83071D
:10BAF000C1F6FF7E0EEB87056A6865619668A260F5
:10BB0000E6609668906070605EF8270001304EF83D
:10BB1000270048F66470C1F6FF700068C06A83426F
:10BB20000CD9079800281CBF012202600120CCF824
:10BB3000240081F3118801B0F0BD00BF012081F322
:10BB4000118801B0F0BD0000B0B549B14FF0500010
:10BB500080F31188BFF36F8FBFF34F8FFEE700BFF5
:10BB6000044620B948F66470C1F6FF700468FDF71A
:10BB7000C1FE94F860000025022804BF84F86050DC
:10BB80000125FDF7DBFE2846B0BD0000F0B581B011
:10BB900050B14FF0500080F31188BFF36F8FBFF3A7
:10BBA0004F8F00BFFEE700BF1D4614460E46FDF74F
:10BBB000A1FE48F66477C1F6FF77386890F8600018
:10BBC000022819D039680698CA6D22EA0602CA65A9
:10BBD00039684FF0010281F8602068B10121FCF75B
:10BBE00083FE4EF60450CEF200004FF0805101600B
:10BBF000BFF34F8FBFF36F8FFDF7A0FEFDF77AFE07
:10BC000015B13868C06D28603868002590F860105C
:10BC10000020022904D139680125CA6DA243CA65F2
:10BC2000396881F86000FDF789FE284601B0F0BD53
:10BC300048F66470C1F6FF700068704748F2F00083
:10BC4000C1F6FF70016900290FBF01204069B0FAF9
:10BC500080F0400918BF40007047000048F2F00033
:10BC6000C1F6FF70806970472DE9F04F48F2F00B84
:10BC7000C1F6FF7BDBF8140040B1DBF83000013087
:10BC8000CBF830000020BDE8F08F00BFDBF81800D3
:10BC900010F1010ACBF818A028D3DBF81C000068CB
:10BCA00050B14FF0500080F31188BFF36F8FBFF396
:10BCB0004F8F00BFFEE700BFDBF81C00DBF8203031
:10BCC000CBF81C30CBF82000DBF834000130CBF887
:10BCD0003400DBF81C00006820B1DBF81C00C068F1
:10BCE000006801E04FF0FF30CBF82C00DBF82C00AF
:10BCF00048F6647C48F668798245C1F6FF7CC1F657
:10BD0000FF7901D2002061E0DBF81C004FF0000E4B
:10BD10000068002852D04FF00108002023E000BF47
:10BD2000E96ADBF8002008FA01F31A43CBF8002097
:10BD300001EB810209EB82035C686B61A768AC6070
:10BD4000EF60A768A6607E6059F82230013349F899
:10BD50002230DCF80020D26ADBF81C30914288BF28
:10BD60000120196871B3DBF81C40E468E5682E46D1
:10BD700056F8047FBA4527D3D5E902346F699C6031
:10BD80007A68EC68B242636008BF7C603A68013A46
:10BD90003A60AF6A002FC3D0D5E9072305F1180137
:10BDA00093607B682C6A8B42626008BF7C60C5F838
:10BDB00028E0396801393960B2E700BF4FF0FF373A
:10BDC000002001E04FF0FF37CBF82C70DCF80010BA
:10BDD000C96A01EB810159F82110012988BF0120AE
:10BDE000DBF82410002918BF0120BDE8F08F000007
:10BDF00070B588B1044648F66470C1F6FF700068FB
:10BE0000A0420BD04FF0500080F31188BFF36F8F2A
:10BE1000BFF34F8FFEE700BF002070BD606D0028AC
:10BE200040D0411EE06A226D616590424FF00000F3
:10BE300037D0002918BF70BD261D3046FDF7CCFC59
:10BE400048F2F00CC1F6FF7C48B9E06A0122DCF848
:10BE5000003002FA00F023EA0000CCF80000226D66
:10BE6000C2F10700E262A0610120DCF8003000FAB4
:10BE700002F11943CCF8001048F6687C02EB82010D
:10BE8000C1F6FF7C0CEB81035A6863619568A26080
:10BE9000E560956896606E605CF8212001324CF890
:10BEA000212070BD4FF0500080F31188BFF36F8FD9
:10BEB000BFF34F8FFEE70000F0B581B010B348F636
:10BEC0006476C1F6FF760446C06A3168C96A884262
:10BED0001CD2A169002904D43168C96AC1F10701E3
:10BEE000A16148F66877616900EB8000C1F6FF77D1
:10BEF00007EB8000814213D03068C06AE062012005
:10BF000001B0F0BD002001B0F0BD00BF216D306870
:10BF1000C26A0020914238BF012001B0F0BD00BFCD
:10BF2000251D2846FDF758FC48F2F001C1F6FF71C7
:10BF300038B9E06A01220B6802FA00F023EA000037
:10BF400008603068C26A0120E2620B6800FA02F6FB
:10BF500033430B6002EB820107EB8102536862619D
:10BF60009E68A360E6609E689D60756057F821201A
:10BF7000013247F8212001B0F0BD000070B5C06863
:10BF8000C06848B3D0E90723816A9360036AD1F897
:10BF900004C000F1180E5A600022F44508BF4B603F
:10BFA00082620A6848F2F00C013A0A60C1F6FF7C2E
:10BFB000DCF81410D1B1614651F8682F4B6801329A
:10BFC0009C68C36104629C68C3F808E0C4F804E09C
:10BFD00081620A60C36A37E04FF0500080F3118835
:10BFE000BFF36F8FBFF34F8FFEE700BFD0E9022191
:10BFF000436991605C68C16800F1040E74454A6051
:10C0000008BF5960196801391960C36A0121DCF859
:10C0100000209940114348F66872CCF8001003EBF9
:10C020008301C1F6FF7202EB810465684461AE686A
:10C030008560C660AE68C5F808E0C6F804E052F84E
:10C040002100013042F8210048F66470C1F6FF700B
:10C050000068C06A834292BF00200120CCF824000F
:10C0600070BD00002DE9F04381B048F2F004C1F644
:10C07000FF74606970B1FDF73DFC60690138606173
:10C08000606988B10024FDF759FC204601B0BDE885
:10C09000F08300BF4FF0500080F31188BFF36F8F23
:10C0A000BFF34F8FFEE700BFE0680028EAD0A06E24
:10C0B000002858D048F6687948F6647E4FF0000CA6
:10C0C0004FF00108C1F6FF79C1F6FF7E606FC068CE
:10C0D000D0E90775836ABD605968056A00F11806E2
:10C0E000B1426F6008BF5D60C0F828C019680139AF
:10C0F0001960D0E9021645698E606F68C668031D35
:10C100009F42716008BF6E60296801392960C16A69
:10C11000256808FA01F63543256001EB810509EB36
:10C12000850677684661BA688760C260BA68BB6096
:10C13000536059F82500013049F82500DEF8000069
:10C14000C06A814228BFC4F82480A06E0028BDD1F7
:10C15000E069006820B1E069C068006802E000BFE3
:10C160004FF0FF30E062256B4DB10126FFF77CFDFB
:10C17000002818BF6662013DF8D100202063606A84
:10C1800000283FF47FAF4EF60450CEF200004FF08F
:10C1900080510160BFF34F8F0124BFF36F8FFDF714
:10C1A000CDFB204601B0BDE8F083000070B586B03D
:10C1B000FDF7A0FB48F26C16C1F6FF76306808BBAD
:10C1C00006F114042046FDF73BFB06F1280528463E
:10C1D000FDF736FB48F6C06248F61073C6E9024523
:10C1E0000025C1F6FF72C1F6FF73052010210095EE
:10C1F000FEF766FA306028B14CF21871C0F2000107
:10C20000FDF76AFCFDF79AFB3068D8B10020CDE954
:10C21000040005A804A903AAFDF704FBDDE9032037
:10C220000621059DCDE9001048F6B550C0F200008A
:10C2300009A100230295FFF72DFA706010B10120CB
:10C2400006B070BD4FF0500080F31188BFF36F8FC0
:10C25000BFF34F8FFEE700BF546D7220537663002B
:10C2600021F0004201F00043A2F16052B2F5801FBC
:10C2700028BFD2F17F6C0BD95FEA001C43EAC202EF
:10C2800042EB507018BF704728BF20F00100704784
:10C29000B2F5801FBCBF184670474FEA410C1CF531
:10C2A000001F02D2084600F021BA70B500F0BDF9B7
:10C2B00000000089FFF7F6BF4FF00040A0F58000B6
:10C2C000704700002DE9C04130B4DFF8A4C23CEA59
:10C2D000111418BF3CEA131400F0ED801CEA11148D
:10C2E00081EA030544EAD57418BF1CEA131500F06F
:10C2F000C880A4EB050404F17F7404F500344FF00A
:10C30000004545EAC12145EAC32341EA505143EAC9
:10C3100052534FEAC0204FEAC222994208BF9042CE
:10C3200000F09D804FEA13650FF24416765D4FEAE8
:10C33000134506FB05F7C7F1807706FB07F74FEAC1
:10C34000D737A7FB03687642A7FB06CEC8F580382F
:10C3500038BFA8F1010807FB08E6A6FB028C4FF0E6
:10C36000000EE6FB03CEDCF1000CCEF1004E38BF30
:10C37000AEF1010EA6FB0C584FF00007E6FB0E874E
:10C38000A1FB08C6A0FB07CE16EB0E064FF000057A
:10C3900045F10005E1FB076515F1E04E7EBFA4F510
:10C3A00080345FEA46066D4116F1800745F10005CD
:10C3B0004FEA172747EA05674FEA15254FEA066651
:10C3C000A6F1DE46B6F1805F20D9384605EBC47190
:10C3D00024F0010C01EB0C11BCF1FE6F02D8F0BC93
:10C3E000BDE8008124425CBF01F5801E9EEAC47F47
:10C3F00002D4F0BCBDE80081244200F13980A1F1F3
:10C40000C041F0BCBDE8004100F05DB94FEAD0206A
:10C4100040EA41504FEAD1214FEAD22242EA435248
:10C420004FEAD323A7FB028607FB036605FB0266E0
:10C430001EEA0E0F58BFA6EB0056B6EB00564FEAA9
:10C44000520E4EEAC37E18EB0E0E56EB530EBCD5C1
:10C4500018EB02085E417F1C55F10005B5E74FF46B
:10C4600080154FF000074FF000064FF00008ACE7D2
:10C4700001F1C04101F000414FF00000F0BCBDE807
:10C4800000810CEA131511EA0C1F00D00CE013EA2E
:10C490000C1F00F026804FF0000081EA030101F03C
:10C4A0000041F0BCBDE80081F0BCBDE8004181EA7C
:10C4B000030100F008B9F0BCBDE8004170B500F020
:10C4C000B4F800BF097EFC3E00F007B84FF0000052
:10C4D00081EA030101F00041704781EA030100F0A5
:10C4E000F2B8F0BCBDE8004122494FF000007047AF
:10C4F000FFFDFBF9F7F5F4F2F0EEEDEBE9E8E6E429
:10C50000E3E1E0DEDDDBDAD8D7D5D4D3D1D0CFCDAF
:10C51000CCCBCAC8C7C6C5C4C2C1C0BFBEBDBCBBE8
:10C52000BAB9B8B7B6B5B4B3B2B1B0AFAEADACABE3
:10C53000AAA9A8A8A7A6A5A4A3A3A2A1A09F9F9EBD
:10C540009D9C9C9B9A99999897979695959493936F
:10C55000929191908F8F8E8E8D8C8C8B8B8A898906
:10C560008888878786858584848383828281818089
:10C570000000FF070000F87FB0FA80F310FA03F123
:10C580000AD0C3F11D0303F580634FEA03524FEA5B
:10C59000415002EBD12170474FF00000704700007E
:10C5A000B1FA81F30B3B20D3994010D1B0FA80F35C
:10C5B00010FA03F108BF7047C3F11D0303F5806350
:10C5C0004FEAD1224FEA415002EB03517047C3F1C9
:10C5D000200C20FA0CFC41EA0C019840C3F1320314
:10C5E00003F5806301EB03517047C3F1320C0CF586
:10C5F000806210B5C3F10004C4F1200E01FA0EFCF4
:10C6000021FA04F100FA0EF3E04040EA0C00BDE824
:10C61000104001EB025138BF7047401C41F100014E
:10C620005B0008BF20F0010070470EF1020E2EF0F3
:10C63000030E5EF8046B364205D4012A43EB030572
:10C6400015F5001F12D8012841EB010C1CF5001F45
:10C650000CD80ED14FEAD17C0CEB4C0C0CF1020C37
:10C6600015F5001F08BF4CEBD37C04E04FF0080C1D
:10C6700001E04FEAD37C0CEB4C0526FA05F606F0F8
:10C680000706B6F1040C06D20EEB860CBDE870402E
:10C690004CF0010C6047DFE80CF0090B02024FF090
:10C6A0000041A1F500214FF0000070BD1946104671
:10C6B000012851EB010418BFD4F5001484BF0020F9
:10C6C00001F0004170BD0808A0F500114FEA3101EA
:10C6D0007047F1EE100A4FF6FF71C0F2C03120EA48
:10C6E000010040F04070E1EE100A7047FF2141EA7E
:10C6F000D050C0057047000025750000FD95000072
:10C700000301080402010F00200040005D008000CA
:10C71000BA00000174010002546D725100443A2FB6
:10C720004D43555F576F726B73706163652F48435C
:10C7300033325F50726F6A656374732F48433332CC
:10C74000463436305F50726F6A656374732F52617E
:10C75000646F6E5F4D6F6E69746F722F447269768D
:10C760006572732F48433332463436305F44726902
:10C770007665722F736F757263652F686333325FEE
:10C780006C6C5F616F732E6300443A2F4D43555FAD
:10C79000576F726B73706163652F484333325F501C
:10C7A000726F6A656374732F484333324634363090
:10C7B0005F50726F6A656374732F5261646F6E5F4E
:10C7C0004D6F6E69746F722F447269766572732F44
:10C7D00048433332463436305F4472697665722F8F
:10C7E000736F757263652F686333325F6C6C5F6360
:10C7F0006C6B2E6300443A2F4D43555F576F726B3D
:10C8000073706163652F484333325F50726F6A659E
:10C810006374732F48433332463436305F50726F3F
:10C820006A656374732F5261646F6E5F4D6F6E69DA
:10C83000746F722F447269766572732F4843333276
:10C84000463436305F4472697665722F736F757245
:10C8500063652F686333325F6C6C5F646D612E6358
:10C8600000443A2F4D43555F576F726B737061638D
:10C87000652F484333325F50726F6A656374732F5C
:10C8800048433332463436305F50726F6A656374A2
:10C89000732F5261646F6E5F4D6F6E69746F722F8C
:10C8A000447269766572732F4843333246343630AA
:10C8B0005F4472697665722F736F757263652F6856
:10C8C0006333325F6C6C5F65666D2E6300443A2F94
:10C8D0004D43555F576F726B73706163652F4843AB
:10C8E00033325F50726F6A656374732F484333321B
:10C8F000463436305F50726F6A656374732F5261CD
:10C90000646F6E5F4D6F6E69746F722F44726976DB
:10C910006572732F48433332463436305F44726950
:10C920007665722F736F757263652F686333325F3C
:10C930006C6C5F6663672E6300443A2F4D43555F0E
:10C94000576F726B73706163652F484333325F506A
:10C95000726F6A656374732F4843333246343630DE
:10C960005F50726F6A656374732F5261646F6E5F9C
:10C970004D6F6E69746F722F447269766572732F92
:10C9800048433332463436305F4472697665722FDD
:10C99000736F757263652F686333325F6C6C5F67AA
:10C9A00070696F2E6300443A2F4D43555F576F7285
:10C9B0006B73706163652F484333325F50726F6AE7
:10C9C000656374732F48433332463436305F507298
:10C9D0006F6A656374732F5261646F6E5F4D6F6E23
:10C9E00069746F722F447269766572732F4843338E
:10C9F00032463436305F4472697665722F736F75D4
:10CA00007263652F686333325F6C6C5F696E746547
:10CA10007272757074732E6300443A2F4D43555FE4
:10CA2000576F726B73706163652F484333325F5089
:10CA3000726F6A656374732F4843333246343630FD
:10CA40005F50726F6A656374732F5261646F6E5FBB
:10CA50004D6F6E69746F722F447269766572732FB1
:10CA600048433332463436305F4472697665722FFC
:10CA7000736F757263652F686333325F6C6C5F70C0
:10CA800077632E6300443A2F4D43555F576F726BA7
:10CA900073706163652F484333325F50726F6A650C
:10CAA0006374732F48433332463436305F50726FAD
:10CAB0006A656374732F5261646F6E5F4D6F6E6948
:10CAC000746F722F447269766572732F48433332E4
:10CAD000463436305F4472697665722F736F7572B3
:10CAE00063652F686333325F6C6C5F746D72302ED8
:10CAF0006300443A2F4D43555F576F726B737061FB
:10CB000063652F484333325F50726F6A6563747395
:10CB10002F48433332463436305F50726F6A656354
:10CB200074732F5261646F6E5F4D6F6E69746F72B4
:10CB30002F447269766572732F4843333246343618
:10CB4000305F4472697665722F736F757263652FFB
:10CB5000686333325F6C6C5F746D72612E63004486
:10CB60003A2F4D43555F576F726B73706163652F3A
:10CB7000484333325F50726F6A656374732F484362
:10CB80003332463436305F50726F6A656374732F88
:10CB90005261646F6E5F4D6F6E69746F722F447275
:10CBA00069766572732F48433332463436305F44BA
:10CBB00072697665722F736F757263652F68633360
:10CBC000325F6C6C5F75736172742E6300000000DD
:10CBD00006000000F8CB00000880FF1F5000000096
:10CBE000BC02000048CC00005880FF1FE89C0000F9
:10CBF000D802000045A7FFFFFF000000FF00000073
:10CC0000C1030000097500000001000000000000E1
:10CC10000000000000000000000000000000000014
:10CC20000000000000000000000000000000000004
:10CC300000000000000000000000000000000000F4
:08CC400000000000AAAAAAAA44
:040000050000028174
:00000001FF
